"day","Chinese_Translation"
"1","聖經是一個完整連貫的故事，最終會把我們帶到耶穌面前。今天，我們要一起走進這個故事神祕、被深水覆蓋的開頭。《創世記》1 到 3 章，為整本聖經的宏大故事搭好了舞台。這幾章讓我們看見上帝創造的心意，也看到當人類決定聽信欺騙者、不信靠造物主時，帶來了什麼樣的後果；同時，還讓我們看見上帝要如何拯救並恢復這個世界的計畫。我們今天讀到的故事，也帶出了幾個重要的模式，這些模式會在《創世記》以及接下來的聖經故事中不斷出現。

在今天的分享中，我們會看到在《創世記》1 章，上帝如何把空虛混沌與黑暗，轉變為一個井然有序、充滿生機的宇宙。我們也會看到，上帝如何按著他自己的形像造人，好讓人反映出他美好的本性，並且作為他的代表，來管理這個受造的世界。

上帝給了人類所需的一切，來完成這個呼召。上帝把人安置在一個青翠茂盛的園子裡，那裡有豐富的食物，有上帝親自與他們同在，那是一個天與地交會的地方。上帝也給了人類選擇的尊嚴，這用兩棵果樹來代表。人類可以選擇信靠上帝的智慧，吃生命樹的果子；或者，他們也可以吃分別善惡樹的果子。這第二棵樹代表的是，人類想要自己掌權，自己決定什麼是善、什麼是惡，而這個選擇最終會帶來死亡。

很遺憾，一個仇敵在園子裡欺騙了人類。他們決定用自己的方式奪取智慧，結果造成了毀滅性的後果。人與上帝、人與人，以及人與土地的關係全都破裂了。但上帝應許，人類的選擇和這些後果，並不是故事的結局。在接下來的這一年裡，我們要一起踏上這趟旅程，看上帝如何展開他的救援行動，來拯救人類，並且永遠粉碎邪惡。

反思問題

1. 從上帝的創造，以及他對按著他形像受造的人類所給的吩咐中，你認識到上帝是一位怎麼樣的上帝？

2. 你能不能想到一個經驗，一開始你覺得某件事很好，後來卻發現其實很糟？結果發生了什麼事？是什麼幫助你看清了整件事的真相？"
"2","自從被趕到伊甸園東邊之後，人類就不斷往下墮落，陷入了可怕的惡性循環。在今天的影片中，請特別留意人類是如何一次又一次拒絕神美好的計畫，以及這帶來了多大的傷害。

隨著今天讀到的故事越來越沉重，你可能會發現某些字詞、句子、畫面、動作和場景，在不同的故事裡重複出現。聖經的作者們刻意使用這些文學上的重複，把它們當作通往聖經其他段落的「超連結」。

我們拿該隱的故事當作例子。就像他的父母當年站在伊甸園的果樹下一樣，該隱也面臨了一個關乎生死的選擇。神告訴該隱，罪就像一頭埋伏在門口的野獸想要吞噬他，但他必須要「制伏」牠。然而，該隱沒有聽從神的指示，反而照著自己眼中看為好的去做，而這個選擇最終帶來了死亡。該隱的決定和下場，簡直就是他父母悲劇的翻版：充滿掙扎、受到咒詛，並且被放逐，離開了神的面。

從那時起，死亡和欺壓的惡性循環變得越來越糟。到了創世記第六章，人類已經來到自我毀滅的邊緣。按著神形像受造的人類，本來應該要生養眾多，讓良善遍滿全地，而不是讓這世界充滿強暴和邪惡！

神的心十分憂傷，於是降下大洪水。那象徵混亂的黑暗大水再次淹沒世界，為了洗淨地上的罪惡。但是，神拒絕放棄人類。祂拯救了挪亞一家人，帶領他們平安穿過死亡的大水，在另一端展開全新的開始。

反思問題

1. 在創世記第三到十一章人類不斷墮落的過程中，你在哪裡看見神仍然施行憐憫？

2. 在創世記第一到三章與第四到七章之間，你看見了哪些「超連結」？這些重複出現的模式，如何幫助你理解這兩組故事？"
"3","今天，我們讀到了《創世記》第一大部分的尾聲，這部分的焦點在於上帝、創造以及全人類。你可以搭配影片，複習一下我們目前讀過的故事，並回顧人類是如何為了追求自己定義的善與惡，而選擇離棄了上帝的智慧。

今天的經文處處都能連回《創世記》1 章到 3 章。那場彷彿要把一切創造都抹除的洪水，會讓我們聯想到《創世記》1 章裡，那象徵著混亂與黑暗的大水。在起初的創造裡，上帝把水分開，露出旱地，讓各種生命可以蓬勃發展；但因為人類拒絕了上帝，我們又一步步退回到了那個死氣沉沉、空虛混沌的狀態之中。

洪水故事的結尾，是一個充滿希望、彷彿新創造的時刻，挪亞也被描繪得像是一位新的亞當。但令人遺憾的是，挪亞也和亞當一樣，拿了自己園子裡的果子，結果弄得赤身露體，充滿羞恥。這重複了先前的犯罪模式，也讓人類破碎的惡性循環繼續沉淪下去。接著，故事在巴別塔跌到了谷底，因為在希伯來文裡，巴別就是巴比倫的意思。人類的叛逆和驕傲一路延伸到了天上，所以上帝不得不把他們分散到世界各地。

當我們讀到《創世記》11 章結尾的時候，我們很自然會問自己：既然人類的心思意念都已經被罪污染，我們還有可能靠自己做對的事嗎？上帝還有沒有可能主動挽回我們，賜下恩典讓我們再次成為他順服的子民呢？聖經接下來的故事，將會為我們解答這個問題。

反思問題

1. 在《創世記》3 章裡，人類看見並且拿了那些他們自以為好的東西，但其實那並不好。在《創世記》1 章到 11 章當中，你還在哪裡看過這種犯罪模式重複出現呢？

2. 當你回顧《創世記》這幾個章節時，儘管人類不斷做出糟糕的選擇，甚至在叛逆中一路走向毀滅，但你在哪裡看見，上帝依然沒有放棄，並且積極地想要挽回人類呢？"
"4","在今天的經文裡，上帝應許要賜福給亞伯蘭，也就是後來的亞伯拉罕。上帝答應要給他土地、極大的名聲，還有一個多到數不清的大家族。不過你想想看，為什麼上帝要挑選這一個人，給他這麼多的福氣呢？

上帝賜福給亞伯蘭，其實有一個很關鍵的目的，就是為了讓他的家族，能夠成為地上萬族的祝福，這記載在《創世記》12章2到3節。這短短幾節經文，就像是《創世記》裡一扇大門的鉸鏈，連接了兩個很重要的故事區塊：前半段《創世記》1到11章，講的是上帝和整個世界的關係；而後半段12到50章，則是講述上帝如何透過亞伯蘭的家族，展開祂偉大的拯救計畫。

你可以特別注意一下，《創世記》12章1到9節，和11章1到9節有一個很有意思的對比。在巴比倫那裡，人們蓋了一座巴別塔，是為了傳揚「自己的名」；他們的出發點是驕傲，最後卻換來了災難。相反的，亞伯蘭為上帝築了一座祭壇，是為了求告「耶和華的名」；他的旅程是從順服開始，最後結出了滿滿祝福的果子。

當我們繼續往下讀的時候，還會遇見一位非常神秘的統治者，叫做麥基洗德。雖然聖經提到他的篇幅不長，但他可是聖經裡一位很重要的人物喔。他同時擁有君王和祭司的雙重身分，而且未來在新約的《希伯來書》裡面，他還會再次出現呢！

我們今天的影片，會解釋「君尊的祭司」在聖經故事裡扮演了多麼重要的角色。麥基洗德這個人物，其實是指向未來在耶路撒冷要出現的君尊祭司，更是指向全人類最終極的那位祭司君王，也就是我們的救主耶穌。

反思問題

1. 當你讀完剛開始這幾個關於亞伯蘭的故事時，你對他有什麼新的認識呢？他什麼時候選擇信靠神的智慧，又是什麼時候順從了自己的聰明？這兩種選擇，分別帶來了什麼樣的結果？

2. 請比較一下創世記14章18到20節，麥基洗德對亞伯蘭說的話，還有創世記12章1到3節，上帝對亞伯蘭說的話。你在這兩段話當中，看見了什麼樣的關聯呢？這個發現，又如何幫助你更深地明白麥基洗德的故事？"
"5","在今天的影片中，我們會注意到一個不斷出現的模式。雖然上帝揀選了亞伯蘭和他的家族，要藉著他們賜福給全世界，但他們卻因為害怕，做出了自私的決定。這些決定差點毀了他們自己的生活，但人類的軟弱絕不可能阻礙上帝拯救世界的完美計畫。上帝依然信實，最終還是拯救了他們，並且賜福給他們。

今天的故事就是一個很好的例子。上帝答應亞伯蘭和撒萊，也就是後來改名叫撒拉的妻子，會賜給他們一個孩子，而且會是撒拉親生的。但是，因為多年生不出孩子，他們的耐心被一點一滴磨光了，最後，他們不再相信上帝的應許。就像亞當和夏娃一樣，他們照著自己的意思，做了自己覺得對的事情。他們把埃及女僕夏甲帶過來，強迫她為亞伯蘭生下孩子，用這種方式傷害她。而在夏甲懷孕之後，他們又百般地苦待她。

儘管亞伯蘭對上帝缺乏信心，對待夏甲的方式也很糟糕，但上帝依然守信。上帝親自安慰並供應夏甲的需要，他也透過正式的立約，並且給亞伯蘭一個新名字亞伯拉罕，來再次向他保證自己的承諾。你會發現，即使我們這些不完美的人常常很難完全相信上帝，上帝卻永遠守信，絕不食言。

反思問題

1. 在今天的經文中，你看見上帝如何看顧埃及女僕夏甲呢？關於上帝對外人和弱勢者的關懷，這個故事告訴了我們什麼？

2. 請比較《創世記》15 章和 17 章裡，上帝對亞伯拉罕所說的話，以及上帝在《創世記》12 章 1 到 3 節最初對他所說的話。你注意到了哪些共同的主題呢？亞伯拉罕又是怎麼回應的呢？"
"6","我們今天的進度，接續著昨天故事裡那讓人心痛的哀號聲。在所多瑪和蛾摩拉這兩座城市裡，人們的敗壞和殘暴，已經達到了挪亞時代大洪水以來，最嚴重的地步。

你可以留意一下，這兩個故事有許多相似的地方：神都看見了世界上嚴重的敗壞（創世記6章11到12節）；人都渴望跨越天與地的界線，發生不討神喜悅的性關係（創世記6章1到5節）；神都為祂拯救的人預備了避難所，並且緊緊關上門，把外面的危險隔絕開來（創世記7章7節，以及13到16節）；最後，也都有一位父親雖然逃過了毀滅的災難，卻因為喝醉酒，被自己的孩子看見赤身露體的樣子而蒙受羞辱（創世記9章21到23節）。

這些奇妙的關聯，就像聖經裡的超連結一樣，把這兩個事件串連了起來。這讓我們看到，當神認為有必要的時候，祂那超越一切的公義審判是會再次降臨的。在後來的聖經書卷裡，作者們常常把「所多瑪和蛾摩拉」當作代名詞，用來形容上帝對人類極度罪惡所作出的嚴厲回應。

不過，就像大洪水過後，上帝的拯救計畫依然繼續一樣；這場審判的烈火過後，祂的計畫同樣沒有停止。神實現了祂漫長的應許，賜給亞伯拉罕和撒拉一個兒子。這是一個充滿喜悅，卻也帶著些許遺憾的時刻。以撒健康的出生，證明了上帝是信實的；但在希伯來文裡，「以撒」這個名字的意思是「笑」，這名字永遠提醒著這對父母，他們曾經因為不耐煩而對神失去了信心。此外，以撒的到來也重新點燃了撒拉對夏甲和以實瑪利的嫉妒，導致了惡毒的行為，讓家庭關係的裂痕變得更深。

這一切都讓故事的氣氛變得更加緊張：我們看到上帝始終保持信實，可是亞伯拉罕的信心卻依然搖擺不定。這樣的情況會一直持續下去嗎？還是上帝會出手改變這一切呢？

反思問題

1. 當你閱讀創世記19章羅得和他家人的故事時，回想一下你昨天讀到亞伯拉罕一家的故事。這兩個家庭在哪裡遇到了類似的問題？他們分別是如何回應的？最後的結果又是什麼呢？

2. 請比較創世記20章1到18節，以及21章22到34節，亞伯拉罕與亞比米勒的兩次相遇。亞伯拉罕在這兩個故事中的表現有什麼不同？結果又有什麼差異呢？"
"7","今天的經文一開始，我們看到了一個愛算計的人、一個破碎的家庭，還有對上帝計畫未來的種種疑問。上帝揀選了亞伯拉罕和他的家族，是為了拯救並賜福這個世界。可是，這個家族卻一直想用自己的方法來實現上帝的應許，結果不僅傷害了自己，也傷害了身邊的人。

儘管如此，上帝依然沒有放棄他們。他給了亞伯拉罕一個憑著信心來行動的機會，也就是吩咐他獻上自己心愛的兒子以撒。這是一個讓人震驚，甚至有點不安的考驗。不過，就像我們在今天的影片裡會學到的，出於良善上帝的考驗，其實是一個大好機會。

上帝賜給了亞伯拉罕真實的信心，讓他在這次考驗中沒有被恐懼打敗，反而展現出對上帝徹底的信靠。亞伯拉罕和他的後代必須相信，上帝的應許永遠是真的，也只有上帝能夠賜下並維持人的生命。亞伯拉罕和撒拉不久後就會過世，但這份建立在上帝恩典上的應許絕不落空。上帝信實地保守他所立的約，並透過他們的兒子以撒繼續將這份應許傳承下去。而下一個世代，也同樣需要倚靠上帝的恩典來面對屬於他們自己的考驗，並經歷與上帝同行的美好。

反思問題

1. 在《創世記》21 章 8 到 21 節，夏甲差點失去了以實瑪利；而在《創世記》22 章 1 到 19 節，亞伯拉罕差點失去了以撒。在這兩個故事之間，你注意到了哪些相似的地方呢？

2. 請仔細讀一讀《創世記》22 章 15 到 18 節裡，上帝對亞伯拉罕說的話。你能不能從中看出一些超連結，連到你目前讀過的《創世記》其他故事呢？這些連結又告訴了你，這個時刻有著什麼樣的重要意義？"
"8","亞伯拉罕過世後，上帝的祝福透過他的兒孫繼續傳下去。在當時的古代文化裡，長子通常會繼承一切，但上帝卻做了一個超讓人驚訝的決定，他挑選了以撒的小兒子雅各來繼承這份祝福。今天的影片會讓你看到，上帝是怎麼顛覆大家原本以為長子該有的特權，這種特權往往會帶來超激烈的競爭。上帝這種翻轉傳統文化的做法，其實是在邀請我們，用自己擁有的優勢去幫助別人，而不是去跟別人爭個高下。

「雅各」這個名字的意思是「騙子」，而他也真的滿符合這個名字的。雅各不願意相信上帝會給他滿滿的恩典、安全感和祝福，反而用盡心機想要自己去搶這些東西。你可以注意一下，聖經的作者其實很少直接批評像雅各這樣的人。相反地，作者是邀請我們去看看他們做決定之後造成的結果，用這個來判斷他的行為。

舉例來說，我們來看看雅各和他的家人是怎麼對待上帝的祝福。雖然上帝已經選了雅各，以撒卻想把祝福給他偏愛的大兒子以掃。這兩兄弟竟然為了一碗不起眼的紅豆湯，就把無價的祝福給賣了。利百加和雅各為了把祝福搶過來，不惜說謊、欺騙甚至偷竊，就是不願意單單相信上帝的答應。這所有的心機和算計，最後只為這個家庭帶來了痛苦和嚴重的分裂。

上帝真的要透過這樣一個問題超多的家庭來拯救全人類嗎？信不信由你，答案是肯定的！當雅各逃亡流浪的時候，上帝在夢裡對他說話。上帝給了雅各跟亞伯拉罕一模一樣的保證，就是要透過他來祝福全人類。我們可能對雅各這個人有很多懷疑，覺得他根本不配，但上帝還是遵守他跟亞伯拉罕家族立下的約定，就算他們缺點一堆，上帝也絕對不放棄。

反思問題

1. 讓我們回顧一下《創世記》26章。在這個故事裡，以撒在哪些地方表現得像他的爸爸？在哪些地方他又做出了不一樣的決定呢？這些決定最後帶來了什麼樣的結果？

2. 想一想，到目前為止你在《創世記》裡讀到的主要人物。他們的故事是怎麼提醒你，從他們行為的後果裡面學到人生的智慧呢？"
"9","耍心機真的只會引來更多的算計！在今天的經文裡，你會看到雅各和他的家人為了一己之私，不斷重複著欺騙、說謊和偷竊的惡性循環。雅各和拉班這對甥舅，竟然花了好幾年的時間在那邊互相算計。而且雅各的偏心又點燃了新的家庭糾紛，這次是發生在他的妻子之間。拉結和利亞為了爭著多生幾個孩子，甚至把自己的婢女當作籌碼，展開了一場充滿苦毒的生子大賽。

讓人感慨的是，上帝其實早就應許要賜給雅各豐盛的祝福了。但是雅各卻寧願相信自己的小聰明，不願意信靠他祖宗的上帝。雅各到處說謊、欺騙，走到哪就把人際關係破壞到哪。雅各的故事直接打破了我們的一種幻想，那就是以為上帝的祝福是靠著亞伯拉罕家族表現好才換來的。超慶幸的是，上帝對我們的應許，從來都是建立在上帝的信實之上，而不是看我們表現有多好。

雅各因為自己自私的決定惹火了拉班，只好再次選擇逃亡。不過就在拉班氣沖沖地追上他姪子營地的時候，上帝親自介入了，為他們這場長達數十年的衝突，帶來了讓人意想不到的和平結局。

雅各可以說是做盡了各種會失去祝福的蠢事，但上帝卻還是守護在他身旁。在雅各和拉班同住的這段時間，他確實累積了超龐大的家族和驚人的財富。但這些靠心機換來的東西，同時也製造出深深的嫉妒、苦毒和衝突。面對這樣一個固執己見、堅持要用自己的方法做事的人，上帝究竟會怎麼帶領他呢？

反思問題

1. 請仔細讀《創世記》31章4-13節，看看雅各是怎麼跟妻子們解釋他從拉班那裡得到羊群的經過。他嘴裡說的版本，跟《創世記》30章25-43節實際發生的事有什麼不一樣呢？這反映出雅各是一個怎樣的人？

2. 亞伯拉罕、以撒和雅各，在道德上的表現可以說是好壞參半。你覺得，為什麼聖經要把神所揀選的家族，寫出這麼多負面的故事呢？"
"10","在這對兄弟上一次的見面中，雅各騙走了哥哥以掃的祝福，然後就逃跑了。在今天的經文裡，這對疏遠已久的兄弟準備要重逢了。隨著以掃越來越靠近，雅各心裡非常驚慌，就像往常一樣，他又動起了自私的歪腦筋來保護自己。首先，他送去一大批牲畜當作禮物，希望能平息以掃的怒氣。接著，他把妻子和孩子們安排在車隊的最前面，自己卻躲在隊伍最後面、最安全的地方。

但就在重逢的前一天晚上，舊約聖經裡有一個非常有名的場景發生了，那就是雅各與神摔跤。這場搏鬥，其實就像是雅各一生的縮影：他總是用盡心機和欺騙來爭取祝福，一路上卻也破壞了跟別人的關係。所以，神打傷了雅各，為了要教導他一個功課：真正的祝福，是透過承認自己的軟弱並且專心倚靠神而來的，而不是靠著人的詭計。神給了雅各這個「欺騙者」一個新的名字，叫做以色列，意思是「與神角力」。

這場摔跤確實短暫地改變了雅各。他這次走在隊伍的最前面，謙卑地迎接他的哥哥。令人意外的是，以掃並沒有發脾氣，反而是用寬容和愛來迎接雅各。可是，雅各很快又變回了老樣子，他對以掃說了謊，然後偷偷地離開了他。

雅各的逃避，導致他們一家人最後定居在示劍。在那裡，當地的一個男子侵犯了他的女兒底拿。這個可怕的悲劇，暴露出雅各一輩子不肯聽從神智慧所帶來的後果。更糟糕的是，雅各不願意出面為女兒討回公道，這激怒了他的兒子們，導致他們做出了邪惡又殘忍的事。在沒有一位充滿智慧的父親引導下，他們竟然把割禮這個神聖的立約記號，當成了復仇的武器。於是，亞伯拉罕家族的下一代，又再次陷入了混亂與暴力之中。這個悲慘的惡性循環，到底會有結束的一天嗎？

反思問題

1. 神給雅各起名叫以色列，因為他與神、與人較力都得勝了。回顧到目前為止的故事，你在哪裡看到雅各與神角力或是掙扎呢？又在哪裡看到他與人角力呢？你覺得他這裡的得勝代表什麼意思？

2. 對比一下這兩兄弟重逢的反應。雅各是帶著什麼心態去見以掃的？以掃又是怎麼歡迎雅各的？從這點來看，你覺得這兩兄弟各自是怎樣的個性呢？"
"11","經歷了逃跑、耍心機，甚至跟上帝摔跤之後，雅各最後一跛一跛地走向新的未來。當上帝叫他搬回伯特利的時候，雅各乖乖聽話了，他也承認，在自己這段風風雨雨的人生裡，上帝一直都在保護他。上帝再次向他掛保證，說那個不變的應許就是要透過雅各的家族來祝福全人類。上帝正在實現當初在伊甸園裡「生養眾多」的祝福，也就是《創世記》1章28節說的那樣；這也呼應了祂以前給亞伯拉罕關於土地、後代和君王的應許，寫在《創世記》12章1到3節還有17章16節裡面。上帝繼續透過雅各，最後更是透過他的一個兒子，來完成這個超偉大的承諾。

不過，雅各以前那種愛騙人的壞習慣，還是讓他的家庭充滿了嫉妒、明爭暗鬥還有互相瞧不起。他超級偏心自己最愛的妻子生的大兒子約瑟，甚至送給他一件超貴的彩衣。更火上加油的是，約瑟還跑去跟那些本來就很眼紅的哥哥們炫耀，說自己做了一個夢，夢到哥哥們全部都要向他下拜。這真的成了壓垮駱駝的最後一根稻草。約瑟的哥哥們本來想殺掉他，最後決定把他賣給人口販子。就這樣，約瑟被鎖鍊銬住，一路被拖去埃及。

後來，哥哥們把約瑟那件沾滿血、破破爛爛的彩衣拿給傷心欲絕的爸爸看，假裝約瑟已經死掉了。亞伯拉罕家族的每一代，好像都改不掉這種愛騙人和製造混亂的毛病。面對這麼糟的爛攤子，上帝要怎麼從這團混亂裡面，帶出秩序和美好呢？

今天的影片會幫我們解釋，這些人類失敗的悲劇，是怎麼被放進那個最終指向耶穌的連貫故事裡面的。當我們回到故事的最開頭，就更能明白，人類這個破碎的大家庭，雖然一直很努力想成為對上帝忠心的立約夥伴卻做不到；而在這一切當中，為什麼耶穌才是我們唯一的答案。

反思問題

1. 在雅各一生的故事裡，你還在哪邊看過跟「殺山羊」有關的騙人事件呢？把這兩件事連在一起看，有沒有讓你發現以前讀這個故事的時候沒注意到的細節？

2. 你覺得，上帝為什麼要選擇透過單一一個族群，也就是亞伯拉罕的後代，藉著他們的歷史、掙扎和反思，來向全世界展現祂自己還有祂的計畫呢？"
"12","昨天的進度停在一個讓人緊張的懸念上，讓我們看不清上帝將會如何帶領雅各一家人的未來。雖然整本聖經講述的是一個完整連貫的故事，就像你今天會在影片裡看到的，但這個故事在發展的過程中，其實充滿了許多意想不到的曲折。

舉例來說，《創世記》38 章讀起來就像是主線故事裡一段奇怪的插曲。故事的鏡頭從約瑟身上移開，轉而聚焦在猶大和他瑪身上。這段記載提到了古代一種「小叔娶寡嫂」的文化習俗，這記在《申命記》25 章 5 到 10 節，以及《民數記》27 和 36 章。這個習俗規定，弟弟必須娶已故哥哥的妻子。透過這種婚姻生下來的孩子，會繼承死者的名字和產業。這個古老的規定，是為了保護失去依靠的寡婦，不讓她們陷入貧困，同時也確保死者的家族血脈不會斷絕。

但是，猶大家族的男人們卻拒絕為他瑪遵守這個習俗。二兒子俄南不肯讓她生下孩子，接著公公猶大也遲遲不給她安排新的丈夫，這不但讓她陷入絕望，也讓猶大家族未來的血脈面臨危機。當他瑪發現公公欺騙了她，她決定用「反欺騙」的手段來挽救這個家族。她的行動迫使猶大面對自己的失敗，甚至承認他瑪比自己「更有義」。

同時間，我們把鏡頭轉回埃及。約瑟的表現和他的父親形成了強烈又清新的對比。即使面對危險和痛苦，約瑟依然信靠上帝的智慧，拒絕讓恐懼來控制他的行動。然而，儘管他對上帝如此忠心，最後還是被關進了監獄，感到孤單而且被遺忘。這不禁讓我們想問：如果上帝真的與他同在，為什麼約瑟還會落入這樣悲慘的坑裡呢？

反思問題

1. 在 37、38 和 39 章中，你有沒有注意到哪些共同的主題、詞彙和物品？這些像是「超連結」一樣的設計，如何幫助你更深地理解整個故事的安排呢？

2. 請仔細閱讀約瑟和波提乏妻子的故事。在《創世記》的其他地方，你還在哪裡看過有權勢的外國人，試圖奪取亞伯拉罕家族裡外貌出眾的成員？在那些故事裡發生了什麼事？而約瑟的情況又有什麼不同呢？"
"13","約瑟經歷了漫長的低谷，被賣為奴隸、流亡異鄉，甚至被關進監牢，現在終於迎來了轉機！今天的經文提供了一個超精彩的例子，讓我們看到聖經作者是怎麼運用敘事，也就是今天影片裡介紹的一種文學風格，來呈現上帝是如何在這個世界上動工的喔。

約瑟在監獄裡苦熬了兩年，但就在最剛好的時候，上帝感動了酒政，讓他想起了約瑟。這個念頭引發了一連串的事件，讓約瑟成為法老的左右手，也就是全埃及第二有權勢的人！從黑暗的監牢坑底到華麗的皇宮，上帝一步一步成就了祂的計畫。

在這裡，我們可以發現很多跟伊甸園故事相連的線索。就像上帝當初呼召亞當，讓他作為上帝的形像代表，受上帝委託管理世界；現在，法老把自己的戒指和衣服賜給了約瑟，這象徵著這位原本是奴隸的年輕人，現在成了法老的代表，並且受他委託統治埃及。不過，亞當當初選擇了順從自己的聰明，而約瑟卻選擇信靠上帝的智慧，進而把生命、祝福和豐盛帶給了萬國。

當饑荒讓約瑟跟哥哥們再次相聚的時候，他隱藏了自己的身分，還刻意重演當年他們背叛他的場景來考驗他們。哥哥們大可帶著裝滿銀子的袋子回到父親那裡，把自己的兄弟留在鎖鍊之中。

或者，他們可以選擇去拯救自己的手足。雅各還是一如既往地偏心，他寧願讓西緬爛在監獄裡，也不願意冒險失去便雅憫。雅各的兒子們會回去救西緬嗎？還是他們會把另一個兄弟就這樣拋棄在埃及呢？

反思問題

1. 在我們目前的讀經旅程中，已經讀了許多章節的敘事故事了。這些故事是怎麼塑造你對上帝、對這個世界，還有對其他人的看法呢？

2. 回想一下，在《創世記》37到42章當中，還有哪裡出現過衣服呢？你觀察到了什麼關聯呀？「衣服」這個角色，是怎麼幫助你理解整個故事更大的發展的？"
"14","猶大在經歷他瑪的事情之後，整個人都不一樣了！以前，他為了和妓女發生關係，甚至把自己的隨身物品拿去當抵押；但現在，他卻願意拿自己的命來做擔保，只為了保護弟弟的安全。猶大這種願意犧牲自己的態度，不僅救了全家免於餓死，也成功說服了爸爸雅各，讓大家可以帶著便雅憫一起回到埃及。

不過，約瑟對哥哥們還有最後一個考驗。他再次重演了20年前自己被拋棄的場景，想看看大家會有什麼反應。首先，約瑟故意表現得特別偏心最小的弟弟，想激起他們的嫉妒。接著，他刻意製造了一個絕佳的機會，讓哥哥們只要把便雅憫丟在埃及，就能輕鬆保全自己。但這一次，哥哥們拒絕拿了錢就跑。當年提議把約瑟賣去當奴隸的猶大，現在竟然挺身而出，為了保護便雅憫而讓自己身陷險境。

看到哥哥們真心悔改，約瑟心裡充滿震撼和感動。他忍不住崩潰大哭，向大家坦白了自己的真實身分。哥哥們因為害怕被報復，嚇得直往後退，但約瑟卻主動把他們拉近，給了他們一個充滿眼淚與愛的溫暖擁抱。

上帝在流亡和苦難中帶來的祝福，不禁讓我們去想：在聖經裡其他那些讓人困惑、充滿未知的故事中，上帝還在哪些地方默默動工呢？快來看看今天的影片，了解聖經是怎麼邀請我們，用一生的時間來閱讀和反覆思考的吧！

反思問題

1. 在創世記的其他經文中，你還看過哪些手足之爭導致了死亡或流亡的悲劇？這些衝突中，有任何一個已經得到解決了嗎？

2. 到目前為止的聖經故事裡，你還有哪些問題沒有得到解答？這些問題又如何引導你更深入地默想上帝的話語呢？"
"15","經歷了許多黑暗又荒涼的歲月，上帝重新賜下了生命與喜樂。他帶領雅各下到埃及，讓他能再次擁抱那失散多年、心中最疼愛的兒子約瑟。雅各驚奇地發現，那個他原以為已經離世的兒子，因為信靠上帝的智慧，現在竟然成了許多人的生命源頭。當嚴重的饑荒把埃及和迦南地推向死亡邊緣時，約瑟把糧食分發給周圍的國家，讓他們也能夠存活，不致死亡，就如《創世記》47 章 19 節所寫的；這就像他曾經為自己的家人所做的一樣，記錄在《創世記》42 章 1 節，以及 43 章 8 節。

我們回頭看《創世記》12 章，上帝曾經應許亞伯拉罕，他的家族將會成為地上萬族或萬國的祝福，而且凡是祝福亞伯拉罕和他家族的，上帝就必賜福給他們，這在《創世記》12 章 2 到 3 節有提到。上帝也說，他會咒詛或是輕看那些藐視亞伯拉罕家族的人。大家常常會把這段話理解為，上帝發誓要對抗任何反對亞伯拉罕血脈或是反對以色列人的人。不過，如果我們仔細看《創世記》12 章 1 到 3 節的上下文，你會發現，上帝其實是在宣告，他所應許的祝福將會延伸到全世界，而且他親自保證這件事一定會實現。

這裡真正的意思是，任何企圖阻止或是咒詛上帝賜福萬國計畫的人，最終一定會失敗，因為沒有人能攔阻上帝的旨意。上帝會不斷賜福給那些願意給出祝福的人，直到他美好的工作完全成就。你在讀亞伯拉罕家族的故事時可以特別留意，因為當他們悖逆上帝、拒絕順服時，上帝也會轉而敵擋他們。

今天的經文就讓我們看見，上帝的這個應許正在真實地發生。法老把最肥美的歌珊地賜給了雅各的家族，也就是亞伯拉罕的後代；而雅各的回應，就是為法老祝福。

當雅各走到生命的盡頭時，他對上帝的立約應許展現出無比堅定的信心。他特別叮嚀約瑟，千萬不要把他葬在埃及，而是要把他的遺體帶回祖先的土地。雅各這麼堅持，顯示出他心裡非常確信，上帝總有一天會把那塊地賜給他的家族，就算他在世的時候已經看不見了。你要知道，上帝動工的腳步有時候看起來很慢，但他永遠信守承諾！

反思問題

1. 請回顧《創世記》24 章 1 到 9 節。亞伯拉罕臨終前的請求，和雅各臨終前的請求，你覺得有哪些相似的地方？這又讓你看出這兩個故事有什麼共同點呢？

2. 請留意《創世記》46 章 28 節，經文特別指出，是猶大帶領全家前往歌珊地的。在整個故事裡，你還在哪些地方看過猶大在兄弟之間扮演著領導者的角色？不論是好的影響或是壞的影響都可以想想看。在那些情況下，最後發生了什麼事呢？"
"16","今天，我們來到了《創世記》故事的尾聲。恭喜你，讀完並且用心思想了聖經故事的第一卷書！記得看看今天的影片，好好複習一下目前為止所學到的精彩內容喔。

《創世記》最後的幾章，為這卷書的重要故事線畫下了句點。雅各接納了約瑟那流著一半埃及血統的孩子，讓他們正式進入上帝立約的家族。雅各過世後，約瑟信守承諾，把他葬在迦南地，和列祖們在一起。約瑟也溫柔地安撫了滿心內疚的哥哥們，表明自己對他們沒有任何惡意。哥哥們原本的出發點是惡的，但上帝卻把它轉變成了拯救生命的美意。

雅各臨終前的祝福，預言了他的兒子們，也就是未來的以色列各支派將會發生的事。猶大和約瑟都在眾弟兄中，得到了豐盛與掌權的祝福。不過，只有猶大被特別揀選，將來他的王權會延伸到以色列家族之外，統治列國。從亞伯拉罕、以撒、雅各，現在輪到了猶大，他們一代代傳承了上帝的應許，也就是上帝要透過他們，賜福給萬國。

讀到這裡，我們心裡可能會產生一個疑問：那接下來呢？《創世記》結束的時候，亞伯拉罕的家族還留在埃及，而上帝立約的應許，似乎也都還沒有完全實現。上帝拯救計畫的下一步，又會是什麼呢？

反思問題

1. 約瑟在《創世記》50 章 20 節所說的話，總結了貫穿整個《創世記》故事的關鍵主題：「從前你們的意思是要害我，」他這樣告訴哥哥們，「但上帝的意思原是好的，要保全許多人的性命。」回想一下，在這卷書裡，你還在哪裡看過上帝從人類愚蠢和邪惡的決定中，帶出生命與賜福呢？

2. 請回頭看看創世記12章1到3節，上帝對亞伯拉罕最根本的應許。到了創世記結尾的時候，哪些應許已經實現了？又有哪些應許，是我們還在等待的呢？"
"17","出埃及記一開始，充滿了美好的盼望。雅各的家族熬過了饑荒，在埃及享受著如同伊甸園一般的祝福。他們活出了神所吩咐的生養眾多，並且遍滿了那地。但僅僅過了八節經文，故事就急轉直下。一位不把約瑟和他的家族放在眼裡的新法老掌權了。原本看似全新伊甸園的地方，竟然變成了新的巴比倫，也就是一個殘暴、充滿壓迫，並且顛倒是非，把邪惡當作良善的帝國。

以色列人在埃及的人口不斷增加，這本來是一件好事，但法老卻把它看作是壞事。這位埃及的統治者為了控制以色列的人口，竟然狠心地把小嬰兒淹死，並且殘酷地奴役百姓。百姓痛苦地向神呼求幫助，神就親自介入，伸手拯救他們。

正當法老焦慮地想盡辦法，要控制以色列的男人時，一群勇敢的女性卻破壞了他的陰謀。這其中包含了希伯來的收生婆施弗拉和普阿，還有摩西的母親和姊姊，以及法老的女兒和她的婢女，最後還有西坡拉。你仔細算一算，總共有七位女性。她們勇敢反抗法老的壓迫，努力保護生命，並且救了摩西，也就是神所揀選、要來拯救以色列人的領袖。

當神一開始呼召摩西，要他帶領這場勇敢的救援行動時，摩西其實是非常不情願的。而以色列百姓對他也沒有什麼好感。不過，神應許摩西，一定會賜給他所需要的一切幫助。請看看今天的影片，欣賞神是如何拯救祂的百姓，並且了解出埃及記前半段巧妙的文學設計。

反思問題

1. 讀完《出埃及記》第1章和第2章之後，你有沒有發現什麼跟伊甸園故事連在一起的超連結呢？這裡說的超連結，指的就是那些一直重複出現的詞彙、概念、想法或是畫面喔。

2. 希伯來文用來形容摩西那個箱子的單字是特瓦，這跟挪亞故事裡面翻譯成方舟的，是同一個字喔！所以，摩西可以說是坐著一個小小的特瓦，或者說一艘小方舟，沿著尼羅河死裡逃生的。特瓦其實是一個超級少見的名詞，整本聖經就只出現在這兩個故事裡面耶。大家想一想，在《出埃及記》裡的摩西，還有經歷大洪水的挪亞之間，你有發現什麼超像的地方嗎？"
"18","今天的經文一開始，我們就看到摩西和神之間，有一場來來回回的對話。神交給摩西一個非常重大的任務，並且為他預備了完成任務所需要的一切。即使摩西不斷抗拒，神卻依然充滿耐心地包容他。在讀這段經文的時候，你可以留意一下，神在哪裡對摩西展現了憐憫和體諒，又在哪裡踩穩底線絕不退讓。

在閱讀的時候，請特別留意作者是怎麼使用「工作」和「事奉」這兩個概念的。就像你在今天的影片中會學到的，這兩個詞在希伯來文裡，其實是同一個字。神想要使百姓得自由，邀請他們進入一種全新的工作與安息模式，好讓他們得到豐盛且真實的生命。但法老卻完全相反，他要以色列人戴著鎖鏈來服事他。他一點也不在乎這群人，只想要把他們徹底榨乾。

當上帝和法老之間那種充滿戲劇性的大對決變得越來越激烈的時候，故事的鏡頭突然一轉，竟然出現了一份家譜耶！雖然讀家譜常常會讓人覺得一頭霧水、完全摸不著頭緒，但是這些家族系譜在故事裡可是扮演著超關鍵的角色喔。家譜不只見證了上帝世世代代永遠不變的信實，也幫助我們可以在以色列的歷史中，清清楚楚地追蹤祭司和君王的血脈傳承。

《出埃及記》第6章的家譜告訴我們，以色列祭司的先祖亞倫，娶了一位來自猶大支派的女孩，而猶大支派剛好就是以色列未來的王室家族喔！也就是說，以色列所有的祭司，全都是祭司跟君王這兩條血脈結合所生下來的後代。誰能想得到，一份看起來超無聊的人名清單，裡面竟然藏著這麼深厚的神學意義！

反思問題

1. 到目前為止，在《出埃及記》的故事裡面，你在哪裡有看到經文提到了上帝的名字呢？提到上帝名字的時候，當時的背景到底是什麼呀？這又具備了什麼樣的重要意義呢？

2. 到底是發生了什麼樣的情況，讓亞倫開始進入到這個故事裡呢？亞倫是上帝心目中要當作中保的第一人選嗎？這件事情告訴了你關於亞倫這個角色的什麼特點呀？同時，這又讓你更認識了上帝的哪些屬性或是本質呢？"
"19","上帝和法老之間不斷升溫的緊張關係，終於爆發了。上帝差派摩西和亞倫去面對那位壓迫人的埃及國王，傳達了一個很簡單的信息：「容我的百姓去。」上帝用強大的神蹟來支持他的要求，像是把亞倫的杖變成了一條蛇，這清楚地讓人聯想到伊甸園裡的那個仇敵。在這裡，上帝幫助人類制伏了蛇。摩西能控制這根變成了蛇的杖，正好反映出上帝也同樣能控制那像蛇一樣的法老。

不過，這根杖只是個開始。因為法老拒絕釋放以色列人，上帝為了拯救他們，全面展現了他的大能。聖經裡描述了一個接一個從上帝而來的災難，用的字眼會讓我們想起挪亞時代的大洪水。原本井然有序的受造世界漸漸瓦解，混亂再次席捲大地。上帝聽見了受壓迫者的呼求，於是再次展開了這場宇宙級的反向創造，也就是把原先創造的秩序給撤銷掉。

這個故事也讓我們想起了所多瑪和蛾摩拉的毀滅，因為這兩個故事裡，都有一個人在上帝和百姓之間擔任中保。之前，亞伯拉罕為了羅得的安全向上帝代求；而現在，摩西則是介入其中，宣告上帝要對埃及進行審判。

隨著一波又一波的災難襲捲埃及，上帝展現了他無可比擬的大能。但這份大能，其實有一個帶來生命的最終目的。聖經將上帝對埃及的每一個行動，都描述為一個神蹟，也就是一個記號，指向一個更深遠的屬靈現實。上帝的神蹟，其實是在向以色列人和埃及人宣告，他才是宇宙真正的統治者。然而，法老卻在上帝面前心裡剛硬，正如上帝所定意的那樣。這位頑強抵抗的埃及國王，正好成為了上帝展現他絕對主權與榮耀的器皿。

反思問題

1. 當你在閱讀這些災難，或者說神蹟的故事時，試著找找看那些聽起來很熟悉的描述。你有沒有發現哪些地方，就像是連回了《創世記》的創造故事？或是連回了挪亞洪水的故事呢？

2. 你認為，上帝為了讓以色列人得到自由，為什麼不給他們更強大的軍隊，或是更好的武器，讓他們自己去爭取自由呢？相反地，上帝用災難親自為他們爭戰，同時保護了以色列人，幫助摩西帶領他們逃離埃及。這告訴了我們，上帝是怎樣的一位上帝？他拯救人的方式又有什麼特別之處呢？"
"20","儘管埃及在上帝拯救的大能下已經瀕臨崩潰，法老卻變得更加冷酷無情。連他自己的臣僕都哀求他放以色列人走，但法老寧願眼睜睜看著國家毀滅，也不肯向上帝低頭。

所以，上帝就任憑法老去承擔他自己叛逆的後果。雖然聖經說上帝使法老的心剛硬，但這其實並沒有違背法老原本的意願。因為到了這個地步，法老早就已經好幾次自己硬著心了。上帝只是順水推舟，堅定了法老的心意，讓他順著自己的私慾，一步步走向滅亡的結局。

當上帝讓法老的邪惡反撲到他自己身上時，這場對決就來到了最高潮。因為法老殺害了以色列人的長子，現在上帝也要索取埃及長子的性命。不過跟法老不一樣的是，上帝為人們開了一條逃避死亡的出路喔。上帝應許會「逾越」，這可是我們今天影片裡會探討的一個罕見希伯來文動詞，意思是說，只要哪戶人家的門框上塗著沒有殘疾的羔羊的血，上帝就會越過那棟房屋。

以色列人獲救的那個夜晚，孕育出了一個全新的民族。這個事件被稱為逾越節，標誌著他們全新曆法與國家歷史的開端。世世代代的百姓將會一起分享這頓具有象徵意義的晚餐，來紀念上帝的保護與拯救。就在死亡與黑暗的洪流當中，一個全新的創造就此破曉。

反思問題

1. 《以賽亞書》31 章 5 節用盤旋的母鳥保護幼鳥來作比喻，這如何幫助你理解上帝在逾越節的保護呢？

2. 你還看過上帝用什麼樣的方式來拯救祂的百姓，在毀滅與危險當中為他們提供避難所呢？"
"21","神並沒有帶領祂的百姓直直地走向自由，而是把他們從埃及帶進了嚴酷的曠野。這條繞路的安排，讓以色列人得忍受口渴和烈日曝曬，甚至面臨敵軍的威脅。當法老得知他們現在的處境毫無防備時，就集結了大軍一路追擊。以色列人嚇壞了。眼看著法老的戰車轟隆隆地衝過來，背後又是凶險的大海，他們走投無路，就把怒氣發洩在摩西身上。難道摩西把大家帶到曠野，只是為了讓他們死在這裡嗎？

但是在以色列人和埃及人都認定是絕路的地方，神卻開了一條新路。神的同在親自降臨，在百姓身後形成了一道保護牆。就如同神在創世第一天所做的那樣，祂將照亮以色列營地的光明，與籠罩埃及戰車的黑暗，硬生生地分開了。洶湧的大海一分為二，露出了乾地，讓以色列人可以穩穩地走過海中，邁向自由。當新的一天在破曉時分來臨時，狂暴的海水吞沒了埃及的軍隊，而神所揀選的百姓，則安全地站在岸上觀看這一切。

以色列人忍不住歡呼讚美。他們的詩歌裡充滿了生動的畫面和豐富的比喻，帶領我們從一個嶄新的視角，重新回顧出埃及的故事。這個視角，特別凸顯了神那信實不變的慈愛與公義。

這種先說一段長篇故事，接著唱一首總結詩歌的寫作模式，在聖經中不斷出現。透過詩歌那充滿感染力的語言，聖經作者邀請讀者用全新的方式來體驗故事，並且反思神的屬性。有誰能像這位充滿威嚴，又大有能力施行拯救的耶和華神呢？

反思問題

1. 在聖經故事的其他地方，你還在哪裡看過神帶領一個人或一個群體，穿過代表死亡的大水，並在彼岸獲得新生命？你在這些事件中，有沒有注意到哪些共同的特徵呢？

2. 當你閱讀以色列人的這首讚美詩時，請留意它是如何描述神的屬性的。在出埃及這個歷史事件中，耶和華向人們啟示了祂是一位怎樣的神？"
"22","神已經徹底擊敗了法老和埃及的軍隊，用非常震撼的方式，結束了以色列人長達好幾百年的奴隸生活。今天，邀請你先來看看這段影片，回顧一下神在出埃及記前半段，那些偉大的救贖和拯救行動。

今天，以色列人從海邊出發，走向一片廣大又未知的世界。神的百姓正走在前往應許之地的路上，但要抵達那裡，他們必須先經過一望無際的曠野。這條沙漠之路充滿了缺乏與艱辛，也讓這個脆弱的國家面臨了好幾次的考驗。他們會選擇信靠神的供應嗎？還是會靠著自己的小聰明，讓恐懼來決定他們的下一步呢？

以色列人搖擺不定的信心，和摩西的岳父葉忒羅形成了強烈的對比。當以色列人來到神面前，態度惡劣、不斷抱怨的時候，葉忒羅這位米甸的祭司，也就是一位外邦人的祭司，卻因為神所行的奇妙作為而充滿喜樂，獻上祭物和讚美。當以色列人不斷爭吵，考驗著摩西耐心的時候，葉忒羅卻給了摩西當時最需要的智慧。有時候，真實的忠誠和美好的指引，往往來自我們最意想不到的人。

反思問題

1. 在出埃及記的前半段裡，你從哪裡看見神對亞伯拉罕的應許，依然保持著絕對的信實呢？

2. 在其他的聖經故事裡，你還遇過哪些敬拜亞伯拉罕、以撒、雅各之神的外邦人？當時發生了什麼事？這些故事讓你學到，神是如何看待和對待那些在祂揀選的家族之外的人呢？"
"23","經歷了曠野裡充滿挑戰的旅程，以色列人來到了西奈山腳下。這裡正是上帝最初向摩西顯現的地方，這座山之前也被稱為何烈山。現在，上帝要在這裡帶領以色列人，展開一種全新的生活方式。

上帝原本跟亞伯拉罕家族建立的聖約關係，現在擴展成跟一整個國家的關係了。上帝不只把他的子民從奴隸的生活中拯救出來，還給了他們一個很特別的呼召，就是要成為祭司的國度。他們要把真光和公義帶進世界，在萬國中當上帝的代表。這真的是超大的特權，也是很重的責任。

上帝透過聖約，正式確立了他跟以色列人的關係。聖約可不是那種雙方討價還價的協議，而是上帝主動賜下的恩典與引導。如果以色列人想要在各國中忠心地代表上帝，他們的生命就必須反映出上帝的性情。聖約裡的誡命，很清楚地點出了這種與眾不同的生活方式，也讓我們知道上帝要怎麼處理罪惡，好讓他能親自跟他的子民住在一起。

邀請你一起來看今天的影片，更深入了解《出埃及記》後半段，關於上帝的聖約、律法和他的同在！

反思問題

1. 回想一下你目前在《創世記》和《出埃及記》裡讀過的故事。你在哪些地方看見上帝非常渴望與他所創造的人同在呢？而人類又是如何回應他的？

2. 請比較上帝對以色列人的聖約應許，也就是《出埃及記》19 章 1 到 6 節，以及上帝對亞伯拉罕的應許，記在《創世記》12 章 1 到 3 節。你注意到了哪些共同的主題？在《出埃及記》中，你又看見了什麼新的發展呢？"
"24","儘管以色列人在曠野中軟弱跌倒，上帝仍然願意與他們同工。他們得到了一個非常寶貴的機會來事奉上帝——這不是因為上帝需要幫手，而是上帝充滿恩典地揀選了他們，讓他們成為他立約的子民。今天的影片為我們解釋了貫穿聖經故事的各個聖約，同時也讓我們看到，即使上帝的子民軟弱跌倒，上帝依然信實可靠。

上帝跟以色列人立的約裡面，包含了很多誡命，目的其實是為了讓他們的生活變得更豐盛。裡面有些律法，對現在的我們來說很容易懂，像是不可殺人、不可偷東西、不可去敬拜其他的神明。

這些都沒問題。

不過，還有一些其他的律法，可能會讓現在的讀者覺得一頭霧水、很挫折，甚至覺得也太不可理喻了吧！

這時候，我們一定要記得一件事，這些律法其實展現了上帝賜給那個特定時空背景下，那群特定百姓的智慧。在以色列人當時所處的古代近東環境裡，他們的道德標準、風俗習慣還有價值觀，通常跟我們現在完全不一樣。上帝的律法在那樣的文化裡運作，雖然需要耐心，卻非常有力量地，一點一滴在恢復當初伊甸園那種美好的光景。

另外，我們也要記得，上帝的律法是為了一個被罪惡跟死亡破壞的世界而設立的。如果是在一個像伊甸園那樣完美的世界裡，女生就不會經歷失去丈夫那種超巨大的悲痛，也不用害怕自己處於弱勢會被人欺負。聖經裡要求大家要照顧寡婦的命令，就顯示出上帝很清楚這個世界已經破碎了。所以呢，上帝頒布命令來限制罪惡、鼓勵大家行出良善，而這些做法往往跟當時世俗的習慣完全相反。如果我們能從當時的歷史背景去理解，就會發現上帝的律法其實透露了上帝最終的心意，那就是上帝很渴望上帝的子民可以結出愛心、公義、良善還有平安的果子。

當摩西把聖約的條款讀給以色列人聽完之後，百姓們都接受了。這可是上帝拯救並且賜福這個世界的計畫裡，又往前邁進的一大步！上帝的應許，正在繼續不斷地往前推進呢！

反思問題

1. 在以色列的聖約法典裡，哪裡可以看出上帝的智慧呢？在古代以色列的背景下，這些律法可能彰顯了上帝哪些方面的屬性？

2. 上帝擁有掌管這個世界的絕對主權，但上帝卻充滿恩典地揀選人類來事奉上帝，成為上帝在地上的管家。這告訴了我們關於上帝屬性的什麼事呢？"
"25","在今天的經文裡，上帝和以色列人立約的內容，從古老的法律條文，竟然變成了……

建造古代相會帳篷的設計圖？

這看起來可能有點奇怪，但就像我們在影片中學到的，這些關於上帝居住的帳幕的指示，可不只是室內設計而已喔！聖約的律法展現出上帝渴望和我們建立夥伴關係；而建造帳幕的指示，則是展現出上帝渴望與我們親近，祂想要與祂的百姓同在。

這座華麗的帳幕裡有著像花園一樣的擺設，就像是一個可以移動的微型伊甸園，是一個讓上帝和人可以同住的、人間天堂般的空間。照亮帳幕的燈臺上，裝飾著樹葉、枝子和花朵。燈臺的枝子支撐著七盞燈，讓人想起上帝創造世界的那七天。包著金子的器具，還有祭司衣服上的紅瑪瑙，也都讓人聯想到伊甸園裡的金子和紅瑪瑙。而且在整個帳幕裡，有基路伯守衛著這個天上與人間交會的神聖空間，就像是當初被派去守衛伊甸園入口的基路伯一樣。

透過夥伴關係，加上現在真實的同在，上帝正邀請祂的百姓，去享受那種曾經在伊甸園裡才有的親密關係。

反思問題

1. 請想一想，建造帳幕的指示，是如何跟《創世記》1章和2章連結在一起的呢？在這座神聖的花園和神聖的帳幕之間，你注意到了哪些共同的設計特色？

2. 回想一下我們目前讀到的《出埃及記》故事。以色列人才剛剛從幾百年的奴隸生活中被釋放出來，怎麼會有足夠的金子來建造這麼華麗的帳幕呢？關於建造帳幕的奉獻，以及上帝豐盛的供應，這件事告訴了你什麼？"
"26","伊甸園那種美好的感覺，在西奈山腳下好像又慢慢回來了！上帝叫摩西建好帳幕後，就派祭司來事奉和看守這個神聖的地方。這感覺就像當初在伊甸園裡，上帝也是這樣吩咐最早的人類去事奉和看守那座園子一樣。祭司的工作，簡單說就是在地上代表上帝，把祂神聖的同在具體展現給大家看。

上帝本來是挑選整個以色列民族當祂的祭司國度。可是，當大家看到上帝那種超級威嚴的同在時，都嚇到不敢靠近。於是上帝就照著早就安排好的計畫，特別選了亞倫和他的家人，來代表所有以色列人當祭司。

在今天的經文裡，上帝說明了祭司要怎麼把自己分別出來，好好接下這個超級重要的任務。他們必須穿上特別的衣服，這些衣服會讓人想起人類當初在伊甸園裡那種最棒的狀態。昨天我們看到帳幕有多麼宏偉，這代表上帝真的很想在像伊甸園一樣的榮耀中，跟祂的子民住在一起。今天我們會發現，祭司穿著那些超華麗的衣服，其實也是在提醒人類最初被呼召成為「君王祭司」的身分。大家可以看看今天的影片，了解上帝是怎麼透過摩西和亞倫把祭司的工作找回來，順便也想一想，為什麼我們未來還是需要一位能完全聽從上帝的「君王大祭司」呢？

反思問題

1. 祭司是上帝在百姓面前的代表，同時也是百姓在上帝面前的代表。請回顧《出埃及記》19 章 3 到 6 節，上帝邀請以色列成為他祭司國度的經文。想一想，以色列人必須信靠什麼、做些什麼，才能向其他國家代表上帝呢？

2. 請仔細思考《出埃及記》28 章 1 到 5 節，上帝一開始對摩西說的話。上帝說，今天經文中這些指示的目的到底是什麼？這又告訴了你，關於亞倫家族的職責有哪些特別的地方呢？"
"27","你覺得，一個「在地如在天」的地方，聞起來會是什麼味道呢？今天的經文為我們介紹了帳幕裡的香氣。祭司要在至聖所前面點燃聖香，讓芬芳的煙霧環繞著神寶座的入口。

上帝吩咐摩西要用超香的膏油來膏抹帳幕裡的器具和祭司，為了彰顯他們神聖的身分。這些膏油其實就是園中樹木的濃縮產物，簡直就像把伊甸園的精華濃縮成液體一樣。今天的影片有解釋膏抹的目的，也就是要把這些人跟物品分別出來，成為連接天上跟地下的橋樑。

上帝吩咐摩西把祭司分別為聖，作為神聖的代表，又把帳幕分別為聖，變成神聖的空間。接著祂還指示摩西把第七天分別為聖，成為神聖的時間。「分別為聖」的意思就是把這些人跟事物從平凡的世界中區分開來，表明他們跟上帝自己的聖潔，有著獨一無二的連結。

上帝在創造天地的第七天安息了，祂也邀請祂立約的子民，跟著祂神聖的智慧與步調來生活。所有的律法、帳幕的藍圖、祭司的服裝、香料的配方，還有安息跟敬拜的節奏，全都是為了一個共同的目的，那就是印證以色列人是上帝的選民，要向這個世界反映出上帝的美好屬性。

摩西在山頂上隱身在濃雲裡面，領受上帝的指示已經有四十晝夜了，而百姓則在山下一直等著。現在他拿起刻著立約律法的石版，轉身走下山準備回到營地。以色列人把他們立約子民身分化為實際行動的時候到了，他們到底會怎麼回應呢？

反思問題

1. 仔細看看《出埃及記》30章22到33節裡記載在膏油配方中的每一種成分。雖然伊甸園的故事裡沒有具體提到這些植物，但它們茂盛、美麗又優質的特徵，在象徵意義上跟伊甸園產生了連結。你覺得上帝在這裡想表達什麼呢？祂為什麼要指示百姓使用像伊甸園裡那樣的植物來製作膏油呀？

2. 上帝的靈充滿了負責建造帳幕的工匠。回想一下，在聖經故事的其他地方，你還在哪裡看過上帝的靈參與在創造的行動中呢？這個故事之間的「超連結」，要怎麼幫助你更深地理解帳幕的意義呢？"
"28","日子一天天過去，幾個星期過去了，摩西依然還在山上。以色列人原本對這個新立的約充滿熱情，現在卻漸漸失去了耐心，變得焦躁不安。他們開始逼迫亞倫，要求亞倫照著他們自己的想法和時間，造一個神明來帶領他們。

亞倫抵擋不住壓力，妥協了。他鎔化了金子，鑄造了一隻牛犢形狀的偶像。你想想，他們逃出埃及才不過短短一個月的時間，上帝的子民竟然就打破了他們剛剛與神立下的約，違背了十誡的前兩條。更讓人吃驚的是，帶頭做這件事的，竟然還是第一任的大祭司！

當摩西下山，看見以色列人竟然圍著金牛犢狂歡跳舞時，他極度憤怒，一把將偶像和那兩塊寫著十誡的法版重重地摔碎了。以色列人與神立約的法版就這樣碎裂在山腳下，和他們犯罪的黃金證據混雜在一起。百姓陷入了極其嚴重的混亂與敗壞中，最後甚至經歷了一場悲慘的流血衝突，才勉強恢復了秩序。

以色列人這樣公然藐視他們與上帝的約，這讓神感到悲痛，也發出了公義的憤怒。神準備讓以色列人承擔他們背叛的後果。我們在前面的故事裡，早就看過拒絕神的嚴重下場：像是創世記第三章的被趕出伊甸園、第十一章的被分散到各地，還有創世記第六章和出埃及記第十四章裡，那種撤銷創造的毀滅審判。所以，我們心裡或許也會想，以色列人這次恐怕也要面對類似的可怕命運了。

就在這個時候，摩西站出來為百姓代求，他甚至願意獻上自己的生命來代替他們受罰。摩西抓住上帝信實和慈愛的本性，懇求神不要放棄祂與以色列人之間的關係。而神呢？神向以色列人施展了他們根本不配得的恩典，祂收回了怒氣，不把災禍降給祂的百姓。

今天的影片特別提醒我們，即使在人類最黑暗、最敗壞的時刻，我們的神依然充滿了恩典與憐憫。

反思問題

1. 出埃及記第三十四章6到7節，總結了神最深層的屬性。當你默想這段經文的時候，請想一想，在我們讀過的聖經故事裡，神都是怎麼對待人類的呢？到目前為止，你曾在哪裡看過神的這些屬性表現出來？

2. 回想一下聖經故事裡的其他地方，你還在哪裡看過有人自願捨棄生命，結果帶來了死裡逃生的拯救呢？如果你需要一點提示的話，可以回去翻看創世記第二十二章，或是第四十四章。你覺得，有什麼共同的重點把這些故事串連在一起呢？摩西願意獻上自己的生命來代替以色列人的這個故事，又是如何發展了這個重要的聖經主題呢？"
"29","以色列人這場慘痛的失敗，差點讓他們跟上帝立約的任務還沒開始就徹底搞砸了！不過現在，他們下定決心要好好把握這得來不易的第二次機會。

他們超級順服上帝建造會幕的指示，而且大家都超慷慨地奉獻，工匠收到的黃金和紗線，竟然多到用不完欸！摩西在以色列營地的正中央，搭起了這座超宏偉、好像把天堂帶到人間的會幕，而上帝充滿榮耀的同在也親自降臨，住在他們當中。

接著，就在我們準備翻開《出埃及記》最後一頁的時候，故事竟然出現了一個大轉折！會幕完工了，上帝的同在也住在裡面。可是，摩西竟然被禁止進去！

這到底是為什麼啊？

邀請你來看看今天的影片，一起複習《出埃及記》的後半段，了解這卷書讓人意想不到的結局。上帝到底要怎麼克服祂和百姓之間的那道障礙呢？

反思問題

1. 請回想一下《出埃及記》的後半段。聖約、律法和上帝的同在，這三個重要主題是怎麼在這些經文裡互相交織運作的呢？

2. 這裡建造會幕的指示，跟《出埃及記》前面提到的超級像，不過有幾個很重要的地方不太一樣喔。舉例來說，請留意《出埃及記》38 章 8 節，上帝安排婦女在會幕門口「伺候」。在這裡，原文用的其實不是希伯來文裡常見的「服事」，而是一個代表「站崗守衛」的動詞。想一想，在聖經其他的記載裡，你還在哪裡看過有人被派去守衛神聖空間的入口呢？這又讓我們對這些婦女的角色有了什麼新的認識？"
"30","出埃及記的結尾，我們看到百姓因為悖逆，沒有辦法來到神聖潔的同在中。而利未記，就為我們帶來了解決的方法。儘管我們人類充滿了罪惡，神卻依然渴望和祂的子民在一起。所以，祂充滿恩典地為我們開了一條路，讓人可以重新來到祂的面前。

在今天的影片裡，我們學到了利未記當中提到的節期、獻祭、祭司，還有關於潔淨的各種規定，這些都是為了要維護神和祂立約子民之間的關係。

今天的經文，向我們介紹了利未記裡的一些獻祭儀式，我們就從代價最高昂的祭開始看起。在大多數的獻祭中，負責獻祭的祭司會保留一部分祭物當作食物，然後把剩下的部分燒給神。但是燔祭不一樣，燔祭必須把整隻動物完全燒化在祭壇上，這象徵著我們對神完全的順服和獻上。而在素祭，也就是獻上禮物的祭，以及平安祭，也就是一種代表相交與團契的祭當中，以色列人要把他們得來的一些農作物和牲畜，當作禮物獻還給神。

透過這些獻祭，以色列人向神表達了滿滿的感恩。神邀請他們來記念，並歡慶神的恩典。因為這位神不只願意和他們住在一起，更是把豐富的恩惠和滿滿的慈愛，澆灌在他們身上。

反思問題

1. 請回想一下，在你讀過的故事中，當人們遇見神神聖的同在時，他們採取了哪些行動，來對神那強烈、甚至帶有危險性的聖潔表達敬畏呢？

2. 在素祭和平安祭裡，神邀請以色列人獻上什麼樣的禮物呢？這又告訴我們，他們對神的感恩具有什麼樣的特質呢？"
"31","現代的我們讀到動物獻祭時，可能會覺得有些奇怪，甚至有點殘忍。但如果我們回到聖經時代的背景，獻祭在當時人們的信仰生活中，其實是很平常、而且非常重要的一部分。這些關於獻祭的律法，其實都指向了上帝的憐憫和恩典。上帝允許以色列人，用他們能夠理解的方式來處理罪惡，讓他們能繼續跟上帝保持親密的關係。

想像一下，有毒的重油漂浮在清澈的水面上；罪惡也是這樣，汙染了上帝創造的美好世界。在古時候的以色列，祭司會透過獻上贖罪祭，來潔淨罪惡、死亡和不公義在群體中造成的汙染。祭司會獻上一隻沒有殘疾的動物，然後把動物的血灑在祭壇上，這代表著洗去了死亡所留下的汙漬。

不過，罪不只會帶來汙染，它更得罪了上帝和身旁的人。所以，以色列人還有贖愆祭，讓百姓在得罪上帝或虧待別人的時候，可以做出賠償。同樣地，祭司會獻上一隻沒有殘疾的動物，來代替那個犯錯的人。如果這個罪跟財物有關，犯錯的人不僅要歸還他所拿走的，還必須額外加上五分之一的補償。

每當以色列人親眼看著獻祭的動物死去時，這畫面都是一個震撼的提醒，讓他們看見罪惡會帶來多麼可怕的後果；同時，這也是一次讓他們學習信靠上帝的深刻體驗。你要知道，真正能洗淨罪惡的，從來不是那些動物的血，而是上帝所應許將要來的救主，也就是耶穌基督在十字架上為我們流出的血。這份奇妙的救恩完全是出於上帝白白的恩典，藉著聖靈賜給我們信心來領受。因為上帝應許，凡是憑著信心仰望他救恩的人，就一定能得到彼此的和好與生命的更新，即使這份修復的代價，是上帝賜下他自己的獨生子。

反思問題

1. 請比較《利未記》7 章 26 到 27 節，以及《創世記》9 章 4 到 6 節。上帝對於血有什麼樣的指示？這些指示如何幫助你明白《利未記》裡的獻祭儀式呢？

2. 在獻祭儀式中，上帝規定這些動物必須符合哪些條件呢？你從中學到了什麼？或者這讓你聯想到什麼新的想法呢？"
"32","上帝為以色列人敞開了大門，讓他神聖的同在可以安穩地降臨在他們中間。上帝的百姓會信靠他，並且安心地與上帝同住嗎？起初，一切看起來都充滿希望。當摩西將亞倫和他的兒子們分別出來、設立他們作祭司的時候，摩西對上帝的聖潔充滿了敬畏。在祭司就職的過程中，他們非常認真地順服上帝的指示。大到每一隻祭牲該怎麼焚燒，小到要把血抹在哪一邊的耳垂上，他們都完全照著上帝的吩咐去做。

上帝歡喜地接納了他們，化作一陣烈火呼嘯著穿過會幕，燒盡了祭司們獻上的第一批祭物。以色列的領袖們完全按照上帝的規矩來到上帝面前，全國上下都享受著與上帝之間嶄新又親密的關係。這真是一個美好的開始。

但是，接下來發生的事卻讓人震驚。亞倫的兩個兒子，拿答和亞比戶，竟然在上帝神聖的空間裡，完全無視上帝的指示。他們不但不敬畏上帝，也不看重自己身為祭司的神聖身分。結果，神聖的烈火當場就把他們給吞滅了！

這個事件為我們帶來了一個重要的提醒，讓我們明白古時候的以色列人，要在會幕中經歷上帝的同在，是一件多麼嚴肅的事。這也讓我們看見，罪人是無法靠著自己隨便親近聖潔的上帝。我們今天能夠來到上帝面前，完全是因為耶穌基督已經為我們滿足了上帝一切的公義和規矩，我們只要信靠他，就能坦然無懼地親近上帝。

反思問題

1. 比較今天的經文中，伴隨上帝同在而出現烈火的兩個地方。這兩個事件發生的原因和結果分別是什麼？這讓你對上帝的聖潔有什麼新的認識呢？

2. 請仔細閱讀第 9 章的最後一段。亞倫和摩西在會幕裡獻完祭之後，做了什麼事？這又是如何幫助你理解，獻祭對以色列這個信仰群體來說，到底有什麼樣的目的？"
"33","昨天，我們把焦點放在祭司身上。今天，我們要來仔細看看所有聚集在一起的以色列群體。為了能安全地進入上帝的帳幕，百姓必須是「潔淨的」，也就是「在禮儀上保持純潔」。

當古代帳幕的律法提到某個人「不潔淨」或是「沾染污穢」的時候，這並不是在道德上定他的罪。聖經裡說的禮儀潔淨，指的是一種暫時的狀態，表示這個人目前不適合進入上帝神聖的空間。這些規則是為了教導整個國家明白生與死的差別，同時也指引他們認識上帝賜給人生命的方式。

每當以色列人碰到跟死亡、混亂或敗壞有關的東西，像是屍體、會傳染的皮膚病，或者是擴散的黴菌等等，他們在禮儀上就不潔淨了。這種不潔淨的狀態，會讓這個人不適合進到上帝神聖的同在裡。為什麼呢？因為上帝希望人們明白，祂居住的地方就像伊甸園一樣，是一個完全沒有死亡和敗壞的空間。禮儀潔淨的條例，可以幫助人們透過生活經驗來學習一個真理，那就是：上帝純潔的本質就是生命，而生命是不能跟死亡混雜在一起的。

大家可以透過遵守上帝的律法來保持潔淨，但有的時候人們會在不知不覺中，或是因為不是自己的錯而變得不潔淨。對於這種情況，上帝也為每個人預備了恢復潔淨的儀式。這裡面透露了一個我們絕對不能錯過的重點。

在這個已經敗壞的世界裡，禮儀上的不潔淨其實就是日常生活的一部分。不潔淨本身不是大問題，真正嚴重的問題是無視上帝的指示，亞當和夏娃也學過這個功課。在帳幕裡就像在伊甸園一樣，上帝非常渴望跟我們住在一起。不過上帝是生命的源頭，所以祂與人相會的地方，必須遠離一切的死亡和敗壞。

關於禮儀潔淨的大量規定，主要是在提醒以色列人，要在生活的每一個層面尊榮上帝的聖潔。你可以透過看影片，來更多了解《利未記》裡的律法，是如何將以色列人分別為聖，成為祭司的國度。

反思問題

1. 回想一下，目前為止我們在《出埃及記》和《利未記》裡讀到的律法。你可以從哪裡看出，這些古老的命令和規定，其實揭示了上帝更深層的愛與智慧呢？

2. 一個完全沒有混亂、死亡和失序的地方，到底會是什麼樣子？如果一輩子都住在那樣的地方，會是什麼樣的感覺呢？"
"34","你想想看，一個在受汙染世界裡長大、內心已經敗壞的人，到底要怎麼進入一個完全沒有敗壞、汙穢和死亡，就像重建版伊甸園一樣的地方呢？這絕對是我們讀到這段聖經時，需要好好思考的大問題。

在今天的經文裡，我們會繼續看到一些充滿象徵意義的禮儀，這些禮儀主要是為了幫以色列人做好準備，讓他們可以進入上帝聖潔的居所。因為上帝創造也維持著所有的生命，所以任何跟死亡或衰敗有關的痕跡，不管是在一開始的伊甸園，還是在這個可以帶著走的伊甸園翻版，也就是帳幕裡，都是絕對不允許出現的。

這或許可以解釋，為什麼今天的經文會把跟生育有關的體液看作是禮儀上的不潔淨。其實上帝造的一切都是好的，祂給了我們身體可以繁衍生命的潛力，所以我們的身體和體液本來就是很美好的，對生命來說也是必須的。但經文想表達的也許是，當這些體液流出身體之外，就象徵著生命的流失。這部分聽起來可能有點難懂，但這段經文真正的重點，其實是要教我們怎麼去分辨生與死，並且嚴格禁止任何跟死亡沾上一點點邊的東西進入帳幕。

所以，在禮儀上不潔淨的人，如果要重新回到上帝聖潔的居所，就必須先進行一種儀式性的清洗。你可以特別留意一下，在《利未記》的這段經文裡，其實隱藏了很多連回《創世記》洪水故事的超連結喔！就像上帝曾經用洪水，把祂創造的世界裡那些邪惡的汙漬給洗得乾乾淨淨；現在，以色列人也需要用水洗淨他們的手跟身體，好讓整個群體都能保持潔淨，不被罪惡汙染。

身為會死亡的受造物，我們其實根本躲不掉接觸死亡這件事。可是，這位賜生命的上帝，卻主動走向被這個破碎世界玷污的我們。祂幫我們準備了一個潔淨自己的方法，好讓我們可以再次走進祂聖潔的居所。因為上帝超級渴望跟我們在一起，所以祂親自為我們開了一條路！

反思問題

1. 你在洪水的故事，也就是《創世記》6到9章，還有《利未記》的潔淨儀式之間，有沒有注意到什麼相似的地方呢？

2. 在《利未記》關於禮儀潔淨的規定裡，聖潔跟不潔淨都是會傳染的！接觸到有上帝同在的事物，像是祭壇上獻的祭物，就會變成聖潔；但如果碰到了不潔淨的東西，在禮儀上也會變得不潔淨。這些潔淨的規定，怎麼幫助你更深地去理解，新約聖經裡耶穌醫治那些患有不潔疾病之人的故事呢？"
"35","今天的經文帶我們看到《利未記》律法最核心的部分！你想想，自從《創世記》3章開始，因為欺騙和邪惡，人類被趕出了伊甸園。在那裡有基路伯和一把發出火焰的劍，擋住了人重新回到上帝聖潔空間的路。不過現在，上帝第一次允許人類穿過繡在帳幕幔子上的基路伯，越過那個代表火焰劍的獻祭祭壇，進入到至聖所。這其實就象徵著人類又重新回到了伊甸園！

所謂的「贖罪日」就是一年一度的獻祭儀式。上帝透過這個特別的儀式來跟祂的百姓和好，讓動物的生命來代替人類。換句話說，這就是人類重新進入伊甸園的方法，而且我們不用再害怕會在門口那把火焰劍下永遠滅亡了。上帝真的充滿恩典，祂為百姓開了一條路來贖罪，讓我們可以再一次跟上帝相聚！

在贖罪日這一天，大祭司會挑選兩隻山羊來為所有人贖罪。他會在祭壇上獻祭第一隻山羊，把牠生命的血灑在帳幕裡，用來潔淨上帝聖潔的空間。接著，大祭司會把手按在第二隻山羊的頭上，這動作象徵把大家所有的罪都轉移到這隻山羊身上，然後把牠放逐到曠野去。當這隻山羊被趕出營外，就代表著上帝已經把罪從以色列人當中徹底除去了。

去看一下今天的影片，可以更深入了解贖罪和獻祭的意義，順便看看《利未記》裡的這些儀式，是怎麼指向未來耶穌那更棒、更美好的獻祭！

反思問題

1. 贖罪是上帝充滿恩典的方式，祂不僅用這個方法恢復了跟我們的關係，同時也嚴肅面對罪所帶來的代價。從《利未記》的贖罪儀式中，關於聖經怎麼描寫邪惡以及邪惡造成的後果，你學到了什麼呢？

2. 《利未記》18-20章定下了以色列人在道德上保持聖潔的標準。請仔細讀一下《利未記》18章開頭的幾節經文。你覺得為什麼上帝要呼召以色列人遵守這些律法呢？從這裡面，你看出上帝跟以色列人的聖約關係有什麼特別的地方嗎？"
"36","在這個世界上，要成為君尊的祭司和一個「被分別為聖」的國民，到底是什麼感覺呢？今天的經文介紹了一些律法，它們的目的就是要塑造以色列人，讓他們能在世界上，把上帝良善的本性真實地活出來！

有一條律法規定，以色列的農夫在收割的時候，必須刻意留下10%的農作物不去收割，好讓窮人可以去撿這些剩下的部分。這樣的做法，讓以色列人跟世界上其他國家完全不一樣。這不只實際展現了上帝對所有人的照顧，也表現出上帝的百姓相信，上帝一定會持續不斷地供應他們。

另一條律法規定，以色列的商人在市場做買賣的時候，必須用誠實的法碼來秤重，這凸顯出上帝有多麼看重公平正義。還有其他律法規定，以色列的家庭絕對不可以參與通姦、亂倫，或是把嬰兒當作祭品獻給神明。周圍的國家可能會覺得這些規定很不聰明，或者單純覺得很奇怪。但他們也會看見，以色列的上帝對性的看法很不一樣；上帝指引的親密之愛，是尊重孩子而不是傷害孩子，而且非常看重伴侶之間的承諾和忠誠。

如果上帝的百姓願意聽從上帝的教導，去愛鄰舍如同自己，他們的群體就會變成一個充滿平安和繁榮的綠洲，矗立在伊甸園東邊這個殘酷的世界中。一起來看看今天的影片，了解耶穌怎麼呼召祂的跟隨者，透過正直、慷慨和毫無保留的愛，來建立同樣美好的信仰群體吧！

反思問題

1. 當你讀到《利未記》19到20章的時候，有哪些不斷重複出現的句子讓你印象最深刻呢？這些句子怎麼幫助你理解這些律法背後的目的呢？

2. 在這些律法當中，有哪些群體受到了特別的保護呢？從這一點來看，你發現上帝具有什麼樣的屬性與價值觀呢？"
"37","今天的經文列出了以色列祭司的資格。你可能會想，祭司到底是誰？他們就像是站在上帝和以色列百姓中間的橋樑。祭司在百姓面前代表上帝，同時也在上帝面前代表百姓。

祭司的職責是「事奉」和「看守」神聖的會幕，這個會幕就像是一個小型的伊甸園。你還記得嗎？當亞當和夏娃最早住在伊甸園裡的時候，上帝也給了他們一模一樣的吩咐。上帝要他們「事奉」並「看守」那塊土地。這其實是在暗示我們，上帝起初創造全人類，就是要我們過著一種如同君王和祭司般的生活。

伊甸園裡不應該有任何死亡、毀滅或是敗壞的痕跡。這就代表，祭司絕對不能帶著任何象徵死亡的記號進入會幕。在古代近東的文化背景裡，這些死亡的記號包含了某些特定的剃頭髮方式、在皮膚上割出傷口或刺青，甚至也包含某些身體上的殘缺，因為這些都象徵著一種受到破壞、不完美的狀態。

《利未記》不只告訴我們該怎麼敬重上帝神聖的空間，也告訴我們該如何敬重上帝神聖的時間。以色列每年的行事曆包含了七個信仰節期，這些節期把百姓的日常生活，和上帝拯救他們的故事緊緊結合在一起。每當以色列人吃著無酵餅和逾越節羔羊，迎接新年到來的時候，他們就會想起，他們整個民族的故事，是從上帝把他們從奴隸的身分中拯救出來開始的。而每年花一個星期的時間住在臨時搭的棚子裡，也能提醒他們，上帝過去在曠野中是怎麼信實地供應他們的一切需要。

一方面，這些節期邀請以色列人年復一年地回想，並宣告他們屬上帝子民的身分；但另一方面，這也給了新一代的年輕人一個超棒的機會，讓他們能夠在自己的時代裡，親身走進這個偉大的故事中。邀請你看看今天的影片，進一步了解以色列的律法和他們的故事之間，到底有什麼奇妙的關聯。

反思問題

1. 數字「七」在《利未記》的寫作設計中扮演了非常關鍵的角色。在今天的經文裡，你找出了幾組「七」呢？（你可以試著找找看重複出現的字詞、句子或是概念喔。）

2. 讓我們想一想《利未記》23章裡關於以色列信仰節期的規定。你覺得這些每年都要慶祝一次的節期，可以怎麼幫助以色列人更認識上帝的屬性，並且明白自己在上帝救贖故事中的位置呢？"
"38","大家今天讀經的時候有沒有發現，以色列人的營地簡直就像是把伊甸園搬到現實生活裡一樣呢！如果你走進會幕，一定會看到一座金燈臺，上面那些開著花的枝子，就好像在重現伊甸園裡的那棵生命樹。這座燈臺的枝子托著七盞燈，不只代表上帝創造天地的七天，也象徵著上帝的光可以穿透無盡的黑暗。就像我們在今天影片裡看到的一樣，上帝的豐富、慷慨，還有祂在第七天設立的安息，其實都深深影響著以色列人每天的生活節奏。

接著，我們看到《利未記》24章記載了一個嚴肅的故事，提醒大家一定要尊榮上帝的名！就像以色列的祭司有特別的責任要保持會幕聖潔，其實全以色列的百姓也有一個很特別的呼召，就是要維護耶和華這個名字的神聖。之前我們看過拿答和亞比戶，因為不尊重上帝的神聖空間，違背祭司的職責而被懲罰；同樣的，這個故事裡那個沒有留下名字，卻開口褻瀆上帝聖名的人，也面臨了嚴厲的後果。這真的是在告訴我們，能夠代表耶和華的名字是一份超棒的禮物，但同時也是一份很沉重的責任。

反思問題

1. 在《利未記》裡面規定了每週、每年，甚至世世代代都要遵守的安息日。你覺得這些規定是在告訴我們，上帝希望祂的百姓享受什麼樣的安息呢？這跟現在大家對休息的看法，有什麼一樣或是不一樣的地方？

2. 在《路加福音》4 章 18 到 19 節裡面，耶穌引用了《以賽亞書》61章提到禧年的這段經文來宣告祂的使命。耶穌說：「主的靈在我身上，因為他用膏膏我，叫我傳福音給貧窮的人；差遣我報告：被擄的得釋放，瞎眼的得看見，叫那受壓制的得自由，報告上帝悅納人的禧年。」回想一下耶穌一生的經歷還有祂做過的事，你覺得祂是怎麼完美實現這些關於禧年的規定呢？"
"39","今天的讀經進度帶我們來到了《利未記》的尾聲！恭喜大家終於讀完囉！你可以搭配影片，來複習一下從這卷書裡學到了什麼。雖然這是一卷複雜又古老的律法書，但它向我們展現了，上帝是多麼堅定地想要跟祂的百姓在一起！每當以色列人背叛上帝、責怪上帝、不聽祂的話，或是破壞了他們跟上帝所立的約，上帝都捨不得放棄他們。相反地，上帝還為以色列人指引了一條路，這是邁向恢復的第一步，最終將會帶領全人類，回到當初在伊甸園裡，那種上帝跟人親密相伴的美好關係！

在《利未記》的最後，摩西呼籲以色列人，要對他們跟上帝所立的約保持忠誠。上帝說，如果以色列人願意守約，他們就會享受到像伊甸園一樣的滿滿祝福！他們會生養很多後代，果樹的樹枝會因為結滿了果子而垂下來，他們的穀倉也會裝得滿滿的，甚至都塞不下！

不過，如果他們選擇違背約定，就會面臨災難，甚至會被趕出那塊應許之地。上帝的公義代表著，當祂的百姓悖逆時，必須承擔自己行為的後果；可是，上帝的憐憫卻讓祂在百姓每一次迷失的時候，還是願意去尋找他們、挽回他們，因為上帝打從心底渴望跟祂的百姓在一起。

現在，以色列人已經學會了該怎麼在上帝聖潔的同在裡生活。但他們目前還是在曠野裡紮營、住在帳篷裡，還沒有一個真正屬於自己的家。這群流浪的百姓，接下來到底會發生什麼事呢？

反思問題

1. 從《利未記》的這些律法和規定中，你對上帝的恩典與聖潔有了什麼樣的認識呢？

2. 《利未記》裡面有很多律法、儀式和象徵符號，對我們生活在21世紀的人來說，有時候真的會覺得滿頭問號。讀完這卷書之後，你對《利未記》的哪些部分有了更清楚的了解呢？現在你還有哪些疑問呢？"
"40","整個國家要準備大搬家囉！以色列人在西奈山待了將近一年的時間，在那裡他們學習遵守跟上帝立的約，敬畏上帝神聖的同在，還有學習怎麼去愛身邊的人。在今天的經文裡，他們準備要拔營，朝著上帝應許的迦南地出發。

如果百姓想在新的土地上安頓下來，那絕對會需要一支軍隊。而且，如果他們要帶著上帝神聖的同在一起旅行，就必須要拆掉並搬運帳幕。所以啦，上帝吩咐摩西開始算一下大家的人數，然後把不同的任務分配下去。

為了解決軍隊的問題，摩西數了另外十一個支派裡，所有到了當兵年齡、可以去打仗的以色列男丁，但唯獨不包含利未人。上帝告訴摩西，利未人要專門負責拆卸跟搬運帳幕。每一個利未家族都有自己該負責的部分，像是有的人負責拔起營釘，有的人負責拆下繡花的幔子，還有的人負責把金器皿收好。你會發現在《民數記》1-4章裡面，以色列群體裡的每一個小家族都在為了這份工作盡一份心力，這根本是一場全體總動員！現在人數都算好了，他們這個可以移動的伊甸園也打包完畢，很快就可以準備上路，就像《民數記》8章寫的那樣。

大家可以看看今天的影片，先來預覽一下以色列人在《民數記》裡的曠野旅程！

反思問題

1. 上帝並沒有把整個國家的工作壓力全部丟給某一個支派或某個人，而是指示每個支派照著特定的方式來貢獻心力。這樣就創造出了一個社群，讓每個人都對整體的繁榮跟發展負起責任。這讓我們看到，上帝到底是怎樣的一位上帝？祂對人際關係還有我們人類社會的設計又是什麼呢？

2. 大家回想一下，到目前為止的聖經故事裡，利未跟他的後代做過哪些事情。為什麼利未一開始會被排除，不能成為上帝特別的代表呢？請看《創世記》34章。後來又是因為什麼原因，讓他的後代有資格在帳幕裡負責這些特別的任務呢？請看《出埃及記》32章25到29節。"
"41","關於罪的賠償、讓人有些不安的苦水儀式，還有留長髮的還願，在今天的進度裡，這四條看起來很奇特的律法，暫停了以色列人預備起行的故事。這些律法表面上看似毫無關聯，但其實，它們呼應了《創世記》1 到 9 章裡，關於水與審判的模式。

就像當年，亞當和夏娃因為犯罪帶來了死亡，被上帝趕出伊甸園；現在，所有身上帶有死亡象徵的以色列人，也必須離開營地。也像當年，大洪水在人們陷入混亂的性關係之後帶來了審判，也就是《創世記》6 到 8 章的記載；現在，上帝同樣要用水，來作為審判通姦的方式。這個跟大洪水故事的巧妙連結，是在提醒以色列人，只有倚靠上帝的恩典，才能平安度過審判的水，就像挪亞蒙上帝拯救那樣。如果我們回到當時的歷史背景來看，苦水試驗其實是把審判的主權交給上帝，藉此來保護無辜的婦女，免得她們被人誣告。

你可以留意一下，《創世記》1 到 9 章的模式，在《民數記》裡有了什麼樣的新面貌。不同於亞當和夏娃永遠被趕出伊甸園，以色列人離開營地只是暫時的。當年亞當和夏娃因為悖逆上帝而互相指責，但現在，上帝教導以色列人要主動認罪，並且為他們所造成的傷害做出賠償。在《創世記》裡，挪亞在審判的大水退去之後，因為醉酒而失態；但在這裡，拿細耳人卻是完全禁戒清酒濃酒。

聖經的作者似乎運用了這四條律法，透過巧妙的文字，把這些規定跟《創世記》的故事連結起來。這其實是為了點出以色列人真正的呼召，也就是：他們要在祖先失敗的地方取得成功。但是，這群以色列人靠著自己，真的能成為那一代對上帝完全忠心的人嗎？其實歷史告訴我們，他們還是失敗了。這也讓我們看見，我們是多麼需要上帝主動賜下恩典與拯救。

反思問題

1. 請默想《民數記》5 章 5 到 10 節，關於為罪賠償的律法。這些誡命告訴了你，罪會如何破壞人與人之間的關係？為了修復這樣破碎的關係，我們需要採取什麼樣的行動呢？

2. 在《民數記》6 章 22 到 27 節祭司的祝福裡，你注意到了哪些跟伊甸園遙相呼應的細節呢？"
"42","在西奈山腳下紮營了十一個月又十九天之後，以色列人終於拔營，準備出發前往應許之地！雖然他們剛成為上帝立約子民的時候，經歷了不少風風雨雨，起步有點辛苦，但在今天的經文裡，我們看到他們正緊緊跟著上帝的腳步向前邁進。

不管是把利未人分別為聖來服事會幕、守逾越節的晚餐，還是跟著代表上帝同在的雲彩，我們都不停聽到同一句話：「以色列人就照著上帝吩咐的去做了。」就像上帝曾經應許的那樣，亞伯拉罕的家族已經繁衍成一個大國。現在，他們正繼續前進，朝著上帝應許給他們的土地邁進！

無論以色列人走到哪裡，上帝都在他們營地的正中央，跟他們一起同行。祭司們日夜在神聖的會幕裡服事，確保燈臺的光照亮聖所，桌上擺滿新鮮的陳設餅，祭壇上也一直有香煙升起。隨著會幕順利運作，各個支派也都照著計畫排得整整齊齊，這趟旅程就繼續穩穩地向前走。

反思問題

1. 請比較《民數記》8章利未人的奉獻禮，還有《利未記》8到9章祭司的承接聖職禮。你有注意到哪些相同和不同的地方嗎？

2. 在《民數記》9章14節，我們看到上帝歡迎寄居的外邦人一起來守逾越節的筵席，只要他們遵守和以色列人完全一樣的規定。這告訴了你，上帝對其他民族的態度是什麼？祂又希望以色列人怎麼看待跟外邦人的關係呢？"
"43","你曾經把全副心思都投入到某件事上嗎？聖經的翻譯者通常會把希伯來文的「尼發希」翻譯成「靈魂」或「心」，它代表著一個人的「全人」，也就是你的全部。就像你在影片裡學到的，我們人類本來應該用盡我們的「尼發希」來愛神。但在今天的經文裡，我們卻看到以色列人背離了神，甚至用盡他們的「尼發希」來發怨言。

感覺以色列人才剛剛離開西奈山，他們的抱怨聲就又開始了。首先，百姓抱怨吃的不夠好。他們說自己早就吃膩了嗎哪，甚至覺得，就算回到埃及去過那種殘酷的奴隸生活，只要能換到幾條黃瓜來吃，都還比較划算呢。接著，連摩西的哥哥亞倫和姊姊米利暗，也開始對摩西的帶領感到不滿。最後，這個充滿怨言的國家，就這樣一路抱怨來到了應許之地的邊界。

在進去之前，摩西想派十二個探子去看看那塊土地到底是好還是壞，並且吩咐他們帶一些當地的果子回來，這記載在民數記十三章18到20節。請特別留意這裡與伊甸園故事的巧妙連結：同樣都是看見然後拿取，同樣都在分辨好與壞，也同樣都面臨了對果子的選擇。摩西正在重蹈亞當和夏娃的覆轍，他決定由自己和探子來判斷什麼是好、什麼是壞，而不是單單信靠神的智慧。

摩西在這裡表現出對神缺乏信靠，這讓整個故事的發展變得非常緊繃：百姓到底會不會真正地信靠神呢？還是他們會想要自己來決定什麼才是好與壞呢？

反思問題

1. 民數記十一章4節中，用來形容以色列人貪求不同食物的希伯來文，跟創世記三章6節用來形容夏娃渴望那顆禁果的，其實是同一個字。比較民數記十一章和創世記二到三章的故事，你還有發現其他什麼相似的關聯嗎？

2. 回想一下其他的聖經故事，你還在哪裡看過有人決定用無價或神聖的東西，去換取食物或一頓簡單的飯菜呢？當時發生了什麼事？"
"44","你有沒有過這種經驗，就是好不容易拿到你一直想要的東西，結果後來才發現那根本不是件好事？在今天的讀經進度裡，我們就會看到幾個這樣的故事，有些人還真的拿到了他們想要的，但最後卻變成一場悲劇。

首先，以色列人選擇相信那十個探子對迦南地講的超可怕報告，卻不願意相信上帝的應許。你想想，經過了一年多的曠野流浪，他們隔著約旦河看著那片應許之地，明明就已經近在眼前了！但是，他們竟然拒絕進去。

那種超可怕的恐慌讓他們完全失去理智，甚至覺得最好的選擇就是回埃及重新當奴隸。這種背叛讓上帝又難過又生氣。不過，摩西為了大家向上帝求情，拜託上帝記得祂慈愛的本性，還有祂曾經答應過的事。奇妙的是，上帝真的回心轉意，沒有馬上毀滅他們，但祂還是堅守祂說過的話。祂把這群叛逆的以色列人嘴裡吵著想要的給了他們，那就是讓他們死在曠野，永遠進不了應許之地。

接著，有個叫可拉的利未人，他超有野心想要當祭司；而他的同夥大坍和亞比蘭，則是想要分到更好的土地。於是，摩西就放手讓他們順著自己的慾望去做。你想要扛起祭司的責任嗎？好啊，但你要知道，上帝會用更高的標準來審判你。你想要把安全感建立在看得見的土地上嗎？好啊，但這片土地最後卻把你給吞掉。結果，地面真的裂開，把這些叛逆的人活生生吞了下去。

我們的上帝不輕易發怒，但祂也絕對不會忽視公義。快來看看今天的影片，一起來了解上帝的憤怒、公義和愛之間，到底有著什麼樣的關聯吧。

反思問題

1. 回顧到目前為止的聖經故事，想一想上帝是怎麼回應人類的邪惡。你在哪裡看見了上帝「不輕易發怒」的特質呢？

2. 在《民數記》15章關於獻祭的指示中，上帝規定以色列人要在什麼時候獻上這些祭物呢？這又暗示了上帝對祂的百姓和應許之地，有著什麼樣不變的承諾呢？"
"45","昨天我們讀到，以色列人起來反抗上帝揀選的領袖，指控摩西和亞倫是為了自己的野心才要奪取領導地位。但在今天的經文中，我們看到亞倫的木杖竟然奇蹟似地發芽了，就像一棵活生生的樹一樣長出新芽！這又再次證明，上帝真的揀選了亞倫的家族來擔任祭司。

枯木開花不只肯定了上帝的心意，同時也責備了大家之前的抱怨。上帝非常樂意跟祂的百姓在一起，可是大家必須照著上帝的方式，才能來到祂聖潔的居所。就拿這件事來說，這就代表他們必須尊重上帝選出來的祭司。

因為祭司和利未人扮演著代表以色列人的特別角色，上帝也用特別的方式來供應他們。跟其他以色列支派不一樣，他們在應許之地不會分到土地當作產業。相反的，他們會收到十分之一的奉獻，也就是其他支派所得的十分之一，還有獻給上帝的聖物。祭司和利未人就像是一個活生生的提醒，告訴大家上帝時時刻刻都在供應他們，所以大家也應該學習上帝的方式，彼此照顧、互相供應。

反思問題

1. 請比較以色列人看到亞倫的杖發芽時的反應（《民數記》17章12到13節），還有他們在西奈山面對上帝同在時的反應（《出埃及記》20章18到21節）。在這兩種情況下，上帝分別賜給他們誰來當作中保呢？這又向我們啟示了關於上帝榮耀的什麼真理呢？

2. 想一想，上帝要求以色列人把他們收成的一部分獻給祂。這告訴了你，上帝看重的是什麼樣的感恩呢？"
"46","在荒涼廣闊的曠野中，筋疲力盡的以色列人不斷地往前走。原本前往應許之地，應該是一趟不算太長的旅程，沒想到卻拖了幾十年。當水喝光的時候，百姓終於到了崩潰的邊緣。恐慌讓他們陷入極度的憤怒，甚至起來反抗摩西。他們指責摩西把大家帶進沙漠，根本是想讓他們死在這裡。

摩西和亞倫去尋求上帝的指引，但他們卻沒有確實聽從上帝的吩咐。當上帝告訴摩西，只要開口「吩咐磐石」流出水來的時候，摩西卻因為太過生氣，直接用手裡的杖擊打磐石。更嚴重的是，摩西和亞倫竟然把上帝行神蹟供應水的功勞，攬在自己身上。身為以色列人的領袖，摩西和亞倫在面對這些重要決定的時候，背負著非常巨大的責任。他們因為不信，失去了帶領百姓進入應許之地的機會，最後只能和那些不信的世代一樣，死在曠野裡。

然而，到了下一代，情況出現了轉機。當迦南的國王攻擊他們的時候，他們懂得向上帝求助。當他們得罪上帝，發現自己被毒蛇包圍的時候，他們願意悔改，並且謙卑地拜託摩西為他們代禱。而當國王西宏和噩，擋住他們前往應許之地的去路時，以色列人輕而易舉地打敗了敵人的軍隊。這一代的新國民，真的能從父母親的錯誤中學到教訓嗎？

反思問題

1. 請比較摩西和亞倫在民數記第二十章的失敗，以及百姓在民數記第十四章的叛逆。你有觀察到哪些相同點和不同點呢？

2. 雖然摩西是地位崇高的以色列領袖，但他還是犯了和一般人一樣的錯誤，也面臨了相同的後果。這告訴了我們，上帝是如何看待領袖，以及祂所賜下的呼召呢？"
"47","會說話的驢子、找術士作法的國王、手裡拿著刀的天使。今天的經文，就像帶我們走進一齣在摩押山區上演的精采大戲。摩押王巴勒花錢請來一位非常有名的術士，叫做巴蘭，想要趁著以色列人路過的時候，咒詛這群毫不知情的百姓。

巴蘭，這位當地最厲害的占卜師，居然連天使都看不見，反而他那頭會說話的驢子還看得一清二楚。巴勒本來想咒詛以色列，沒想到他這麼做，反而讓以色列得到了加倍的祝福。同一時間，在山下平原紮營的以色列人，這幾十年來老是在抱怨神，甚至覺得神故意要害他們。但在他們頭頂的山丘上，神卻使用了一位外邦的術士，把滿滿的祝福，傾倒在這些完全不知情的以色列人身上。

這個生動精采的故事，彰顯出神性情中一個非常核心的特質，那就是祂堅定不移的慈愛。回想在創世記第12章，神向亞伯拉罕和他的家族應許，要賜給他們土地，讓他們的名為大，並且祝福那些祝福他們的人，咒詛那些咒詛他們的人。儘管以色列人一次又一次地背棄神，神卻依然信實地對待他們，堅守祂的應許。請接著觀看影片，來更多認識神這份堅定不移的愛。

反思問題

1. 回想一下我們讀到現在的聖經故事，你曾在哪些地方，看見神展現出祂這份堅定不移的愛呢？

2. 請比較民數記第24章15到19節裡，巴蘭的第四次預言，以及創世記第49章8到12節裡，雅各對猶大的祝福。在這兩個預言當中，你注意到了哪些共同的主題和畫面呢？"
"48","在創世記的結尾，亞伯拉罕的家族來到了埃及。當時，他們逃離了背後的饑荒，面對著充滿未知的前方。然而，神卻揀選了這群不起眼又疲憊的牧羊人，使他們成為一個偉大的國家。神分開大海，救他們脫離了奴役。祂從天上降下糧食給他們吃，又在乾旱的沙漠中湧出活水來解他們的渴。神一路帶領他們，來到應許之地的邊界，不僅保護他們免受敵軍的攻擊，甚至親自在他們頭頂上，將別人對他們的咒詛化為祝福。

儘管領受了這麼多的恩典，以色列人還是很難完全信靠神，也很難順服祂的指引。在今天的經文中，我們看到以色列人陷入了淫亂和拜偶像的罪中，這兩樣罪在聖經裡常常是連在一起的。就像對配偶不忠會破壞婚姻的盟約一樣，以色列人拜偶像，也破壞了他們與耶和華神所立的約。神就像一位深愛著妻子的丈夫，期盼祂的立約對象能對祂忠誠。非尼哈為了制止以色列人的不忠，採取了非常嚴厲的行動。記載在民數記二十五章六到八節的這件事，讓我們看見，以色列人違背與神所立的約，會帶來多麼致命的後果。

在經歷了瘟疫的危機之後，新一代的以色列人正準備進入應許之地。摩西針對符合當兵年齡的男子，重新做了一次人口普查；同時，西羅非哈的女兒們也對以色列的產業繼承規定提出了疑問。既然他們即將在應許之地定居，婦女們也需要擁有原本只保留給男性的產業繼承權。摩西發現她們的訴求非常合理，於是同意修改規定，好讓神賜給亞伯拉罕的祝福，能夠延續給以色列每一個家庭。接著，摩西任命了約書亞作為他的接班人，為以色列人預備了一位強而有力的領袖。以色列人在曠野流浪的日子，終於快要畫下句點了！

反思問題

1. 回想一下，到目前為止，約書亞曾在民數記的哪些地方出現過？他用什麼樣的表現，證明了自己具備成為領袖的資格？

2. 神說，西羅非哈的女兒們可以像弟兄一樣，擁有並管理她們在應許之地的那份產業。在聖經的其他地方，你還看過哪裡提到男人和女人被賦予平等的責任，一起來管理土地呢？這個發現，如何幫助你更深地理解民數記這個時刻的意義呢？"
"49","以色列人已經在約旦河邊紮好營，準備過河去接收上帝答應要給他們的那塊土地！等他們在那邊安頓下來以後，生活上會需要一些規律，也需要一些記號來提醒他們上帝有多可靠信實。上帝的名字本身就是一個超棒的提醒，讓他們記得上帝到底是怎樣的一位上帝。現在，上帝進一步教他們怎麼過各種節期，用這些節日來安排他們一整年的行事曆。這些節期的目的，就是為了讓他們的生活能緊緊繞著上帝拯救他們的故事轉喔！

每次以色列人在逾越節吃無酵餅的時候，他們就會想起在埃及的那一夜，上帝是怎麼把他們從奴隸的生活中救出來的。每次他們在七七節把收成的穀物獻在祭壇上，就會記得這些大豐收全都是上帝送的禮物。每次他們在吹角節聽見羊角號聲響起，就會想起當初在西奈山前，他們跟上帝立約成為上帝子民的時候，上帝那聽起來像打雷一樣的聲音。每次他們在贖罪日謙卑俯伏，就會深深體會到上帝那充滿恩典又源源不絕的赦免。還有每次他們在住棚節，花一個禮拜的時間住在臨時搭的帳棚裡，就會想起上帝是怎麼帶領他們平安走過曠野，最後來到這個超級豐富的應許之地。

就這樣年復一年地複習這些信仰中最重要的歷史經歷，以色列人不斷向全世界宣告他們的真實身分，也宣告他們的上帝到底是誰。現在，就請你看一下今天的影片，我們一起來認識上帝當初向以色列人介紹自己時，是用什麼名字吧！

反思問題

1. 以色列的上帝，他神聖的名字代表著他是那「昔在、今在、以後永在」的上帝。當上帝向以色列人宣布，要拯救他們脫離奴役的時候，你覺得為什麼讓他們認識這個名字會這麼重要呢？上帝的名字，又如何幫助你更深地明白他今天依然是怎樣的一位上帝呢？

2. 上帝最早是在《利未記》23章給了以色列人關於神聖節期的指示。那麼，在《民數記》28到29章裡，上帝又加入了哪些新的吩咐呢？你覺得上帝為什麼要選在這個時候，也就是他們準備要踏進應許之地邊界的時候，加入這些新的指示呢？"
"50","上帝是信實的，他總是遵守承諾，這也包含他曾答應要消除一切的不公義。在今天的經文，也就是《民數記》25 章裡，我們看見上帝如何對付那些引誘以色列人拜偶像的米甸人，這展現了上帝對公義的堅持。讀到古代的戰爭，現代人有時候心裡會覺得不太舒服；但是對當時的以色列人來說，看見敵人戰敗，就代表彰顯了上帝的公義。以色列人徹底擊敗了米甸人，這場勝利給了他們一劑強心針，讓他們確信，在準備進入迦南地的時候，上帝的大能確實與他們同在。

現在，以色列人都聚集在約旦河邊，準備好要過河進入應許之地了。但這時卻出了一個狀況：不是每一個人都想過去。流便和迦得這兩個支派，看見約旦河東岸的土地很肥美，就想把它們佔為己有。他們心中的渴望，就像是一條無形的線，把我們連回了當初在分別善惡樹前的夏娃。就像夏娃一樣，這兩個支派看見了自己想要的東西，就想要一把抓在手裡，而不是按照上帝的方式，來領受上帝所賜的禮物。

上帝的子民又一次自作聰明，以為自己最懂什麼才是最好的。他們就像亞當和夏娃一樣，做自己眼中看為對的事情。摩西非常生氣，這件事讓他彷彿又聽見了當年上一代人在曠野時，因為害怕而拒絕進入應許之地的悲慘經歷。流便和迦得的選擇，不僅重演了亞當和夏娃的罪，也重演了罪惡所帶來的兄弟分裂。

應許之地原本應該是一個讓弟兄們和睦同居的地方。但現在，只有十個支派會住在那裡，而流便、迦得以及瑪拿西半個支派，卻要留在約旦河東岸。只要他們願意幫忙其他支派攻下應許之地，摩西也就答應了。然而，這些彷彿是《創世記》3 到 4 章翻版的舉動，已經為他們的決定蒙上了一層不祥的陰影。

反思問題

1. 在《民數記》的故事中，你還在哪裡見過祭司以利亞撒的兒子非尼哈？他在這裡再次出現有什麼意義呢？

2. 試著比較今天經文裡的流便和迦得支派，以及《民數記》13 到 14 章裡的曠野世代。他們的行為有哪些相似的地方？又有什麼不同呢？"
"51","經過了漫長的四十年漂流，以色列人現在仍然紮營在迦南地的邊界。這時候，經文帶我們回顧了他們過去四十年的旅行日誌。這不只是一份地理上的路線圖，更是一幅描繪他們從埃及到迦南的屬靈地圖！

舉例來說，利非訂這個地方提醒了以色列人，當水喝完的時候，他們曾經忘記要倚靠上帝；這也是在警告他們，未來不要再常常發怨言了。其他的站點，像是何珥山和底本迦得，則是記錄了上帝在那裡怎樣帶領以色列人打敗敵人。總而言之，這份旅行日誌告訴我們一件事，那就是儘管以色列人常常不信靠上帝，甚至悖逆上帝，但上帝依然會在他們走過的每一步當中，繼續愛著他們、看顧著他們。

回顧這些過去的歷史，在以色列人為未來做準備的時候，給了他們極大的勇氣和智慧。上帝應許他們，他在曠野中展現的大能與慈愛，也同樣會在以色列人進入應許之地的時候，成為他們的力量。上帝會帶領他們步向勝利，直到迦南地最遠的邊界，而以色列人唯一要做的，就是專心倚靠他。不過，引誘他們背叛上帝的試探到處都是，所以他們必須把迦南地的偶像崇拜完全清除乾淨。在這個故事裡我們學到，是上帝信實地守住了他立約的應許；而作為蒙恩的子民，我們理當懷著感恩的心，對上帝全心全意地忠誠。

反思問題

1. 默想以色列人的這趟旅程。想想看，日誌裡的哪些地方，是在警告我們不要對上帝不忠心？又有哪些地方鼓勵了我們，讓我們看見上帝會不斷地保護和供應呢？

2. 上帝吩咐摩西，讓耶孚尼的兒子迦勒來帶領猶大支派進入應許之地。在《民數記》的故事裡，你還在哪裡看過迦勒呢？你覺得他在這個時候再次出現，有什麼特別的意義嗎？"
"52","以色列人已經走到了曠野旅程的終點，而你也讀完了整卷民數記。恭喜你！你可以看看這支影片，複習一下我們到目前為止學到的重點。

神最後的指示，讓我們看出祂對以色列人在應許之地，有哪些優先的考量，也讓我們知道祂看重人們過什麼樣的生活。神對利未人非常慷慨，因為他們沒有土地的繼承權，所以神將其他支派領地裡的一些城鎮賜給他們。神也吩咐以色列人設立逃城，這顯示了祂是多麼渴望保護生命。在古代中東的文化裡，如果有人殺害了家族裡的成員，即使只是一場意外，這個家族通常也會要求報復。而逃城，就為那些不小心害死人、整天活在被報復恐懼中的人，提供了一個安全的避風港。

最後，神給了西羅非哈的女兒們一些額外的指示，為了確保分給每個支派的土地，都能保留在自己的家族裡。這幾位姊妹順服的行動，為民數記畫下了一個美好的句點。而在交出帶領百姓的重任之前，摩西站了起來，準備對以色列人發表最後一次的演說。

反思問題

1. 從民數記的故事中，你對神的屬性有了哪些新的認識？關於這卷書，你還有什麼疑問嗎？

2. 關於逃城的律法，讓我們看出神非常愛惜人的生命。在你目前讀過的聖經律法中，你還在哪裡看過神這樣關懷生命呢？"
"53","所有的以色列人正站在開闊的平原上，在他們背後，是那片埋葬了上一代人的曠野。在他們周圍，敵人的堡壘已經成了廢墟，還冒著煙，彷彿在提醒著他們剛經歷的初次勝利。而在他們面前流淌著的，是約旦河。這是他們與上帝應許之地之間，最後的一道邊界了。

在他們渡河之前，摩西向大家作了最後一次的勉勵。他先帶領大家回顧了以色列人的歷史。出埃及的那一代人，因為害怕而做了錯誤的決定，而不是出於對上帝的愛和信靠。結果，他們只好在曠野流浪了四十年。

現在，摩西迫切地提醒這新的一代，千萬不要犯下和他們父母一樣的錯誤。要選擇用信心戰勝恐懼，用忠誠代替拜偶像，並且用順服來取代背叛。摩西向他們解釋了未來生活要遵守的律法。他鼓勵大家要做出正確的選擇，並且忠於他們和耶和華上帝所立的聖約。讓我們一起來看今天的影片，預先了解摩西在申命記中，是如何呼喚大家對聖約保持忠誠的。

反思問題

1. 回想一下我們目前讀過的摩西五經故事。在申命記一開始的時候，上帝的哪些應許已經實現了呢？又有哪些應許還沒實現呢？

2. 當你讀到摩西總結以色列人在曠野的歷史時，請留意他在演說中對不同的事件分配了多少篇幅。哪些故事他花了很多時間重述？又有哪些故事他只是輕描淡寫地帶過？這如何幫助你抓到摩西這次說話的重點呢？"
"54","摩西演說最後那段比較沉重的部分，談到了那些在曠野旅程中死去的以色列人，也就是從埃及的奴役中被釋放出來的那一代。神拯救了他們，邀請他們與祂一起過全新的生活，但他們卻選擇了背叛。摩西在這裡提醒新一代的以色列人，轉身離開神，其實就是走向死亡。

現在，摩西再次把生與死的選擇擺在百姓面前。他要他們專心聽從耶和華，並知道耶和華也同樣在聽他們的呼求。就像你在影片中會學到的，聽從不只是耳朵聽見神的話而已，它更包含了一種積極的行動，也就是按照神的吩咐去生活。

在今天的經文中，摩西提醒以色列人，他們對耶和華的愛，是從聽從十誡開始的。他說，那些選擇全心全意只跟隨耶和華的人，將會享受如同伊甸園一般的祝福：在青翠茂盛的土地上，享受豐盛與多產。然而，如果轉身離開耶和華，去信靠其他的神明或任何事物，將會帶來毀滅性的後果，讓他們被趕出家園，甚至步入死亡。

摩西警告百姓，去信靠偶像，說穿了，就是拿充滿無限大能的拯救者耶和華，去換取那些毫無生命的木頭和石頭。要知道，當以色列人陷入危險，開口呼求耶和華的時候，神會聽見，並且一定會拯救他們。

反思問題

1. 請思想一下摩西對古代以色列人的呼籲，他要他們避開任何形式的偶像。我們現在可能不會向木頭跪拜，但我們常常花費很多時間和精力，去追求那些我們以為能帶來滿足與生命的事物。在你的生活中，那些事物，或者說那些偶像，是什麼呢？

2. 請比較申命記第五章重申的十誡，以及出埃及記第二十章第一次出現的十誡。你注意到了什麼不同的地方嗎？你認為為什麼在這裡會出現這些新的強調重點呢？"
"55","在今天的讀經進度裡，你會發現摩西用超兇的語氣來警告以色列人，告訴他們如果跟著迦南人去拜偶像，後果會有多可怕。他對迦南當地居民下的命令，聽起來真的滿嚇人的。不過我們要注意喔，摩西是用很極端的說法，來警告他們這種極端的後果。還有，這是一份古老的文獻，所以我們讀的時候要仔細留意那些文字裡的小細節，這些細節不僅稍微緩和了那些超嚴厲的命令，也能幫我們看懂背後更深的意義。

舉例來說，摩西一方面命令要徹底消滅迦南人的生活方式，但另一方面，他又接著禁止以色列人跟他們通婚，也不准簽訂任何條約。這代表摩西其實知道，當地至少還會有一些迦南人活下來。既然他假定會有倖存者，就表示他口中那些「完全毀滅」的誇張說法，雖然聽起來像是要把整個種族滅絕，但其實只是一種加強語氣的說話方式而已。

不僅如此，聖經的作者在這裡好像加了超連結一樣，巧妙地把這個故事跟《創世記》6 到 8章的洪水事件連在一起。他們把以色列人征服迦南的任務，看作是上帝用來審判人類罪惡的一場「洪水」。你可以注意一下，聖經是怎麼把這一代的迦南人，跟挪亞時代那些充滿黑暗、暴力，最後被洪水毀滅的世代連起來的。還有亞衲族人，這些殘暴高大的戰士，讓人聯想到洪水前的巨人，曾讓整個世界染滿了無辜人的鮮血。

這些迦南人其實已經選擇站在死亡這一邊，不斷破壞上帝原本美好的創造。而上帝執行公義的審判，其實就是順著他們自己選的這條路，加速他們走向滅亡。

反思問題

1. 比較今天的讀經進度跟《創世記》6 到 8章的洪水記載。在以色列人征服迦南的過程跟當年的洪水之間，你注意到了哪些相同跟不同的地方呢？

2. 在今天的經文裡，你看到哪些地方提到上帝在《創世記》裡賜下的應許？這又怎麼幫你理解以色列人在《申命記》裡領受到的呼召呢？"
"56","帶領大家快速回顧以色列歷史的高低起伏後，摩西為他這篇長長的演講第一部分，做了一個超激勵人心的結尾。他把以色列和上帝立約的律法，濃縮成五件百姓最該做的實際行動。他們要敬畏上帝，遵行祂一切的道，愛祂、事奉祂，而且要遵守祂的誡命，因為上帝的智慧充滿了良善和生命。

現在，以色列人必須做出決定！他們是要聽從，還是要轉身離開呢？全心全意效忠上帝，會帶來豐盛的祝福！上帝會降下豐富的雨水滋潤大地，乾旱的山丘會長出翠綠的植物，山坡上也會結滿大豐收的葡萄和麥子。但是，如果跑去拜偶像，就會招來咒詛。這中間可是沒有妥協餘地的，他們不能同時事奉兩個主。

帶著這個要對上帝守約的強烈呼籲，摩西進入了演講的第二部分。這是一系列的律法，教導他們進入應許之地後，該怎麼活出對上帝的忠誠。以色列人必須完全摧毀迦南人用來拜偶像的物品和地點，也要把所有的祭物帶到唯一的聖所，在那裡歡慶獨一真上帝的美善。全國百姓都要和祭司、利未人一起，享用上帝賜下的豐盛。不過，在吃這些祭肉的時候，以色列人必須非常小心，絕對不可以吃血，因為血代表著動物的生命。

這裡最核心的觀念就是，所有的生命都單單屬於上帝。請看看今天的影片，來了解聖經裡的血（希伯來文發音的達姆）跟生命之間到底有什麼關聯吧！

反思問題

1. 回想一下，到目前為止你在以色列律法中讀到關於血的規定。這些命令怎麼幫助你明白上帝看待生命的眼光呢？

2. 默想《申命記》10章12到22節，摩西呼籲百姓要對上帝守約的這段經文。在這段話裡，他是怎麼形容上帝的屬性呢？這又讓我們看出，順服上帝真正的意義是什麼？"
"57","我們常常覺得，來自朋友和家人的同儕壓力是最難抗拒的。在今天的經文裡，摩西警告以色列人，要小心那些從內部破壞他們對上帝忠誠的威脅。不論這聲音是來自最好的朋友、親手足，甚至是自己的配偶，只要是誘惑他們去倚靠上帝以外的人事物，他們都必須堅決抵擋喔。

選擇信靠偶像，就像體內長了惡性腫瘤一樣，一旦擴散開來，就會帶來全國性的毀滅，威脅到整個以色列群體的生存。為了徹底清除這個腫瘤，以色列的律法對那些公然背叛上帝的城鎮，開出了非常強烈的治療處方。任何選擇跟隨迦南偶像的以色列城鎮，都會面臨跟迦南人一模一樣的下場，也就是失去上帝原本創造的美好，走向徹底的死亡。

不過，這些律法也包含了非常關鍵的保護措施。如果有人指控一整座城都在拜偶像，必須先經過非常仔細的調查。如果查證屬實，這座城的財物就要全部當作燔祭獻給上帝。像這樣的保護規定，是為了防止那些貪心又有權勢的人，用說謊的方式來奪取鄰居的財產。

對上帝忠誠，不僅僅是拒絕拜偶像而已。信靠並跟隨上帝，也包含了照顧窮人。每年，以色列的家庭都要將他們收入的十分之一，也就是什一奉獻，帶到上帝的聖所交給祭司和利未人。而每到第三年，這份什一奉獻則要分給窮人。上帝那慷慨的屬性，正是以色列整個經濟與宗教體系的根基。這樣一來，無論是富裕還是貧窮，上帝豐盛的賜福都能滿溢地流向每一個人。

反思問題

《申命記》12到26章的律法，是按照十誡的順序來編排的。今天讀到的律法，如何幫助你更深地明白，對以色列人來說「除了上帝以外不可有別的神」、遠避偶像，以及在群體中維護上帝的名聲，到底代表什麼意義呢？

即便是以色列自己的城鎮，如果拜偶像，同樣無法逃避上帝對偶像崇拜的審判。這讓你對上帝公義的本質有了什麼樣的認識呢？"
"58","一個人要怎樣才能像上帝那樣安息呢？在今天的經文裡，摩西帶我們回顧了關於安息日與節期的重要規定，把上帝神聖的安息，融入了以色列人的日常生活與曆法當中。這些教導讓我們看見，上帝所說的安息，遠遠不只是停下工作而已。對耶和華上帝來說，真正的安息，會推動祂的百姓對所有人展現慷慨，並追求自由與公義。

當以色列人在應許之地安頓下來後，每一年的開始就是逾越節。以色列人要聚在一起烤羊肉、吃無酵餅。這不僅是為了記念上帝拯救他們脫離奴隸生活的那一個夜晚，也是在記念上帝如何保守他們，不再回到過去的枷鎖中。年復一年，以色列人都在分享這個充滿恩典的時刻。不僅如此，就如影片裡提到的，希伯來文的「記念」這個詞，通常是指一種會帶來實際行動的關注。這正是我們在今天經文中看到的重點。為了記念過去曾經作奴隸的日子，以色列人必須每隔七年，就讓他們的奴僕重獲自由。

逾越節過了幾個月後，就是收割的季節，百姓會花七個星期的時間，從田裡收割穀物。接著迎來的是七七節，大家聚在一起，歡慶並感謝上帝豐盛的供應。然後，到了第七年的安息年，以色列人也要對別人展現出同樣的慷慨，他們要免除這塊土地上所有的債務。

耶和華的安息，創造出一個充滿顛覆性的全新群體。這個群體的目標，是要終結極度的貧困、像滾雪球般越來越大的債務，以及剝奪人性尊嚴的奴隸制度。當上帝的百姓願意照著祂的吩咐，擁抱並活出安息日的精神時，所帶來的結果，就是讓每個人都能享受喜樂與祝福。

反思問題

1. 申命記十五到十六章的內容，對應了十誡中的第四條誡命。從今天經文的這些律法當中，對於「尊榮上帝的安息日」，你有什麼新的認識與體會呢？

2. 在申命記十五章9節，摩西警告以色列人，不要對有需要的窮人懷抱惡意。這句希伯來文的字面意思，其實是在警告人不要有一隻「惡眼」，這是一個用來形容吝嗇的比喻。這樣的比喻，以及相關的律法規定，如何幫助你理解耶穌在登山寶訓裡，關於「眼睛明亮」的教導呢？你可以試著讀一讀馬太福音六章19到24節來思考這個問題。"
"59","在這個世界裡，人們總是追求更大、更響亮，並且不斷為自己和身邊的人爭取更多。然而，上帝給祂子民的指示卻截然不同，祂呼召自己的百姓要謙卑、節制，並且慷慨地關心別人。今天的讀經內容提到了一些限制，這些限制的目的，是要引導以色列人走在蒙福和充滿生命的道路上。

其他國家通常把君王當作神明，認為君王本身就是法律。但是，以色列的最高領袖既不是神明，也不能凌駕於法律之上。他們和其他人一樣，都必須遵守上帝的聖約律法。以色列的君王要和審判官、祭司以及先知共同行使權柄，而不是高高在上統治他們。不僅如此，君王也必須自我克制，不能為皇宮囤積黃金、不能為後宮招聚許多妻妾，也不能為軍隊大量添購馬匹。要知道，這些在古代近東地區，可都是標準的皇家特權呢。相反地，上帝指示以色列的君王要晝夜思想律法，並且專心信靠上帝，相信神會賜給他們所需的一切。

此外，以色列的律法也限制了暴力。任何指控都必須經過仔細調查，並且有證人作證，否則不能輕易判處死刑；死刑也不能用來報復意外造成的死亡。在戰爭中也是一樣，以色列人必須表現出節制。他們的軍隊應該依靠上帝的大能，而不是單靠軍事武力，必要時甚至可以讓士兵回家。當以色列軍隊靠近大多數敵軍的城鎮時（迦南人的城鎮是個特例），他們必須先提出和平的條件；如果最後真的發生了戰鬥，也必須饒恕那些沒有參與戰鬥的平民百姓。

這種對個人節制的重視，其實可以一路追溯到伊甸園。在今天的影片中你會看到，當人類看見自己認為對生命有好處的東西，並且決定按照自己的意思去奪取時，一場大災難是如何展開的。相反地，當人類願意信靠上帝，相信祂會白白賜下一切對生命有益的事物時，他們就會開始「領受」真正的生命，而不是靠自己去「奪取」。

反思問題

1. 今天的經文對應到十誡中的第五和第六條誡命。你認為以色列對於權威人物的這些規定，和上帝吩咐我們「當孝敬父母」有什麼關聯呢？而今天經文的後半段，又揭露了上帝「不可殺人」這項禁令背後的什麼意義？

2. 請默想今天影片中所描述的設計模式。你還能想到聖經中哪些故事，也是遵循著「看見、渴望、奪取」這樣的順序嗎？"
"60","今天的讀經內容，介紹了一些以色列人日常生活的律法！用我們現在的眼光來看，有些規定可能會讓你覺得超扯、甚至有點不公平對吧？但要記得，上帝是在一個跟我們現在完全不一樣的文化背景下，給出這些指示的。如果我們把上帝的命令放回當時的時空背景來看，就能懂上帝其實是在邀請大家，活出一種遠遠超越當時周遭世界的公義標準。

你會發現，今天經文裡的律法，總是把弱勢群體的需要，放在有權有勢的人的慾望前面。在古代中東地區，很多社會把女生當成財產或牛羊來看待，男生可以隨便利用、欺負、甚至拋棄她們。但在那種環境下，以色列的律法卻給了女性尊嚴；這種作法在當時，真的是超級罕見，甚至會冒犯到其他人呢。

舉例來說，雖然上帝允許以色列男人娶被俘虜的女子當老婆，這在當時算是很普遍的事。但上帝特別要求他們，必須要尊重這些婦女，要給她們時間為死去的親人哀哭，而且還要給她們妻子該有的合法權利。以色列的律法也會保護妻子，免得被生氣的老公誣告；同時也要求，必須要為遭到性侵害的受害者伸張正義。

其他的弱勢群體，也一樣受到律法的保護。律法規定，以色列人要保護逃跑出來的奴僕，而不是把他們送回主人那邊。另外，律法不准借錢收利息，這也是為了保障窮人能維持生活需要，而不是去滿足有錢人想賺利潤的貪心。

上帝親自為軟弱、無助的人挺身而出，祂的律法也吩咐以色列人要跟著照做。上帝的指示一次又一次地向我們展現，祂超級看重每一個人，不管這個人的社會地位高低。上帝很渴望大家能夠互相照顧、彼此祝福。

反思問題

1. 今天的經文對應到十誡的第六和第七條誡命。從這些律法當中，你對於「不可殺人」和「不可姦淫」有沒有什麼新的認識呢？

2. 《申命記》22章1到4節說明了以色列人有責任照顧鄰舍的財物。這條律法，是怎麼幫助你更深入去理解《路加福音》10章裡「好撒馬利亞人」的比喻呢？"
"61","在這個充滿不公平的世界裡，我們該怎麼和身邊的人一起活出公義呢？今天的經文包含了幾條特別的律法，目的是要在不完美的環境中，給弱勢群體應有的尊嚴和保護。耶和華的律法，走進了以色列人破碎的現實生活中，呼召他們用公平與愛，來回應這個受傷的世界。

律法雖然允許身體上的刑罰，但限制了古代中東地區其他法律常見的殘酷暴力。律法允許借貸，但禁止拿窮人的生活必需品來當作抵押。你不能拿走別人的外衣，讓他整夜在寒風中發抖。律法也允許離婚，但嚴格禁止那些把女性當作物品、隨意拋棄的自私行為。

上帝賜給以色列人的律法背後，藏著深厚的智慧。這份智慧引導大家去尊重那些軟弱無助的鄰舍，並且用更大的愛來對待他們。你可以透過影片來了解，例如耶穌是怎麼解釋《申命記》裡的離婚規定，並且用尊榮的方式來保護婦女的尊嚴。

摩西在講解完這些律法之後，給了以色列人一個選擇。如果他們遵守耶和華的命令，他們將會成為照亮萬國的燈塔，向全世界展現上帝的愛與公義。但如果他們選擇離開耶和華，上帝就會任憑他們，去承擔自己選擇的後果。你覺得，他們會怎麼選呢？

反思問題

1. 《申命記》24 到 26 章對應了十誡中的第八、第九和第十條誡命。讀完這幾章，對於上帝定下「不可偷盜」、「不可作假見證」和「不可貪戀」的律法，帶給你什麼新的理解呢？

2. 請比較《申命記》25 章 4 節和《哥林多前書》9 章 1 到 12 節。這條律法原本是在講牛，但保羅是怎麼把背後的原則，應用在他自己作為使徒的情況上呢？從保羅的示範中，我們今天在閱讀摩西律法時，可以學到什麼寶貴的功課呢？"
"62","亞當和夏娃曾經在伊甸園裡站在上帝面前，面對生與死的決定。現在，以色列人也站在一片如花園般豐饒的土地邊緣，來到上帝面前，準備面對聖約的吩咐。摩西清楚地向以色列人說明了兩條道路：聽從耶和華，遵行他的吩咐，就能享受生命和不斷的賜福；或者，如果他們拒絕耶和華，試圖用自己的方式去抓取福氣，結果就是經歷咒詛帶來的痛苦與失去。

讀到今天經文裡那一長串嚴厲的咒詛，你可能會覺得有點太過了，甚至覺得上帝是不是在報復。但是，我們要先了解這些咒詛在當時以色列的背景下有什麼功用。首先，《申命記》裡關於聖約的咒詛，其實和古代近東地區常見的條約寫法很像。當時，如果兩個國家要訂立盟約，條文裡通常會列出一大串咒詛，為了要強調遵守這份約定有多麼重要，違約的代價又有多大。

其次，就像你在影片裡會看到的，「咒詛」其實就是人類想要用自己的方式去抓取福氣，最後所帶來的後果。當耶和華說，拒絕他就意味著咒詛時，他是在警告他們，而不是在恐嚇他們。上帝想要以色列人明白，跑去向偶像求福氣，會帶來多麼真實又痛苦的後果。你想想，如果大麥在乾旱的田裡枯萎了，石頭刻的雕像根本無法降下雨水。如果敵軍攻破了城牆，木頭雕的偶像也沒辦法阻止敵人用鎖鏈把以色列的孩子抓走。

耶和華已經應許要賜福給以色列了，並且將生命的道路擺在他們面前。如果他們想要從上帝以外的地方去尋找生命、安全、豐收和富足，他們注定會失敗，因為只有耶和華能供應這一切。摩西大聲地疾呼，唯有上帝才是生命的源頭，所以，你們要揀選生命！

反思問題

1. 當你在讀今天的經文時，請仔細留意裡面用來描述「賜福」的字眼。你是不是有注意到，哪些詞彙就像「超連結」一樣，連回了《創世記》裡上帝和亞伯拉罕立的約，以及上帝在西奈山和以色列人立的約呢？

2. 在今天的經文裡，你從哪裡看出來，咒詛其實就是賜福的相反呢？"
"63","《申命記》結束了，這也代表「妥拉」來到了尾聲。讀到這裡，我們好像又回到了故事的起點。就像一開始在伊甸園裡，也就是《創世記》2到3章寫的那樣，人類同樣面臨著一個重要的選擇：到底是要相信上帝的智慧，還是要靠自己的聰明呢？是選擇信心，還是被恐懼打敗？是選擇生命，還是走向死亡？全世界的祝福，其實就在這一念之間。

在這關鍵的時刻，摩西對以色列人來了一段聽起來一點也不激勵人的精神喊話。不過一開始他的語氣還算正面，他答應大家生命和祝福就在觸手可及的地方。他很希望以色列人可以明白，上帝律法的核心其實是好的、很合情理的，而且是絕對可以做得到的。

但是接著，摩西突然收起所有正面的態度，預言了一個超級悲慘的未來。他說，以色列人會像伊甸園裡的亞當和夏娃一樣，根本無法通過這場考驗。他們會拒絕上帝的指示，然後去經歷那些根本沒有人會想要經歷的痛苦。整卷《申命記》裡滿滿的懇求還有警告，都無法改變以色列人那顆超固執又剛硬的心。不過，上帝可以改變這一切。

摩西提醒大家，上帝有一份永不放棄、永遠不變的愛，這在《申命記》還有整個「妥拉」的結尾，幫我們帶來了一線希望。聖經的前五卷書建立了一個模式，而且這個模式會一直延續到整本聖經的最後。這是一個關於以色列人，也是關於全人類的故事；我們世世代代都在學習認識上帝對我們的愛，也學習去相信祂，然後看著祂一步步完成拯救跟恢復人類的超偉大工作。

附註：妥拉通常用來統稱聖經的前五卷書，也就是《創世記》、《出埃及記》、《利未記》、《民數記》和《申命記》。在一般的用法裡面，妥拉也可以用來指律法或指示。

反思問題

1、如果以色列人在拒絕上帝之後，又想要回轉歸向祂，上帝答應會怎麼回應呢？這顯示了上帝有著什麼樣的屬性呀？

2、請在心裡想一下《申命記》30章11到14節裡摩西的鼓勵。你覺得「律法對以色列人來說，既不太難，也不太遠」這句話，到底代表著什麼意義呢？"
"64","今天我們讀到了《申命記》的最後，也翻過了摩西五經的最後一頁啦！恭喜你完成了這個里程碑！你可以去看看今天的影片，複習一下摩西那段超熱血的演說，它為聖經故事的第一樂章畫下了完美的句點。

對摩西來說，他人生的旅程走到終點了。他用一首壯麗的詩歌，歡送以色列人準備進入應許之地。這首歌把歷史、祝福還有警告全都交織在一起，當作最後的呼籲，勸勉他們一定要選擇生命。他留下的最後遺言，就是千叮嚀萬囑咐，要以色列人對上帝保持絕對的忠心。

臨終前，摩西登上了山頂。山下的平原上，以色列人的帳篷迎風飄揚，裡面住著亞伯拉罕的子孫，現在他們已經變成一個名聲響亮的大國了！放眼望去，約旦河的對岸，就是那片青翠茂盛、一路延伸到地平線的應許之地。摩西凝視著這個充滿希望的未來，然後平靜地嚥下了最後一口氣。

不過對以色列人來說，旅程才剛要開始而已！《申命記》在這裡留下了一個大懸念。這個漂泊四十年的國家，接下來到底會碰到什麼挑戰呢？他們會順服新領袖約書亞的帶領嗎？進到應許之地後，他們真的會做出正確的決定，選擇生命嗎？

反思問題

1. 請回想一下，到目前為止你讀過的聖經故事發展。當你來到摩西五經的尾聲時，有哪些還沒解開的疑問，是讓你覺得特別印象深刻的呢？

2. 《創世記》和《申命記》分別是摩西五經的第一卷和最後一卷書。它們就像一對互相呼應的書卷，把聖經的第一個部分完整地框了起來。如果把《創世記》的結尾和《申命記》的結尾放在一起看，你有注意到它們有什麼共同的特徵嗎？又看到了哪些不一樣的地方呢？比較這兩個結尾，對你理解整部摩西五經的故事發展，會有什麼樣的幫助呢？"
"65","在《創世記》15 章裡，上帝在烈火的異象中向亞伯拉罕顯現，並且給了他一個應許：亞伯拉罕的子孫總有一天會承受迦南地為業。亞伯拉罕的後代世世代代都在等待這個應許實現。他們經歷了漫長無法生育的痛苦、恐懼、被奴役、失敗，以及在曠野中的流浪，心中始終盼望著一個真正的家鄉。而當《約書亞記》的故事拉開序幕時，他們漫長的等待終於要結束了。

聖經的作者在這裡把約書亞描繪成一位新的摩西，正帶領百姓經歷一次新的出埃及。這時候，以色列人站在約旦河邊，因為正值收割的季節，河水暴漲、湍急又充滿危險。但是，上帝分開了河水，讓約書亞可以帶領以色列人穿越洶湧的波濤，穩穩地走在乾地上，來到河的對岸，進入上帝所應許的迦南地，展開全新的生活。

不過，上帝所應許的不僅僅是一塊土地而已。上帝也曾告訴亞伯拉罕，他要透過他的後裔來賜福給萬國。在喇合的故事裡，我們就看見了這個應許的實現。喇合原本是一位迦南女子，但她真心信靠以色列的上帝。

接下來，請看看這段影片，了解上帝在《約書亞記》當中，是如何信守他對亞伯拉罕與以色列人的應許。

反思問題

1. 請在今天的閱讀中，默想約書亞和摩西之間有哪些巧妙的連結。這兩位領袖有哪些相似的地方？你又注意到了哪些不同之處呢？

2. 請比較《約書亞記》2 章探子來到喇合家的情景，以及《創世記》19 章天使造訪羅得家的故事。有哪些相似的細節讓你印象深刻？這些故事之間的連結，又如何幫助你更深地理解耶利哥城的故事呢？"
"66","當以色列人正準備迎接在應許之地的第一場戰役時，約書亞去前面探路，卻遇到一個手裡拿著刀的陌生人擋住了他的去路。就像大家今天在影片中會看到的，這位神祕的耶和華的使者，在聖經故事的許多關鍵時刻都常常出現。

約書亞當時充滿戒備，心裡也很納悶，就問這個陌生人到底是站哪一邊的。他問，你是來幫助我們，還是幫助我們的敵人呢？對方卻回答，都不是。

這個出乎意料的回答，讓約書亞不得不重新調整他的眼光。約書亞和以色列百姓不該把焦點放在上帝會不會幫他們打贏這場仗，而是應該專心順服上帝，看上帝如何親自在迦南地成就祂自己的旨意。

後來，以色列人順服了上帝看似不可思議的指示，隨著吹響的號角聲和眾人的吶喊聲，耶利哥的城牆就這樣倒塌了。可是，當以色列人不順服的時候，他們卻在艾城吃了大敗仗，顏面盡失。這兩場戰役形成了強烈的對比，就好像亞干和喇合這兩個人一樣。亞干是一個猶大支派的以色列男人，他私自偷拿了上帝規定不可拿的當滅的物，沒有把它們獻給耶和華。相反地，喇合是一個迦南地的外邦女子，也是個妓女，她卻冒著生命危險，拯救了以色列的探子。

亞干的所作所為，給他的家族帶來了咒詛，也給以色列帶來了失敗。而喇合的所作所為，卻為她的家族帶來了拯救，也為以色列帶來了勝利。

《約書亞記》的作者將喇合與耶利哥城，拿來和亞干與艾城做對比，是為了告訴我們一個非常關鍵的重點。這不單單只是一篇戰爭紀錄，這是一個關於不同類型的人的故事：那些願意回轉歸向耶和華、遵行祂道路的人，不管他們是以色列人還是迦南人，都會領受上帝的賜福。相反地，那些轉身背離上帝的人，無論是以色列人還是迦南人，也都等於轉身離開了上帝的賜福。而背離上帝，就等同於遠離了真正的生命。

反思問題

1. 到目前為止，在整本聖經的故事裡，大家還在哪邊看過一個神祕人物，手裡拿著拔出來的刀站在路中間呢？提示一下，可以回去看看《民數記》22章喔！這個巧妙的連結，透露出關於這個神祕人物身分的什麼訊息呢？

2. 請比較一下以色列人打敗耶利哥城那種不太尋常的方式，並對照《利未記》25章。所有這些跟「七」有關的數字，以及吹響號角的聲音，如何幫助大家理解以色列人這次得勝背後更深層的意義呢？"
"67","打敗了耶利哥跟艾城之後，以色列的士兵們把目光轉向了應許之地的其他地方。沒想到他們馬上就犯了個錯！基遍人竟然用計謀欺騙以色列，跟他們結成了同盟。當時以色列的領袖們沒有去求問耶和華，反而是憑著自己覺得對的感覺去做。基遍人身上破爛的衣服跟發霉的餅，成功地騙過了他們，讓以色列人發誓要跟他們和平共處。但這恰恰是耶和華吩咐過，絕對不能跟迦南人做的事！

經歷了這次判斷上的失誤後，以色列人學到了教訓，重新緊緊跟隨耶和華的腳步。因為他們順服耶和華的命令，他們就經歷到上帝親自出手來幫助他們。

就像上帝曾經在《出埃及記》9章18到35節裡，降下冰雹打擊法老跟埃及人一樣，現在上帝也在跟亞摩利人的戰役中，降下大冰雹來擊打那些壓迫以色列的敵人。藉著耶和華的大能，太陽竟然在天空中停住了！就像《約書亞記》3章16節記載的，約旦河的水也曾經停住，讓以色列人可以平安走過去、進入迦南地一樣。

在這裡我們可以看到，上帝對世界上所有的受造物，都擁有無比的大能。以色列人能夠戰勝亞摩利人，也說明了一個更深的道理：只要以色列人願意信靠耶和華的拯救，上帝就會用充滿大能的方式介入幫助他們。因為能力、生命還有勝利，全都屬於耶和華！

反思問題

1. 在聖經的其他故事裡，你還在哪裡看過跟食物或衣服有關的騙局呢？這些事件，可以怎麼幫助你更深地理解《約書亞記》9章裡，基遍人所用的詭計？

2. 在《創世記》15章16節，上帝告訴亞伯拉罕：到了第四代，他們必回到此地，也就是應許之地，因為迦南族群亞摩利人的罪孽還沒有滿盈。這句話暗示了以色列人征服迦南背後有什麼意義呢？這又如何幫助你認識上帝那充滿耐心與公義的本質呢？"
"68","迦南地大部分都被攻打下來了，現在是以色列人準備在剩下的土地上安頓下來的時候。這段經文列出了一長串陌生的地名和人名，讀起來可能會讓你覺得有些枯燥，甚至一頭霧水。這感覺就像是在看一張只有密密麻麻的文字、卻沒有畫出任何線條和圖案的地圖一樣。

不過，對當時的以色列人來說，約書亞記裡這些繁瑣的細節，其實是在具體地提醒他們：耶和華對現實世界裡每一個真實的人，都是信實的。上帝應許要賜下土地，這不僅僅是給整個以色列民族的大應許，更是給每一個特定的人，像是迦勒，還有西羅非哈的女兒們。在我們今天讀到的經文裡，上帝真的成就了祂的應許。

這段經文裡畫出的邊界線，可不只是死板的地理冷知識。對於這群曾經四處流浪的百姓來說，這代表著他們的生活迎來了必要的改變。在那個時代，擁有土地就意味著生命能夠延續下去，所以如果有人搶走鄰舍的土地，哪怕只是一部分，都可能會對別人往後的好幾代子孫造成毀滅性的打擊。劃分這些邊界，不但是為了讓大家記念上帝所賜下土地的大大福氣，也是為了保障每個人的生活。

上帝已經信守了祂賜下土地的應許。那麼，以色列人會信守他們的承諾嗎？在這段經文裡，隱約透露出一些細微的暗示，讓我們看到以色列人並沒有完全聽從上帝的吩咐去趕出所有的迦南人，這也為以色列的未來蒙上了一層不安的陰影。但就目前而言，戰爭的結束，終於為以色列人，也為這片他們稱之為家的土地，帶來了安息。

反思問題

1. 在經過四百年的奴役和四十年的流浪之後，百姓終於有了一個可以稱之為家的地方。你認為這份回家的經歷，會如何影響他們對耶和華應許的信靠？在攻下這片土地之後，百姓們的心裡可能會湧現出哪些情緒呢？

2. 約書亞記15章13到16節描述了迦勒與住在希伯崙和底璧的迦南人爭戰的過程。根據約書亞記10章36到38節，在約書亞早期的戰役中，這些城市的居民發生了什麼事？這讓你看出約書亞記10到12章在語言表達上，有什麼樣的特色？"
"69","征服迦南的戰爭終於結束了。耶和華已經實現了祂的應許，賜給亞伯拉罕極大的名聲，使他的子孫繁衍成一個大國，並讓他們在迦南地安穩地定居。現在，以色列人可以活出他們身為祭司的呼召，成為地上每一個家族、每一個國家的祝福，就像創世記12章2到3節所說的那樣。

隨著約書亞的生命走到盡頭，他面對著新一代的以色列人。他把當年摩西擺在他們父母面前的同一個選擇，再次放在他們面前。這是一個決定，要麼通往生命，要麼通往死亡。如果單單事奉耶和華，將會帶來豐沛的祝福。只要遵守他們與神立下的聖約，以色列就能繼續享受耶和華豐盛的恩典。上帝會賜下堅固的城牆來保護他們的城市，讓葡萄藤掛滿一串串的葡萄，讓橄欖園裡結實纍纍。

然而，如果他們選擇去事奉其他的神明，耶和華就會任憑他們歸向那些神，而那些神說到底，根本就是毫無生命的假神。約書亞提醒以色列人，是耶和華用大能的膀臂帶領他們進入這塊土地的。如果他們拒絕上帝的保護，那麼當敵人想要摧毀他們、再次把他們擄走流放的時候，他們將會變得毫無防備。

百姓發出如雷般的響亮回應：「我們必定事奉耶和華！」於是，約書亞立了一塊大石頭，作為他們立誓的見證。這塊石頭，就跟東部支派在約旦河對岸所築的祭壇互相呼應。這些石頭就像哨兵一樣，會世世代代站在那裡站崗，觀看以色列人是不是真的信守諾言。

就像當年的摩西一樣，約書亞帶領百姓重新與上帝立約，然後就過世了。不過，跟摩西不一樣的是，約書亞並沒有留下接班人來代替他帶領百姓。各個支派現在得靠自己了。面對這個重責大任，他們會怎麼做呢？

反思問題

1. 上一次你讀到非尼哈的時候，他在做什麼？（如果你需要一點提示，可以翻回民數記25章。）你覺得他再次出現在這裡，有什麼特別的意義呢？

2. 請比較約書亞記最後幾章與申命記最後幾章。你注意到了哪些相似的地方？這些相似之處如何幫助你更深地理解這兩卷書？"
"70","約書亞記和士師記有著相同的開頭，也就是記載以色列前任領袖「死後」發生的事。不過，兩卷書的相似之處也就僅此而已了。讀約書亞記的時候，感覺像是在不斷往上攀登，最後以以色列人在應許之地的勝利作為美好的結尾。但讀士師記的時候，卻像是一直往下掉的漩渦，最後看著以色列人走向徹底的失敗與混亂。

這是因為，以色列人沒有聽從神的吩咐，去完全清除迦南人的生活方式。結果，就跟摩西和約書亞當初警告的一模一樣。隨著時間過去，以色列人漸漸吸收了迦南人的風俗習慣，直到他們變得和迦南人一樣，四處拜偶像、充滿暴力，而且道德敗壞。

這種掉進黑暗深淵的過程，從第一位士師俄陀聶到最後一位士師參孫，不斷重複著一個固定的模式。首先，以色列人行耶和華眼中看為惡的事，通常就是去敬拜其他的假神。於是，耶和華任憑他們交在仇敵的手裡，讓他們被征服、被欺壓。當以色列人痛苦地向神呼求幫助時，神就會興起一位拯救者來搭救他們。這場勝利會帶來一段時間的和平。可是好景不常，不久後以色列人又再次行惡，同樣的循環又重新開始了。

現在，請看看今天的影片，預覽一下以色列人在士師記中，是如何陷入這不斷往下滑的惡性循環。

反思問題

1. 在士師記的前三章裡，有哪些暗示了以色列人未來黑暗光景的細節，讓你印象最深刻呢？

2. 請試著把士師記裡這個不斷重複的模式，和出埃及記前半段，也就是以色列人脫離埃及奴役的故事拿來比一比。神把以色列人從埃及拯救出來，跟神把以色列人從迦南仇敵手中拯救出來，這兩個故事之間，你觀察到哪些相似的地方呢？這又如何幫助你更深地明白士師記想要傳達的信息？"
"71","今天的經文給我們看到一個很熟悉的畫面。敵軍的戰車氣勢洶洶地朝著以色列人逼近，把他們逼到了死角。大家還記得嗎？上一次，是法老在埃及欺壓以色列人。而這一次，換成了耶賓王和他的將軍西西拉，在以色列人自己的應許之地欺壓他們。為了拯救自己的百姓，上帝興起了一位像摩西一樣的新領袖，也就是女先知底波拉。

底波拉找來一位名叫巴拉的以色列領袖，要他召集軍隊來一場大決戰。敵人的數量遠遠超過巴拉的部隊，而且面對敵人整整九百輛的鐵車，巴拉這邊的戰車數量竟然是零。這感覺就像是你要靠著兩條腿走路，去對抗敵人整營的坦克車，而你這邊連一輛小貨車都沒有！

雖然雙方實力差很多，巴拉還是選擇相信底波拉傳達的指示，勇敢衝入戰場。就像當年出埃及一樣，上帝親自介入了這場戰爭，祂用氾濫的大水，上演了一場超戲劇化的大拯救。

在這個故事裡，巴拉和敵軍將領西西拉形成了強烈的對比。巴拉非常尊重一位女性的判斷，甚至願意在勝算超低的情況下為此衝鋒陷陣。相反地，西西拉卻丟下自己的軍隊逃跑，當他闖進一個女人的帳棚時，完全不覺得對方會有什麼威脅。這真的是個致命的誤判。雅億用一杯牛奶讓西西拉沉沉睡去，接著就結束了他的性命。大家看，上帝總是能用我們意想不到的方式，透過我們意想不到的人，來成就祂的得勝！

反思問題

1. 請比較《士師記》5章和《出埃及記》15章的得勝之歌。你觀察到它們之間有哪些共同的主題、用語或畫面呢？

2. 關於《創世記》38章的他瑪、《出埃及記》1章的希伯來收生婆、《約書亞記》2章的喇合，以及《士師記》4到5章的雅億，你發現這些故事之間有哪些相似的地方？聖經又是如何描寫這些女性，以及她們所採取的行動呢？"
"72","今天的經文介紹了基甸，他可以說是士師記裡非常有名的大人物。基甸的故事充滿了許多讓人印象深刻的細節，像是濕透的羊毛、被打破的空瓶，還有那三百人的勇士軍隊。單看這些畫面，基甸似乎是一位非常勇敢、全心信靠耶和華來贏得勝利的領袖。不過，就像你在影片裡會看到的，如果我們從士師記整體的發展來看，基甸其實有很不光彩的一面。

基甸的確展現出了一絲信心和勇氣，特別是當他決定只帶著空陶瓶和火把上戰場的時候。然而，在打了勝仗之後，基甸的領導表現卻急轉直下。他因為有些以色列同胞沒有在戰爭中幫助他，竟然在暴怒之下殺害了他們。接著，他做了跟亞干一樣的事情，從死去的米甸王身上搜刮了一大堆戰利品。更糟糕的是，他還用這些不義之財造了一個偶像，結果導致全以色列人都跟著去敬拜這個偶像。

基甸其實很難完全信靠耶和華。他常常是為了自己的利益而戰，被貪婪和怨恨牽著走，這情況跟他為神爭戰的次數幾乎一樣多。不過，聽到這裡你大概也猜到了，儘管基甸這麼軟弱、充滿缺陷，神卻依然使用他來拯救自己的百姓。這時候的以色列，在道德上雖然已經漸漸崩壞，但神卻堅持不放棄他們。

反思問題

1. 請比較一下基甸，以及你目前為止讀過的其他幾位士師，像是俄陀聶、以笏、底波拉還有巴拉。在基甸的故事裡，你看到了哪些跡象，暗示著以色列的信仰與道德已經開始走下坡了呢？

2. 請注意，聖經作者從來沒有直接告訴我們，基甸的行為到底是好、是壞，還是好壞參半。其實，聖經的作者很少會直接給出明確的道德評價。相反地，他們邀請你透過默想整個故事，來自己評估一個人的行為。那麼，在今天的經文裡，有哪些細節可以幫助你評估基甸的品格呢？"
"73","到了這個地步，以色列正以驚人的速度，失控地衝向自我毀滅。基甸的其中一個兒子亞比米勒，和他在示劍的母系親屬勾結，聯手殘殺了他七十個同父異母的兄弟，好讓自己登基作王。亞比米勒拿了城裡偶像廟宇的錢，雇用了一群無賴，展開了一場血腥的屠殺。

沒過多久，示劍的首領們和他們這位新國王的關係就開始變調，甚至惡化成公開的武裝衝突，連無辜的老百姓也被捲入戰火之中。上帝讓亞比米勒的詭詐和惡行，完完全全報應在他自己的頭上——這可是字面上的意思喔！一名婦人用一塊大磨石砸碎了亞比米勒的頭骨，讓他的生命和西西拉一樣，在極度羞辱中畫下了句點。

接著出場的，是《士師記》裡的下一位重要領袖，耶弗他。你會發現，他跟亞比米勒有著驚人的相似之處：他也是個私生子，被同父異母的兄弟們趕出家門，後來在山區招聚了一群人，組成自己的軍隊。有時候，耶弗他確實做出了正確的選擇，也經歷了上帝的賜福。但是，耶弗他的故事很快就變調，陷入了極大的混亂。他居然試圖用一個草率的誓言來賄賂上帝，最後甚至把自己的親生女兒獻為燔祭！雖然耶弗他曾長篇大論地講述上帝過去的作為，但他的行為卻證明，他早就忘記了上帝真實的性情。

上帝雖然和耶弗他同工，拯救以色列人脫離欺壓他們的仇敵；但這一次，這片土地卻沒能享受太平。暴力和混亂的浪潮不斷升高。你覺得，以色列還能這樣撐多久呢？

反思問題

1. 請比較「基甸和亞比米勒」以及「底波拉和巴拉」的故事。你有注意到哪些共同的主題和規律嗎？這兩組領袖之間，又有哪些不同的地方呢？

2. 請默想《士師記》裡不斷出現的模式：犯罪、受欺壓、悔改、得拯救，最後享受太平。跟你目前讀過的其他士師相比，在耶弗他的故事中，這個循環的哪些部分看起來不太一樣了？這些不一樣的地方，又讓你對以色列的衰落產生了什麼樣的體會呢？"
"74","以色列的領導階層，在參孫身上跌到了新的谷底。神說，參孫從出生起就要作拿細耳人。他的母親被分別為聖歸給神，而參孫自己也必須承諾遵守非常高標準的聖潔規範。但沒想到，參孫卻打破了所有的規定。

按照律法，拿細耳人必須遠離葡萄，但參孫卻在葡萄園裡閒逛，還舉辦喝酒的宴會。拿細耳人也應該避免接觸任何屍體，但參孫不但摸了死去的動物，甚至還直接用手，從屍體裡面挖蜂蜜來吃。

參孫這種公然無視耶和華律法的行為，可以說是層出不窮。他娶了外邦女子，接著又用狡猾的謎語，欺騙妻子的同伴，設下一個作弊的賭局。當這些同伴破壞他的計畫，並反過來欺騙他時，他竟然在暴怒之下，把他們全都殺了。參孫的故事凸顯了士師記中一個很重要的重點：神願意使用某個人來完成祂的計畫，並不代表神就認同這個人所做的每一個選擇。

參孫的故事，其實也是以色列整體屬靈狀況的縮影。耶和華給了以色列人一個特別的呼召，要他們從一開始，就作為祂聖潔的子民來生活。但是在士師記裡，以色列人卻背棄了耶和華，去追逐那些表面上看起來更聰明、或是更受歡迎的東西，甚至常常跑去敬拜偶像。他們不但沒有向這個世界反映出神的性情，反而被世界深深吸引，最後跟著世界一起走向死亡。

然而，即使百姓違背了他們與神立下的聖約，耶和華依然在他們當中工作，藉此展現出祂的耐心、祂的慈愛，以及祂超越一切外邦神明的絕對優越性。

反思問題

1. 在今天的經文中，你在哪裡看到「看見、渴望、拿取」的行為模式？最後導致了什麼結果？

2. 在士師記中，你還在哪裡看過神的靈賜下能力，讓領袖來拯救以色列人？那些領袖的行為，是否符合神的性情？這告訴了你，神是怎麼與人類同工的呢？"
"75","相信自己的心，和全心全意地相信上帝，這兩者有什麼不一樣呢？就像你將會在影片中看到的，上帝創造人類，本來是要我們去愛祂所創造的世界、彼此相愛，並且全心全意地愛祂。然而，今天的經文卻讓我們看到，當人的心偏離了上帝，會引發多麼可悲的後果。

參孫選擇相信自己的想法和感覺，這讓他陷入了情慾的網羅和愚蠢的驕傲裡。他被對大利拉的慾望沖昏了頭，竟然不顧一切地洩漏了自己的秘密：只要有人剪掉他的頭髮，他那無人能比的力氣就會完全消失。（要記得喔，參孫的身分是拿細耳人；而上帝是禁止拿細耳人剪頭髮的。）

參孫本來以為一切都安然無恙。既然擁有這麼強大的力量，還有什麼好怕的呢？畢竟，他以前也常常打破拿細耳人的誓言，而他的超自然力量似乎也沒有受到什麼影響。但這一次不一樣了，耶和華上帝的能力離開了他。參孫最終死在被敵人擄掠的異鄉，直到嚥下最後一口氣的時候，他的心裡依然充滿著暴力與報復的念頭。

在士師記最後的兩個故事裡，我們看到不僅僅是以色列的領袖背離了上帝，而是整個國家都偏離了正道。有一句話，聽起來讓人感到不安卻又十分熟悉，在書卷的最後幾章不斷地迴盪著：「那時以色列中沒有王，各人任意而行。」

如果每個人都繼續順著自己的心意去生活，而不是去順服耶和華上帝，那麼，這個國家究竟會走向哪裡呢？

反思問題

1. 在希伯來聖經的觀念裡，「心」是一個人思想、感覺和情感的源頭。在今天的經文中，你觀察到哪些跡象，顯示出以色列人的心在這幾個層面上都已經扭曲了呢？

2. 讓我們回顧一下申命記第二十章。以色列人本來應該要怎麼對待那些距離遙遠的城市呢？這個規定，又會如何影響你對但支派在拉億這個地方所作所為的看法呢？"
"76","讀到《士師記》的結尾，當初跟著約書亞過約旦河的那個國家，現在早就面目全非了。以色列人之前答應要對上帝忠心的承諾，根本就已徹底瓦解。上帝揀選他們、跟他們立約，本來是想引導他們過一種全新生活，然後去祝福全世界的人，你可以去看看《創世記》12:1-3。他們本來應該是要與眾不同的，可是，在《士師記》最後這幾章看到的以色列人，居然跟周圍那些亂七八糟的民族完全沒兩樣。

今天的經文一開始，就寫了一個聖經裡面讓人看不下去的悲慘故事。有個利未人去岳父家，要把他的妾帶回來。在回以法蓮山區的路上，他堅持要在以色列人的城鎮過夜，不想去住迦南人的地方。結果誰知道，這座便雅憫支派的城市，居然變得跟所多瑪和蛾摩拉一樣邪惡！有一群凶狠的暴徒跑來瘋狂敲門，這個利未人為了保護自己，竟然把自己的妾直接推到門外，讓她在外面被無情地侵犯跟殺害。

這個女生受盡折磨的遺體，瞬間點燃了全以色列人對便雅憫人的怒火。不過，以色列人的道德標準早就已經爛到底了，所以他們那種超荒謬又可怕的伸張正義，反而讓事情變得更糟。後來爆發的內戰，差點就把整個便雅憫支派給滅族了。更扯的是，以色列的領袖們後來竟然用集體強暴的方式，想去挽救這個他們當初因為強暴事件而去懲罰的支派！這真的是徹底失控，整個大崩壞。

百姓就這樣一步步走向自我毀滅，完全被他們自己搞出來的偶像崇拜和暴力浪潮給吞噬了。看到這裡，大家心裡一定會想，難道真的沒有辦法可以逃出這種黑暗嗎？《士師記》的最後一句話，算是給了我們一絲絲微弱的希望，那就是也許，有一位君王可以為這一切帶來轉機。

反思問題

1. 想一想《士師記》裡面是怎麼描寫女生的？她們受到的那些對待，是怎麼變成衡量以色列人道德不斷敗壞的指標呢？

2. 今天經文裡面有一句重要的話叫「各人任意而行」，這句話在原文的意思其實是「行自己眼中看為正的事」。這感覺就像是一個超連結，直接把我們帶回到《創世記》第3章的場景。當人類決定自己去定義什麼是好、什麼是壞，卻不願意相信上帝的智慧時，到底會帶來什麼樣的後果？關於這一點，你從《士師記》裡學到了什麼呢？"
"77","《路得記》一開始就給了我們一個時代背景的標記說：「當士師秉政的時候……」哎呀，這可不是什麼好時代！路得的故事正是在以色列歷史上一段充滿災難跟混亂的漩渦中展開的。當時的社會裡，充滿了暴力的野心家，大家都只顧自己、以自我為中心。就在這個時候，我們遇見了路得，她是一位貧窮的摩押寡婦，跟著她的婆婆拿俄米回到了以色列。

當時的以色列人喜歡「各人行自己眼中看為正的事」，但是路得沒有隨波逐流，她反而選擇緊緊跟隨上帝的道路。她承諾要祝福拿俄米，而且對她保持忠誠、至死不渝。雖然身為摩押人，本來應該是以色列自古以來的敵人，但是她那持續不斷又充滿忠誠的愛，卻改變了這一切。

路得孤身一人，處境其實非常脆弱，但她還是很努力工作來供養拿俄米。她這份忠心和勇氣，引起了一位以色列地主波阿斯的注意。波阿斯遵行了摩西律法的指示，把收割後剩下的莊稼留給窮人，這就像是《利未記》19章9到10節還有《申命記》24章19節所吩咐的；他也願意承擔起照顧親屬遺孀的責任，這記載在《申命記》25章5到10節。儘管這可能會讓他在社會評價跟經濟上付出代價，波阿斯還是選擇對路得跟拿俄米守約施慈愛。他在希伯來文裡被稱為「救贖者」，意思也就是「至近的親屬」。

路得樂意行善的心，加上波阿斯堅定不移的正直，在以色列最黑暗的時刻裡，點亮了一盞希望的明燈。即使在那個似乎沒有人在乎的年代，上帝仍然在動工，帶來恢復與拯救。路得願意與上帝同工，這就帶來了她兒子俄備得的誕生，而俄備得正是大衛王的祖父喔！

接下來就請你看看這段影片，更多了解上帝如何透過一個平凡家庭裡不平凡的忠誠，為以色列預備了一位君王，也為全人類預備了一位救主吧。

反思問題

1. 為了描繪路得的背景，作者反覆稱呼她為「摩押人」、「摩押女子」或者是「來自摩押的女人」。在聖經故事裡面，摩押人上一次出現是在什麼時候啊？當時發生了什麼事呢？提示一下：你可以複習《民數記》25章。那次事件，可能會讓大家對路得產生什麼樣先入為主的看法呢？

2. 身為一位來自摩押的外邦寡婦，路得的種族、宗教和社會階層，讓她對故事裡的大多數人來說，要嘛顯得微不足道，要嘛就是充滿威脅。但是路得的行為打破了這些刻板印象，還讓像波阿斯這樣的人對她有很正面的關注。波阿斯到底注意到了什麼呢？提示一下：你可以複習《路得記》2章10到12節。"
"78","士師記的結尾，我們看到以色列人令人心碎地陷入了拜偶像、暴力和混亂的惡性循環。而撒母耳記就像是為我們打開了一扇窗，讓我們看見上帝的計畫，看祂如何把以色列人從自我毀滅中拯救出來。奇妙的是，這個偉大的計畫，居然是從一位名叫哈拿的婦女開始的。當時她因為生不出孩子，心裡非常難過，只能在門口獨自哭泣。

當上帝賜給哈拿一個兒子，也就是撒母耳的時候，她心中的痛苦就轉變成了喜樂。撒母耳後來成為以色列的最後一位士師，同時也是一位先知。就像參孫的母親一樣，哈拿在孩子一出生的時候，就把他完全奉獻給耶和華。不過，與參孫不同的是，撒母耳一生都專心跟隨上帝，並以正直的品格帶領著以色列人。

哈拿一家人對上帝保持忠心，這和當時以色列那腐敗的祭司制度，形成了強烈的對比。你看，當哈拿把最珍貴的兒子獻上、在聖所事奉耶和華時，大祭司以利卻放任自己的兒子們，濫用他們在會幕裡的特權，甚至把大家獻給耶和華的祭物據為己有。

於是，謙卑的撒母耳漸漸被上帝提升，而驕傲的以利兒子們，卻一步步走向黑暗。這種謙卑人升高、驕傲人降卑的過程，成為了貫穿整卷撒母耳記的一個關鍵重複模式。你可以繼續觀看影片，多了解哈拿之歌裡所介紹的這個升高與降卑的模式，並看看她的這首歌，是如何為這卷書接下來的內容建立起文學架構的。

反思問題

1. 當你閱讀撒母耳記上2章1到10節這段哈拿的歌時，你可以一窺她對上帝屬性與作為的認識。其中有哪些部分讓你覺得受到鼓勵？又有哪些部分讓你覺得充滿挑戰呢？你會怎麼形容哈拿眼中的上帝？

2. 請讀一讀並比較舊約聖經中三首非常關鍵的詩歌：撒母耳記上2章1到10節哈拿的歌、士師記5章1到31節底波拉的歌，以及出埃及記15章1到21節摩西和米利暗的歌。你認為這三首歌裡面，最突出的共同思想是什麼呢？"
"79","以色列人或許已經走出了士師的時代，但在士師記裡那種一直重複的惡性循環，可還沒真正離開他們。在今天的經文裡，以色列人對上了他們新的死對頭，也就是非利士人。結果呢，他們吃了一場大敗仗。

到了下一場戰役，以色列人把約櫃抬到了最前線，心想，只要像拿著魔法護身符一樣帶著約櫃，就一定能打勝仗。可惜，他們打錯算盤了。耶和華不容許以色列人這樣把祂當作工具來操控。神任憑非利士人狠狠打敗了以色列軍隊，甚至連約櫃都被擄走了。

這場慘敗又開啟了士師記裡那種老套的循環。非利士人欺壓了以色列人整整二十年。當百姓無計可施，向上帝呼求幫助的時候，他們的新任士師撒母耳，帶領著大家重新回到耶和華面前。以色列人為了拜偶像的罪悔改，他們不但在心靈上謙卑自己，身體上也透過禁食來表達悔意。就像你在今天的影片裡會看到的，禁食，其實就是一種用你全人全身來禱告的方式。

撒母耳鼓勵百姓要專心信靠耶和華，神就帶領他們打敗了非利士人，贏得勝利。不過，日子久了，以色列人開始對撒母耳的帶領感到不滿，他們吵著要立一位人類國王，來代替撒母耳為他們打仗。神順了他們的心意，給了他們一位國王，但也警告他們，將來一定會後悔這個決定。

反思問題

1. 在約書亞記第二十一章裡我們讀到，利未人就住在伯示麥，也就是非利士人把約櫃送回來的那座城市。身為利未人，他們早就知道在面對約櫃時，應該要遵守哪些防範規定和神聖的敬畏，這記載在民數記第三章。當你發現這件事之後，你對約櫃在那裡被人隨便對待的事件，有沒有什麼新的體會呢？

2. 請比較撒母耳記上第八章和第二章。根據哈拿的詩歌，以色列人到底應該向誰尋求勝利呢？想通了這點，你覺得他們吵著要一位人類國王的心態，反映出了什麼樣的問題？"
"80","有個來自便雅憫的年輕人，跑到山裡要找他爸走失的驢子，結果你猜怎麼著？他竟然成了以色列的國王！這整個過程超神奇的，他先是在陌生人的宴會上成了貴賓，接著被一位老爺爺膏立為王，後來還跟著一群巡迴樂團，整個人陷入一種像先知一樣的狂熱狀態裡。而就在這時候，那些走失的驢子早就自己乖乖回家了。

就這樣，我們認識了以色列的第一個國王，也就是掃羅。第一眼看過去，他簡直是當國王的完美人選。他家裡有錢，人又年輕健壯，走在人群裡硬是比別人高出一顆頭。不過，就像你在影片裡會看到的那樣，他身高這個看起來沒什麼的小細節，其實暗示著他個性上的一個大缺點，那就是驕傲。掃羅常常太相信自己的判斷，反而不聽上帝的話，而且他完全沒發現，這樣做會造成多可怕的後果。

不過一開始，驕傲還不是他最大的問題，害怕才是他心裡最大的掙扎。掃羅超級猶豫又膽小，甚至在他自己的加冕典禮上還躲了起來！可是，當亞捫人來攻擊他們的時候，他竟然成功召集了以色列的軍隊，還贏得了一場關鍵的大勝。

上帝給了以色列人他們最想要的東西，就是一個能帶領他們打仗的國王。雖然是這樣，有些以色列人還是很擔心自己是不是做錯決定了。撒母耳安撫他們，向他們掛保證，只要國王和人民都對上帝忠心，上帝的賜福就會一直跟他們在一起。現在，選擇權就在他們自己手上了。你覺得，他們會做出什麼樣的選擇呢？

反思問題

1. 請回想一下，到目前為止你在聖經故事裡看過的那些關鍵人物。從他們說過的話和做過的事來看，你對他們心裡到底在想什麼有什麼了解呢？他們做決定後造成的結果，又怎麼幫助你去評估他們的行為？其中，你覺得最能產生共鳴的是哪一個角色啊？

2. 在過去的聖經故事裡，你什麼時候曾經看過有人把屍體切成一塊一塊的，還把這些屍塊送到以色列的其他支派去？（提示：可以去複習《士師記》的最後幾章。）這種故事跟故事之間的超連結，讓你對掃羅產生了什麼樣的印象呢？"
"81","一個人面對壓力時的反應，往往會暴露出他最真實的品格。今天的讀經進度，透過兩場軍事危機，把掃羅的致命缺點完全攤在陽光下。

在第一場危機裡，掃羅和他的軍隊陷入了絕境。他們本來在等撒母耳來獻祭，好尋求耶和華的指引。可是撒母耳遲遲沒有出現，眼看著太陽就要下山了，恐慌讓掃羅決定自己掌控局面。他竟然越權，親自獻上了祭物。

沒想到撒母耳剛好在這時候趕到，立刻察覺了這場不合上帝心意的獻祭。當撒母耳質問掃羅時，這位國王不但不認錯，還拼命替自己找藉口。接著，他索性去找了一位新的屬靈顧問，也就是以利的曾孫，亞希亞。

第二場危機，則是起因於掃羅自己的魯莽。他一心只想對非利士人趕盡殺絕，竟然像士師耶弗他那樣，衝動地發了一個毒誓，結果差點因為一口蜂蜜，害死自己的兒子約拿單。最後是因為百姓們出面攔阻，才保住了約拿單的性命。

諷刺的是，約拿單所展現出來的勇氣，以及對耶和華的信靠，正好跟他的父親形成了強烈的對比。約拿單其實會是個比掃羅好太多的國王。但掃羅一直以來的驕傲，加上不肯信靠耶和華，讓他自己和約拿單都失去了王位。上帝揀選了掃羅作王，掃羅卻沒有順服上帝。這個短命的王朝，究竟會怎麼收場呢？

反思問題

1. 回顧我們之前讀過的以色列歷史，你還在哪裡看過以色列人被敵軍的戰車逼入絕境？當時發生了什麼事？那些歷史故事，如何幫助你理解今天這段經文裡，掃羅面臨的困境以及他的反應？

2. 請對比一下今天經文裡掃羅和約拿單的表現。從他們面對壓力時所說的話、所做的決定，以及實際的行動中，你對這兩位人物的品格有什麼新的認識呢？"
"82","掃羅的情況真的是越來越糟了。他不僅逃避上帝的命令，還玩起了推卸責任的把戲。上帝吩咐他去攻打亞瑪力人，這個民族就是當初以色列人出埃及時，想要把他們趕盡殺絕的敵人。打勝仗之後，掃羅竟然放任士兵去搶奪亞瑪力人的牛羊牲畜，而這可是上帝清清楚楚告訴他絕對不能做的事！

於是，先知撒母耳來找他對質。但掃羅又一次拒絕為自己的行為負責。

他辯解說：「是士兵們做的！我們把這些牛羊留下來，是為了要獻祭啊！是他們逼我的！」

撒母耳可完全不吃他這一套。掃羅拒絕按照上帝的命令來治理國家，這讓上帝感到後悔，並且棄絕了掃羅，不讓他繼續作王。

接著，上帝揀選了一位新國王。和高大的掃羅很不一樣，大衛看起來實在沒什麼特別的。他的個子不高、年紀又輕，就連他的親生父親，都覺得沒有必要特地把他從田裡叫回來。但上帝告訴撒母耳，不要看大衛的「外貌」。在《聖經》原文裡，這個詞就像是一個超連結，把我們連回了《創世記》第3章。當年，夏娃就是看了那棵分別善惡樹的「外貌」，選擇了她眼中看為好的果子。而現在，撒母耳選擇信靠上帝的智慧，而不是憑著自己的肉眼來判斷。於是，他膏立大衛作以色列的新王。

不過，這位牧羊男孩絕對不是表面上看起來那麼簡單！當一個身材高大、簡直像巨人的非利士人，出面向上帝的百姓挑釁時，全以色列竟然只有大衛一個人敢出面迎戰。就如同哈拿當年的預言，那些驕傲、強大之人的武器，在這場戰鬥中根本派不上用場。大衛走上戰場時，手裡只拿著牧羊杖、甩石的機弦，還有幾塊從河邊撿來的石頭。他對上帝那份堅定不移的信心，成了整個故事的關鍵。大衛只用了一塊石頭，就擊倒了歌利亞。這位非利士人的頭號戰將，最後的下場就跟他們拜的假神大袞一模一樣，整個人趴在塵土中，連頭顱都被砍了下來。

上帝揀選了一位出乎所有人意料的領袖，推翻了一個沒有人能打敗的邪惡勢力。對以色列的新國王來說，這是一個充滿希望的開始。而這樣的模式，我們之後在《聖經》裡還會一再地看到。

反思問題

1. 掃羅違背了上帝明確的命令，留下了亞瑪力人的牛羊，因為他選擇聽從士兵的聲音，而不是聽從上帝的聲音。你能想到《聖經》中還有哪些故事，是主角選擇相信別人的話，而沒有聽從上帝的話語嗎？最後發生了什麼事呢？

2. 你可能還記得前幾天的影片有提到，《聖經》作者經常透過人物外貌的細節，來傳達重要的訊息。請默想今天經文裡對歌利亞的描述：「他身高六肘零一虎口，頭戴銅盔，身穿鎧甲，甲重五千舍客勒」，也就是《撒母耳記上》第17章4到5節。你認為，歌利亞長得特別高大，而且穿著像蛇鱗片一樣的鎧甲，背後有什麼重要的意義呢？"
"83","掃羅的兒子約拿單，對於大衛被上帝選中、將要取代他成為國王，心裡有什麼感覺呢？在聖經的故事裡，我們常常看到手足或對手之間充滿了敵意和競爭；但令人驚訝的是，約拿單完全沒有怨恨大衛。事實上，他非常愛大衛！

希伯來文中的「愛」，發音是「阿哈瓦」，不僅僅是一種感覺而已。你在影片中會看到，「阿哈瓦」包含了謙虛和慷慨的實際行動，為了別人的好處，不斷傳遞良善和祝福。

約拿單對大衛的愛就是一個最好的例子。他主動退讓，讓這個原本毫不起眼的牧羊男孩登上王位，甚至把自己的王袍和武器都交給了大衛。後來，當掃羅對大衛的賞識變成了惡毒的殺意時，約拿單更是不顧父親的狂暴與憤怒，挺身而出保護他的好朋友。

與此同時，掃羅則讓我們看到，當嫉妒趕走了愛，會發生什麼可怕的事。他幾次想用槍把大衛釘在牆上，但大衛都躲開了。於是，掃羅派大衛去打仗，希望藉著非利士人的手來除掉大衛。然而，因為有耶和華上帝的保護，掃羅那些越來越瘋狂的暗殺計畫，最後通通失敗了。

掃羅派大衛去執行一個他以為必死無疑的任務。結果大衛不但活了下來，殺死的敵人還比掃羅要求的多了兩倍。接著，掃羅派了一隊士兵去大衛家抓他，但掃羅的女兒米甲，用一個戴著山羊毛假髮的神像偽裝成大衛，成功轉移了士兵的注意力。當掃羅一路追捕大衛到拿約城的時候，掃羅被上帝的靈抓住，陷入了先知般的狂熱中，最後竟然光著身體昏倒在地上。掃羅每一次想要用暴力來控制局面，換來的都只有羞辱和迷失。

掃羅那充滿惡意的嫉妒，不僅撕裂了他的家庭，也逼得約拿單和大衛不得不悲痛地分道揚鑣。可是，如果大衛是耶和華親自膏立、並且時刻保護的國王，為什麼他現在卻落得四處逃命的下場呢？

反思問題

1. 今天的經文如何幫助你理解，耶穌在登山寶訓中關於「憤怒」和「謀殺」之間關聯的教導呢？可以參考馬太福音5章21到22節。

2. 仔細回想聖經故事裡，過去那些關於「長子」的重要時刻。當時的文化傳統總是偏愛長子，認為他們理所當然該得到尊榮、祝福，甚至繼承王位。然而，聖經卻經常描寫上帝並沒有照著人的期待做事。你在哪裡曾經看過，上帝反而提升了其他人，超過了大家預期中的長子呢？在大衛的故事裡，有哪些部分跟你過去看過的權力大逆轉和競爭很相似？又有哪些部分是不一樣的呢？"
"84","神曾應許要讓大衛作王。一開始，大衛似乎一定能登上王位。他原本只是個微不足道的牧羊男孩，卻一路迅速晉升，從宮廷樂師變成了軍隊將領，甚至是整個國家的民族英雄。但現在，這位以色列的前將軍竟然在逃命。他只能睡在山洞裡，身邊的盟友是一群由貧苦農民東拼西湊組成的民兵隊。

大衛非常有理由認為，耶和華已經放棄他了。但他並沒有放棄神的應許，也沒有試圖用自己的方法去奪取王位，反而謙卑地信靠神的時間表。當掃羅猛烈追殺他的時候，大衛沒有反擊。他甚至派兵去執行對抗非利士人的救援任務，而不是去找掃羅報仇。大衛耐心等待，因為他知道耶和華正在幕後動工。

同時，掃羅為了保住王位，開始拼命掙扎，這讓他越來越殘暴，國家也越來越動盪。

他簡直是失去理智了。

掃羅竟然下令屠殺整家祭司，只因為他們曾經幫助大衛逃跑。但事實上，那些祭司當時還以為，自己是在執行掃羅的命令呢！

後來，大衛遇到了一個可以輕易殺掉掃羅的絕佳機會。當時掃羅完全沒有防備，注意力也不集中。大衛的距離近到只要一伸手就能刺殺他，但大衛卻選擇只割下一小塊掃羅衣服上的布，而沒有取他的性命。大衛的憐憫讓掃羅感動落淚，雙方暫時休戰，可是真正的和解從來沒有發生過。這兩個人最後還是分道揚鑣了。當他們未來的路再次交會時，又會發生什麼事呢？

反思問題

1. 你還記得上次看到一群便雅憫人聚集在基比亞，是什麼時候的事嗎？如果你需要一點提示，可以翻回士師記第十九章。你覺得在今天的閱讀中，掃羅出現在同一個地點，有什麼特別的意義嗎？

2. 請回顧撒母耳記上第十五章。神原本吩咐掃羅要怎麼對待亞瑪力人呢？但他實際上又做了什麼？請把這件事，拿來和今天讀到掃羅對待挪伯祭司的方式做個比較。你注意到了什麼細節呢？"
"85","你曾經以為自己做的是對的，後來才發現其實全錯了嗎？今天的讀經進度裡，就有幾個角色遇上了這種麻煩，他們渾然不知自己正在做錯事。就像你在影片中會看到的，「罪」的意思，其實就是沒有去愛神、也沒有去愛人。有時候，我們甚至連自己正在犯罪都沒有察覺呢。

我們來看看那位有錢的牧場主人拿八，他的名字本來就是「愚頑」的意思。當時大衛派人去問拿八，能不能讓他的手下也一起參加拿八剪完羊毛後的傳統慶典。拿八聽了，卻很不屑地冷嘲熱諷。站在拿八的立場，他覺得自己的財產全是自己的，他絕對有權利把它們通通留給自己。

可是，拿八卻沒有看見，這些財富其實也來自大衛手下的辛勤付出，因為是這些人每天保護、看顧他的羊群。拿八隨便就把他們打發走了。他不但沒發現自己的貪心會造成多長遠的傷害，更嚴重低估了激怒這群又累又餓的戰士，會帶來多可怕的立刻後果。

幸好，拿八的妻子亞比該充滿智慧地及時出現了。趁著拿八喝得爛醉如泥的時候，她預備了整整一支車隊的豐富食物，送去給大衛和他的手下。這個舉動平息了戰士們的怒氣，讓全家人免於被大衛滅門的危機。請注意喔，亞比該不僅救了全家，其實她也救了大衛，讓他沒有做出將來會後悔的流血蠢事。

在今天的經文中，大衛和掃羅的表現，讓人覺得他們驚人地相似。兩個人都因為驕傲而失去理智，竟然相信殺人是理所當然的。接著，他們又各自透過別人的提醒，像被敲醒了一樣回到現實。這兩個故事目前都暫時以和平收場。但下次我們再看到這兩位君王心裡黑暗面的時候，又會發生什麼事呢？

反思問題

1. 默想一下你在聖經中讀過的其他關於罪的故事。你還記得哪裡有記載，有人自以為做得很成功，但實際上卻是徹底失敗的嗎？

2. 在希伯來文的聖經中，「愚頑人」指的不只是做不出聰明決定的人，更是指那些不願意做對的事情的人。你覺得拿八的行為，是在哪裡完全符合了這兩種情況呢？最後他的人生又落得了什麼樣的下場呢？"
"86","在撒母耳記上第十五章，耶和華命令掃羅徹底消滅亞瑪力人，但是掃羅卻沒有聽從耶和華的話，放跑了一些人。在今天的閱讀進度裡，這個看似不起眼的小疏忽，卻給掃羅和大衛帶來了很大的麻煩。

那些逃脫的亞瑪力人，後來突襲了大衛在洗革拉的基地。他們放火燒了整座城，還把大衛手下的家人全都擄走了。士兵們又生氣又害怕，甚至開始想要叛變，考慮拿石頭把大衛打死。這個時候大衛也嚇壞了，但他選擇帶著心裡的恐懼，來到耶和華面前大聲呼求幫助。上帝回應了他，於是大衛帶兵追擊亞瑪力人，成功把被擄走的家人全都救了回來。

同一時間，掃羅正面臨非利士人的再次入侵。他急得像熱鍋上的螞蟻，想要尋找奇蹟來脫困。然而，掃羅過去一再表現出，他在遇到危機的時候，根本不願意聽從耶和華。所以，當這次掃羅向神求救時，上帝保持了沉默。

在絕望之中，掃羅竟然跑去拜託靈媒，也就是所謂的交鬼者，把已經過世的先知撒母耳給召喚出來。在利未記第十九章三十一節、第二十章六節，以及申命記第十八章十到十一節裡，耶和華明明嚴格禁止大家去求問靈媒或是參與招魂的儀式，但掃羅卻完全不顧這些禁令。這說明他根本就沒有把耶和華放在心上，他滿腦子只想著要打贏這場仗，好拯救自己。

撒母耳對他說，掃羅的日子已經走到盡頭了。後來，掃羅和他的兒子們都死在了戰場上，把王位空了下來留給大衛。從一個小牧羊人，變成英勇的戰士，現在即將成為一國之君，大衛接下來還會遇到什麼樣的故事呢？

反思問題

1. 請比較撒母耳記上第三十章裡，大衛對抗亞瑪力人的戰役，以及第十五章裡，掃羅對抗同一群人的戰役。從他們所做的決定中，可以看出他們跟耶和華的關係有什麼不一樣的地方呢？

2. 哈拿在她的禱告詩歌中預言，耶和華必使驕傲的人降卑，將謙卑的人高舉。在掃羅和大衛的故事裡，你從哪裡看到這個預言真實地發生了呢？"
"87","《撒母耳記下》的故事是從一場大悲劇開始的。以色列的國王在戰場上陣亡，連王位繼承人也倒在他旁邊。這時候心碎的大衛，正準備要接下王位。那個跑來向大衛報告掃羅死訊的報信者，心裡大概以為大衛聽了會幸災樂禍，畢竟那個瘋狂又一心想殺他的國王終於死了。但完全相反，大衛反而是為他感到難過哀傷。因為在大衛心裡，他一直把掃羅當作是上帝的受膏者，而不是跟自己搶王位的對手。

掃羅一死，以色列的權力中心瞬間空了出來。當大衛準備邁向王位的時候，他展現出自己也是一個超聰明的政治家。掃羅家族裡掌握大權的將領押尼珥，背叛了掃羅家，主動跑來找大衛結盟。大衛答應了，但他開出了一個條件，就是押尼珥必須把掃羅的女兒米甲一起帶來。對大衛來說，這可是一步很有策略的棋。只要重新要回掃羅的女兒當妻子，大衛繼承掃羅王位的這件事，看起來就更加名正言順了。

不過，大衛為了爭取掃羅支持者所付出的這些努力，卻因為他的外甥兼軍隊統帥約押把押尼珥給暗殺了，差點面臨徹底崩盤的危機。為了解決這個大麻煩，大衛特別為押尼珥辦了一場公開的葬禮，確保全以色列的人都有看到，他和約押都在為這位被殺害的將領哀悼。大衛展現出來的悲傷，成功化解了這場公關危機，他不只贏得了民心，也為自己鋪平了通往王位的路。

掃羅統治的時代已經正式結束了。那麼大衛的王權又會怎麼開始呢？接下來還會發生什麼事？邀請你一起來看影片，預覽一下《撒母耳記下》裡關於大衛統治的故事吧。

反思問題

1. 請比較一下那個報信者在《撒母耳記下》2章1到10節裡描述的掃羅之死，還有《撒母耳記上》31章裡作者寫的版本。這個報信者自己亂改事實，這反映出他到底是一個什麼樣的人呢？他原本又以為大衛聽到這消息會有什麼反應呢？

2. 請想一想《申命記》17章14到20節裡，摩西律法對以色列國王的各種規定。大衛的行為符合這些要求嗎？在今天的經文閱讀中，你有看出任何潛在的危機跟麻煩嗎？"
"88","經歷了《士師記》那段黑暗的日子之後，大衛王的出現，真的給大家帶來了一線希望！在今天的經文裡，大衛用行動證明了，一個真正的好君王，真的能帶給他的人民生命、祝福和平安。

大衛上任後做的第一件事，就是攻下耶路撒冷，把那裡定為以色列的首都，還改名叫錫安。從那時起，大衛打贏了好多場仗，把敵人的軍隊和戰車都打得落花流水。你猜他靠的是什麼？就跟他當年打敗獅子和巨人歌利亞一樣，他完全是單單靠著對上帝那份毫無保留的信靠。

後來，大衛把約櫃搬進城裡，讓耶路撒冷變成以色列的信仰中心。大衛還問上帝，能不能把約櫃從會幕搬到一個永久的「殿」，也就是一個讓上帝同在可以安穩住下來的聖殿。不過，上帝很溫柔地拒絕了。相反地，上帝說他才是那位要為大衛建立永遠「家室」的上帝，而這個家室指的其實就是一個永遠的王朝。

這個關鍵時刻，對後面的聖經故事可是有著深遠的影響。上帝答應大衛，未來會有一位君王從他的王室血脈中誕生，而這位君王將要在地上建造上帝的聖殿，並且建立一個永遠的國度！

上帝給大衛的這個應許，在後面的《詩篇》和先知書裡面都有更詳細的描述。聖經的作者們，把這位未來的君王，和上帝以前說過「要透過亞伯拉罕的後裔賜福給萬國」的應許連在一起了。經歷了這麼多次讓人灰心的波折之後，上帝拯救所有人的計畫，現在看起來總算又回到正軌了！

反思問題

1. 以色列的君王，本來應該要像牧羊人一樣好好照顧百姓。請帶著這個想法，去讀一讀《詩篇》23篇。如果以色列的君王真的效法上帝牧養百姓的榜樣，你會對這些君王有什麼樣的期待呢？

2. 回頭看看《出埃及記》25章12到14節。以色列人本來應該用什麼方式來搬約櫃呢？但在今天的經文裡，他們又是怎麼搬的？這可以怎麼幫助你理解，烏撒那場悲慘的死亡事件呢？
"
"89","今天的經文展現了大衛在智慧和正直上的最高峰，但也記錄了他跌到谷底、最失敗的時刻。

首先，我們來看看好的那一面。大衛特別費心去尋找約拿單的兒子米非波設，用 khesed 來對待他。khesed 是一個希伯來文單字，就像你在影片中會看到的，它是用來形容「忠貞的愛」的行動。大衛承諾要對約拿單的家族展現這份愛，所以他賜給米非波設許多土地、食物和僕人。大衛根本不在意米非波設的祖父曾經多次想要謀殺他，也不在意米非波設和他的兒子米迦，未來可能會成為他王位的競爭對手。大衛依然用 khesed 的愛來對待他。

然而，大衛雖然對敵人展現了忠貞的愛，卻沒有用同樣的愛來對待自己的盟友。這就像是創世記第3章的悲劇再次重演。大衛在屋頂上看見一位名叫拔示巴的女子，心裡就對她產生了強烈的慾望。大衛明知道拔示巴是他不該碰的女人，因為她是大衛手下精銳勇士烏利亞的妻子。但是，大衛還是濫用國王的權力霸佔了她。當拔示巴懷上大衛的孩子後，大衛為了解決這個麻煩，竟然設計殺害了烏利亞，並且立刻把拔示巴娶進門，企圖掩蓋這一切的罪行。

於是，上帝差派先知拿單去當面指責大衛的罪。這時候，大衛立刻承認了自己的所作所為。他沒有找任何藉口，沒有含糊其辭，只有真實的悔改。上帝也饒恕了他，但是，上帝並沒有消除大衛這個錯誤決定所帶來的後果。大衛人生故事裡的悲劇，現在才剛剛拉開序幕。

反思問題

1. 希伯來文單字 khesed 把無條件的愛、慷慨，以及堅持到底的承諾，全部融合在一起，形成一個包含一切的「忠誠之愛」的概念。請你讀一讀幾個不同版本的詩篇第136篇。這首詩篇如何幫助你更深地理解，上帝那永遠長存的 khesed，背後有著多麼豐富的意義呢？

2. 在希伯來聖經的其他地方，你還在哪裡看過上帝擊殺了一位統治者的長子，作為對他殘酷謀殺行為的審判呢？（如果你需要一點提示，可以回頭去看出埃及記第1章22節和第12章29節。）這種經文之間的互相呼應，暗示了現在的大衛已經變成了一個什麼樣的國王呢？"
"90","你知道嗎，罪往往會引發出更多的罪！如果用暴力來解決問題，只會製造出新的問題，帶來更多的暴力。刀劍真的只會帶來更多的刀劍。在今天的經文裡，我們看到大衛那次錯誤的決定，簡直就像一場災難，狠狠撕裂了他自己的家庭，留下來的全是加倍的痛苦跟折磨。

大衛的大兒子暗嫩，完全就是重蹈了他爸爸的覆轍。暗嫩貪圖一位他不該碰的女生，居然還濫用權力，強行侵犯了她。這場可怕的傷害真的徹底摧毀了她瑪。更糟的是，大衛居然沒有出面罵暗嫩，這讓情況變得根本無可挽回。於是，她瑪的親哥哥押沙龍就決定要用暴力來報復！

押沙龍也同樣學了他爸爸那糟糕的榜樣。在暗嫩犯下傷害妹妹的罪行之後，押沙龍不僅沒有去尋求公正，反而用詭計跟謀殺來回應。他把仇恨在心裡整整悶了兩年！兩年後，押沙龍為國王所有的兒子舉辦了一場超級奢華的宴會。大家想像一下那個畫面，美酒源源不絕，滿桌都是山珍海味。就在暗嫩喝到放鬆戒備的時候，押沙龍的僕人突然衝出來，把暗嫩給殺了。

接著，押沙龍策劃了一個超長遠的陰謀，打算把自己的爸爸趕下王位。他花了整整四年的時間，用他帥氣的外表跟迷人的口才，漸漸收買了以色列人的心。等到大家都轉向支持他的時候，押沙龍就發動了全面的叛變。

這讓大衛不得不第二次逃離家園，躲進曠野裡。這位曾經在歡樂的號角聲中，開心跳著舞進入耶路撒冷的君王，現在卻光著腳，一邊哭，一邊步履蹣跚地走出城外。大衛的統治，難道就這樣結束了嗎？

反思問題

1. 大家回想一下聖經裡其他的歷史故事，你還在哪裡看過，有位爸爸在女兒遭到欺負的時候，竟然對伸張正義完全無動於衷呢？你可以翻回到《創世記》34章看看這個例子。那件事最後導致了什麼後果啊？這又是不是讓我們明白，為什麼社會跟家庭中如此需要公平跟正義呢？

2. 請注意在今天的經文裡，押沙龍跟士師參孫有多麼相似。他們都是留著長頭髮、報復心超強的年輕人，只要得不到自己想要的東西，就會氣得去放火燒別人的田地。你覺得聖經的作者，想透過這種像超連結一樣的對照，告訴我們押沙龍到底是個怎樣的人呢？這又反映出此時此刻，大衛的領導出了什麼嚴重的問題呢？"
"91","「刀劍必永不離開你的家，」先知拿單曾經這樣警告過大衛。這段話記錄在撒母耳記下十二章10節，暗示著未來還會有更多的殘酷事件發生。在今天的經文中，我們看到大衛家中那最初一點點的暴力火花，現在已經引爆成一場吞噬整個國家的森林大火。

想像一下，大衛拖著沉重的步伐走在曠野裡。他不再是當年那個充滿信心和勇氣的年輕領袖，而是一個被羞愧和懊悔壓垮、心碎的父親。同一時間，在耶路撒冷那邊，押沙龍藉由和父親大衛的妃嬪同寢，來宣告自己才是王位的主人，這是古代中東地區很常見的一種奪權手段。

就像先知拿單警告過的，押沙龍在王宮的平頂上搭起了帳棚，而這個平頂，正是當初這整個令人心碎的悲劇開始的地方。大衛的罪，原本是趁著傍晚天色昏暗的時候偷偷犯下的；但現在，光天化日之下，全世界都清清楚楚地看到了他失敗後所帶來的慘痛代價。

押沙龍那強烈的報復心，最後反而成了他失敗的致命傷。他沒有選擇派出一小支精銳部隊去追捕父親，而是動員了全國的軍隊來打仗。一切的起因，只不過是大衛當初在屋頂上的那一眼，接著演變成了一場謀殺，現在卻擴大成一場全面的內戰。成千上萬的人因此丟了性命，其中也包含了押沙龍自己。

面對這場勝利，大衛的心裡沒有絲毫的喜悅。他跌跌撞撞地走在街道上，整個身體因為不斷地抽泣而顫抖著。這位心碎的國王，還有希望逃離這場由暴力引發的瘋狂惡夢嗎？

反思問題

1. 你上一次讀到有一個女人把兩名探子藏起來，還把追兵騙得團團轉，是什麼時候呢？提示一下，可以翻到約書亞記第二章。你覺得聖經的作者想透過這種經文之間的連結，告訴我們什麼信息呢？

2. 請花點時間默想一下，約押在整個撒母耳記下這段故事裡的各種行為。從他所做的決定，以及這些決定帶來的後果來看，你對他的品格有什麼樣的認識呢？"
"92","《撒母耳記下》的最後幾章，讀起來感覺超像這卷書一開始的樣子。大衛王位最大的競爭對手，在戰場上戰死了。而大衛這位國王再次登上以色列王位的時候，竟然是痛哭流涕。不過這次，在經歷了這麼多年的痛苦之後，大衛好像已經徹底心力交瘁，整個人就像是失去了靈魂的空殼一樣。

押沙龍的死，讓大衛陷入了深深的絕望裡，他甚至沒發現，士兵們因為他那麼悲痛的哭喊，都覺得有點退縮又失望。約押試著想把大衛搖醒，要他面對現實，可是悲傷和後悔完全蒙蔽了他的判斷力，讓他在處理國家大事的時候變得隨便又疏忽。

他把約押降職，結果新上任的軍隊元帥反而成了約押洩憤的對象。米非波設展現出超級正直又堅定不移的忠誠；但是大衛的回應，竟然是放任米非波設那個不誠實的僕人，搶走他一半的家產。大衛還刻意去拉攏猶大人，讓他們搶先擁立自己重新當王，這個舉動在以色列各個支派之間，狠狠地撕裂了大家的感情。

就因為大衛的疏忽，混亂跟暴力在接下來的幾個篇章裡，繼續把整個國家搞得烏煙瘴氣。直到有一位超級機智的婦人出面，毫不留情地砍下叛軍領袖的頭，才終於把這場動亂平息下來。她不僅砍下了實質上的首級，也徹底把叛亂的源頭給斬斷了。

在今天和明天的讀經進度裡，你會發現，《撒母耳記下》結尾的故事，被刻意安排成一種互相對稱的結構，就是為了拿來比較跟對照大衛與掃羅的統治。最外層的兩個故事，比較了掃羅在《撒母耳記下》21章前半段的失敗，還有大衛在24章的失敗，並指出了他們因為做錯決定，給國家帶來了多麼可怕的傷害。

而內層的兩個故事，也就是《撒母耳記下》21章後半段跟23章後半段，記載了大衛和他的勇士們跟非利士人打仗的經過。但這一次，當歌利亞的後代出來叫陣的時候，大衛卻再也沒辦法挺身而出對抗巨人了。當年那位勇敢、什麼都不怕的年輕牧羊人，現在已經老了，變成一個虛弱的掛名領袖。大衛當年那麼轟轟烈烈地登場，難道最後就要這樣黯然退場了嗎？

反思問題

1. 在聖經其他的故事情節裡，你還想得起哪一位婦女，同樣是透過給敵軍領袖頭部致命一擊，來結束戰鬥的嗎？這些聖經故事裡前後呼應的關聯，可以幫助我們對《撒母耳記下》20章14到22節裡那位充滿智慧的婦女，有什麼更深的認識呢？

2. 你覺得聖經的作者，為什麼要把大衛晚年這段充滿悲劇色彩的衰敗過程，記錄在《撒母耳記》中呢？作者或許正邀請你，從大衛這一連串決定的後果中，學習到什麼樣的生命智慧呢？"
"93","恭喜你！你已經讀完了分作上下兩卷的《撒母耳記》。這些故事，為你昨天開始讀的對稱結語畫上了完美的句號。在這裡，我們又一次看到大衛和他的勇士們，出去與非利士人爭戰的故事。也是又一次，我們看到一位軟弱無力的國王，躲在前線大後方，而他的手下卻在前方對抗兇猛的敵軍。

昨天的閱讀進度，同樣包含了一個故事，講述掃羅的失敗所帶來的毀滅性後果；今天，我們則看到了一個平行的故事，關於其中一個大衛的致命失敗。

在進行軍隊人數普查時，大衛是在數算自己的軍事力量，而不是去信靠耶和華。當先知迦得一指出大衛的錯誤，大衛就立刻謙卑地悔改了。大衛在描述自己的罪時，用了一個希伯來文單字：「me'od」，意思是「非常」或是「很多」。但就像你將在影片中看到的，「me'od」這個字也作為名詞，出現在「示瑪」（也就是《申命記》6 章 4 到 9 節的聆聽禱告）當中。人類本應該用他們的「一切」來愛上帝，也就是盡他們的「me'od」。但是大衛卻沒有做到這一點，這也給整個國家帶來了毀滅性的後果。

雖然大衛的失敗非常嚴重，但這個故事卻始終在告訴我們：上帝的憐憫更大。這卷書結語的中心，收錄了大衛的讚美詩，這和《撒母耳記上》開頭的「哈拿的詩歌」形成了美麗的呼應。儘管大衛自己有軟弱和失敗，但他對耶和華的恩典，以及上帝願意信守聖約應許的這份心意，依然充滿信心。這些最後的詩歌裡，交織著對未來的盼望，這份盼望遠遠超越了大衛本人，而是指向了未來的彌賽亞，也就是那位將會把上帝的國度和祝福，帶給萬國萬邦的救主。

反思問題

1. 請比較大衛的詩歌回憶錄（也就是《撒母耳記下》22 到 23 章）與哈拿的詩歌（《撒母耳記上》2 章）。你注意到了哪些共同的主題呢？你在整卷《撒母耳記》中，又是如何看到這些主題不斷發展與展現的？

2. 你覺得，盡你所有的「多」（也就是你的 me'od）來愛上帝，在實際生活中會是什麼樣子呢？在你的身邊，你能想到有誰對上帝展現了這樣子的愛嗎？"
"94","《列王紀》的開頭，是大衛躺在臨終的病榻上，給他兒子所羅門最後的叮嚀。一開始，大衛的話聽起來就像摩西、約書亞和撒母耳的遺言一樣：要對上帝和祂的律法保持忠心。

但是，大衛卻用他最後的一口氣，催促所羅門去殺光所有的敵人。這到底是怎麼回事呢？這位偉大君王的統治，直到最後一刻，都證明是充滿了智慧與暴力交織的愚昧。在這段奇怪又帶著不祥預兆的話之後，大衛就過世了。

大衛死後沒多久，暴力又再次撕裂了他的家庭。接下來發生的事，簡直就像大衛過去故事的翻版：一個美麗的女子被帶去與國王同寢，一個想要爭奪王位的英俊王子，還有在旁邊伺機而動的祭司和士兵。

亞多尼雅圖謀娶他父親的妃嬪來奪權。當所羅門王得知這個同父異母哥哥的陰謀時，他就派了殺手比拿雅，用血腥的手段結束了亞多尼雅的叛亂。接著，所羅門娶了法老的女兒，與以色列古老的敵人結盟，藉此鞏固自己的權力。這位新國王上任的第一步，就帶著自己走向了一條愚昧的道路。

後來，當上帝在夢中向所羅門顯現的時候，所羅門求上帝賜給他智慧，好讓他能好好治理以色列。這位新國王是不是開始走上正軌了呢？大家可以透過觀看影片，來預先了解《列王紀》裡，所羅門和接續他作王之人的統治過程。

反思問題

1. 你在《撒母耳記下》前幾章，跟《列王紀上》前幾章之間，注意到了哪些相似的地方呢？想一想接下來的故事可能會怎麼發展，這些互相呼應的線索，會讓你產生什麼樣的期待呢？

2. 默想所羅門向上帝求智慧的這段過程。你注意到了哪些可以連結回《創世記》1到3章的線索呢？這又如何幫助你更深地理解所羅門的禱告呢？"
"95","在所羅門王治理下的以色列，就像是一座盛開的大花園，完全變成了上帝答應要給他們的那片像伊甸園一樣的美好國家。大家可以想像一下，一群群肥壯的牛羊，在綠油油的山坡上悠閒吃草的畫面。還有無花果和葡萄結出一長串，散發出迷人的水果香。夏天的微風吹過來，金黃色的麥田還會發出沙沙的聲音，那些結滿穀粒的小麥跟大麥，都因為大豐收而彎下了腰。

以色列人就在這片土地上不斷繁衍，人口越來越多。看到這種景象，大家心裡都充滿了希望，期待他們很快就能像海邊的沙子一樣多到數不完！這就好像上帝當初答應亞伯拉罕，他的子孫會超級多一樣。關於這個應許，大家可以去看看《創世記》12章2到3節。

而在這片像花園一樣美麗的土地上，所羅門簡直就像是「新的亞當」。他照著上帝的教導，用上帝賜給他的智慧，完成了上帝一開始給人類的任務，也就是好好管理這個被創造出來的世界。當時，各國的國王跟女王都特地大老遠跑來耶路撒冷，就是為了親耳聽聽他那超有名的智慧話語。所羅門還用他極大的財富，把原本上帝的帳幕，擴建成為一座宏偉的聖殿。

跟以前的帳幕一樣，聖殿的設計其實到處都在提醒大家想起伊甸園。像是牆上雕刻了花草樹木，到處都貼滿了閃亮亮的純金，還有基路伯在旁邊守衛著上帝神聖的空間。這些佈置，都會讓人聯想到那個上帝跟人住在一起、簡直像把天堂搬到地上的榮耀花園。以色列人也相信，聖殿就是上帝永遠居住的家，而且就蓋在這片豐饒土地的正中間。

這位超有智慧的國王，很大方地把和平跟祝福分享給其他所有國家。看到這一切，我們一定會忍不住想：難道這就是伊甸園又恢復了嗎？所羅門，難道就是我們一直等待的那位完美君王嗎？

反思問題

1. 大家可以仔細回想一下所羅門王和推羅王希蘭之間的互動。這些故事是不是在暗示，當以色列人生活在像伊甸園一樣的環境裡時，他們跟其他國家的關係應該會變成什麼樣子呢？

2. 大家比較一下聖經裡面對「聖殿」和「所羅門王宮」的描述。所羅門在蓋這兩個「家」的時候，分別花了多少時間？這兩棟建築又各有多大呢？這個小細節，透露了所羅門心裡的優先順序是什麼？"
"96","昨天我們看到，以色列在所羅門超有智慧的統治下，簡直就像一座全新的伊甸園大爆發！榮華富貴、平安跟祝福，從耶路撒冷一路擴散到全世界。不過這個時候，在那片美麗花園正中央的聖殿卻還靜悄悄的，空蕩蕩的感覺在金碧輝煌的大廳裡迴盪。

在今天的經文裡，伊甸園生活的最後一塊拼圖總算湊齊了！那就是上帝充滿愛、又賜下生命的同在，正式入住聖殿囉。

隨著這棟超壯觀的伊甸園豪宅蓋好、佈置完畢，所羅門邀請上帝搬進來。國王吩咐人把約櫃抬進聖殿，而且獻上了超豐盛的祭物（這一次，沒有再發生致命的牛車意外了）。就在祭司把約櫃安放在聖殿的至聖所時，上帝的榮光變成濃雲，充滿了祂的新家。

上帝神聖的同在實在太強烈了，甚至讓聖殿裡的祭司們不得不先退到外面。就像影片裡解釋的，這不是因為上帝的聖潔不好，而是因為它實在太美好了。

所羅門坐在這個像伊甸園一樣的國家寶座上，而上帝的聖潔就在對街，散發著生命的氣息。現在，就像當年伊甸園裡的第一批人類一樣，所羅門面臨了一個大考驗：他會願意按照上帝的智慧來治理，並用上帝的方式來領受生命嗎？還是說，他會選擇自己覺得好的東西，想用自己的方式來抓住生命呢？

反思問題

1. 回顧《利未記》8章關於帳幕的奉獻禮。你覺得它跟所羅門統治時聖殿的奉獻禮，有哪些相似的地方呢？

2. 比較今天經文裡所羅門的演講，還有《申命記》結尾摩西的演講。你有注意到哪些共同的主題嗎？"
"97","所羅門把以色列建設成一個光輝燦爛的國度。但是在黃金和象牙的華麗外表下，對上帝不忠誠的裂痕，早就偷偷在所羅門統治的根基上蔓延開來。

以色列的國王本來應該單單信靠上帝，從祂那邊得到祝福跟平安。那為什麼所羅門卻一直在大量囤積埃及的戰車，強迫百姓做苦工來建造他那些奢華的建築，甚至還把結婚當成政治籌碼，娶了一大堆老婆呢？

果然，這所有的財富、老婆跟戰馬，把所羅門的心從上帝身邊拉走了。在今天的經文裡面，這個國王真的愚昧到無可挽回的地步，那層閃亮華麗的外表終於徹底崩塌。原本以色列像是一個全新的伊甸園，現在卻倒退回當年那個奴役大家的埃及，到處都是做苦工跟鞭打。

所以，上帝興起了一位新的國王。祂派先知亞希雅把一件外套撕成12片，每一片代表以色列的一個支派。先知把其中10片交給所羅門的臣子耶羅波安，當作一個先知性的預兆，代表以色列會有10個支派交給耶羅波安來統治。所羅門的家族就只剩下猶大這1個支派。才經過短短兩代的時間，以色列這個國家，就已經像那件衣服一樣四分五裂了。

所羅門死掉之後，他的兒子羅波安繼承了王位，卻沒有繼承到爸爸的聰明。他被權力沖昏頭，又貪心想要搜刮更多的錢；他超驕傲地拒絕了以色列長老們的勸告，甚至想對北方的支派施加更重的苦工。就像先知亞希雅預言的那樣，北方支派直接不甩羅波安，改立耶羅波安當國王。這道深深的裂痕，還有辦法修補嗎？

反思問題

1. 大家可以想一下《申命記》17章14到20節裡面，上帝對以色列國王的規定。如果把所羅門做的事拿來跟這些規定比對一下，你會發現什麼呢？

2. 在聖經裡面，你還在哪邊看過有以色列的領袖，造了金牛犢讓大家拜呢？這個像超連結一樣的經文呼應，是不是告訴了我們耶羅波安接下來的統治會變成什麼樣子呢？"
"98","想像一下，當所羅門靠著上帝的智慧來治理國家的時候，以色列簡直就像伊甸園一樣，充滿平安又什麼都不缺。可是啊，當接班人跑去拜偶像求祝福，想用自己的方法控制人生的時候，所羅門辛苦建立的輝煌成就，就這樣慢慢崩壞了。

上一代還在享受邊境的和平，現在卻變成外國軍隊動不動就來入侵的噩夢。當埃及軍隊打進耶路撒冷的時候，羅波安雕刻的那些木偶偶像，根本擋不住法老的士兵。他們把聖殿和王宮洗劫一空，把所羅門當年存下來的金銀財寶全部搬光光。

以色列十二支派原本和平，結果變成南北兩國打不完的內戰。我們幾章前才看到那片像花園一樣超美的土地，現在已經被破壞到認不出來了，簡直就像《創世記》1章2節說的那樣，回到還沒被創造出來、沒有生命又空虛混沌的狀態。

今天的經文告訴我們上帝是用什麼標準來幫這些國王打分數的。他們是專心敬拜以色列的上帝呢？還是帶頭叫大家去拜別的偶像？他們有沒有勇敢站出來，把大家身邊的偶像除掉？還是裝作沒看見？最後，他們對上帝的約定夠不夠忠心？還是變得腐敗又充滿不公平呢？

可惜的是，幾乎沒有幾個國王能通過這個考驗。在今天經文那一長串的國王名單裡，只有猶大王亞撒把國內的偶像清得乾乾淨淨，而且全心全意地跟隨上帝。其他國王全都走偏了，心裡想著別的偶像，把整個國家推向拜偶像和不公平的無底洞。

這個分裂的王國，情況真的越來越失控了。到底有沒有人，可以把這些走偏的國王拉回正軌呢？

反思問題

1. 上帝給了耶羅波安跟大衛一模一樣的機會：「你若聽從我一切所吩咐你的，遵行我的道，行我眼中看為正的事，謹守我的律例誡命，像我僕人大衛所行的，我就與你同在，為你建立堅固的家，像我為大衛所建立的一樣，將以色列賜給你。」（《列王紀上》11章38節）。耶羅波安是怎麼回應這個邀請的？最後結果又發生了什麼事？

2. 仔細想想聖經作者在今天經文裡，是怎麼幫每一位國王打分數的。從這些評分標準來看，你覺得上帝在祂的領袖身上，真正看重的是什麼樣的特質呢？"
"99","今天我們來認識一位熱血的先知以利亞！他就像以色列北國在信仰上的守望者，時刻盯著大家有沒有好好遵守上帝的約定。就像影片裡演的那樣，以利亞非常勇敢，直接點出以色列人拜偶像和不公平的罪行。當時的亞哈王和王后耶洗別，正到處要大家去拜迦南人的神明「巴力」。但以利亞根本不吃這一套，面對那些不想聽真話的長官，他照樣勇敢說出上帝的真理。

接著，以利亞直接向巴力的先知下戰帖，要在迦密山上來場大對決，看看誰才是真正的上帝！巴力被認為是掌管風暴的神明，照理說應該能輕鬆打個雷，把乾燥祭壇上的祭物點燃。可是，不管他們怎麼對巴力大聲求救，完全沒有用，現場死氣沉沉。輪到以利亞上場時，他竟然叫人提了十二大桶水倒在祭物上，把祭壇弄濕。結果，上帝直接從天上降下大火，把祭物、水、泥土，甚至石頭全部燒得精光！這記載在《列王紀上》18章38節。

看到上帝降下烈火的震撼畫面，以色列人全都看傻了，甚至害怕得發抖。這下不用再證明什麼了，大家忍不住大喊：「耶和華是神！」

不過，才剛經歷完山頂上的信仰大勝利，以利亞竟然馬上跌到谷底，覺得人生好難。因為王后耶洗別放話要殺他，把以利亞逼到快崩潰，不只想辭去先知的工作，甚至連活都不想活了。這時候，上帝超溫柔地幫這位沮喪的先知準備了豐盛的一餐，還讓他好好睡了一大覺。醒來後，上帝邀請以利亞去何烈山，也就是西奈山，要在那裡跟他見面。

就像以利亞之前在迦密山上經歷過的那樣，這次見面一開始也是各種大場面，有狂風大作、山崩地裂，接著還有地震和烈火。但這次，上帝卻是用超級微小的聲音，溫柔地安慰這個深陷絕望的先知。上帝沒有放棄以利亞，也同樣沒有放棄以色列。

反思問題

1. 你有發現嗎？在大饑荒的時候，上帝竟然把以利亞送到以色列國外，去腓尼基一個叫撒勒法的地方找當地的一位寡婦。上帝親自給這個不是以色列人的寡婦食物，甚至救了她的命。你覺得這代表上帝怎麼看待外國人呢？

2. 試著比較一下，《列王紀上》19章以利亞在山上遇見上帝的經歷，還有《出埃及記》34章摩西在同一座山遇見上帝的過程。你有看出什麼一樣和不一樣的地方嗎？這些巧合又給這兩個故事帶來什麼啟發呢？"
"100","在今天的讀經進度裡，亞哈和耶洗別這對夫妻，讓他們原本就很糟的統治紀錄變得更難看了。他們重蹈覆轍，犯下了以色列過去君王最嚴重的失敗。

首先，上帝吩咐亞哈要徹底擊敗亞蘭人，但他卻違背了上帝的命令。就像過去的掃羅王一樣，亞哈為了眼前的經濟利益而選擇不順服，竟然放過了敵軍的國王。當先知來指責他的時候，這位國王不但沒有承認自己的不順服，反而跑回家鬧彆扭。

情況從那裡開始直線下滑。就像大衛王曾經犯下最嚴重的罪一樣，亞哈看見了他想要卻不該擁有的東西，也就是拿伯的葡萄園。接著，他就像暗嫩一樣，把自己關在王宮裡生悶氣。當妻子耶洗別發現這件事後，她竟然用欺騙和謀殺的手段，直接為亞哈奪取了他想要的東西。

於是，耶和華又差派了一位先知，去指責這位犯了罪的國王。沒想到，亞哈這次的反應卻出奇地正面。他就像大衛最好的一面那樣，表現出真誠的悔改。到目前為止，我們在故事中看到，耶和華總是不斷向謙卑的人施恩；因此，上帝將這場無可避免的王朝災難，延後了一個世代才發生。

可是，為什麼只延後了一個世代呢？也許是因為亞哈到了最後，還是拒絕聽從上帝藉著先知所傳達的信息。

在接下來的故事裡，亞哈和約沙法準備與亞蘭人開戰，他們為此尋求耶和華的指引。當時有許多假先知都保證他們會打勝仗，但只有米該雅說出了真話。米該雅警告亞哈，這將會是他人生中最後的一場戰役。亞哈聽了很不高興地抱怨說：

「其他的先知都很樂觀啊！」

但米該雅拆穿了假先知的謊言，指出他們那些好聽的承諾，其實是為了把亞哈引向毀滅的陷阱，而這個主意，竟然是直接來自耶和華的天上議會。

請大家去看一下今天的影片，認識這群被稱為天上議會的屬靈存在，他們就像是上帝在天上的幕僚團隊一樣。

反思問題

1. 雖然亞哈一再違背上帝的命令，但當他謙卑悔改的時候，耶和華依然用憐憫來回應他。這個故事邀請你如何去思考上帝的性情呢？

2. 請默想《約伯記》38 章 1 到 7 節。這段經文如何幫助你理解天上議會在聖經故事中所扮演的角色？"
"101","你覺得誰會贏呢？一邊是擁有龐大軍力和無限物資的暴怒國王；另一邊，則是一位繫著皮帶、頭髮亂七八糟、性格超剛烈的曠野先知。

在今天的經文裡，以利亞跟以色列國王們的對決還在繼續。亞哈的兒子亞哈謝，竟然想用武力逼以利亞聽話。他好像忘了，以利亞可是能呼求上帝從天上降下大火的！亞哈謝的愚昧就這樣暴露無遺，而且情況還變得越來越糟。

上帝向亞哈謝那些號稱「很強」的士兵，降下了像洪水一樣的審判之火。這不只讓人想起上帝在迦密山上，那場超震撼的至高主權展現；也讓人想到他過去對所多瑪、蛾摩拉還有埃及，那種無法阻擋的審判行動。

這場對決之後，以利亞的退場超級壯觀！一輛火車火馬從天而降，伴隨著旋風，把他直接接上了天。這個很有名的故事，充滿了能連結到摩西的各種線索：像是把水分開走乾地過去、在風和火的景象中遇見上帝的同在，還有上帝的靈傳遞給了以利亞的接班人。最神祕的是，他們離開之後，誰也找不到摩西或以利亞的遺體，大家可以去看看《申命記》34 章 5 到 6 節。

以利沙撿起老師以利亞的外衣，就像當年的約書亞一樣，藉著把約旦河的水分開，開始了他的服事。這只是印證以利沙是上帝所賦予能力的領袖，接下來一連串神蹟裡的第一個。他將會帶來生命，宣告公平的審判，並帶領上帝的百姓走向勝利。

那麼，以色列的國王們又會怎麼對待以利沙，這位上帝最新派來的代言人呢？

反思問題

1. 回想一下，上帝的同在是怎麼在以利亞的服事中顯現出來的？把這些上帝看得見的彰顯放在心裡，然後去讀一讀《使徒行傳》2 章五旬節的故事。你有注意到哪些相似、不同或是互相關聯的地方嗎？

2. 你能想到《聖經》裡還有哪一位人物，也一樣是繫著皮帶、待在曠野，而且把整個服事都用在呼籲大家悔改嗎？你可以去翻翻《馬太福音》3 章找找提示喔。這些聖經故事之間的連結，怎麼幫助你更深地認識這兩個人物呢？"
"102","當人們經歷極大的痛苦時，最需要的就是充滿憐憫的解藥。以利沙帶來了神蹟般的醫治，把耶和華溫柔的看顧，帶給那些正在受苦的人。他把這些人從疾病、飢餓、極度貧困、甚至死亡當中拯救出來。相反地，以色列王卻形成了強烈的對比，他完全沒有為任何需要幫助的人，帶來任何實質的幫助。

我們今天讀到的一些神蹟，在後來的新約聖經中，也能看到相似的畫面。以利沙給飢餓的群眾食物吃、使死人復活，還醫好了一位患有痲瘋病的外邦人。

讓人遺憾的是，以利沙的僕人基哈西，並沒有像他的主人那樣，擁有上帝所賜的能力。這顯然是因為他缺乏以利沙那份敬畏上帝的品格。基哈西的心裡充滿了貪婪，而不是對別人的愛和關懷。就在他耍弄手段、暗中算計的時候，反而給他的全家人帶來了咒詛。但同一時間，乃縵這位非以色列族的外邦人，經歷的卻不是咒詛，而是耶和華那美好又慷慨的賜福。

被邪惡慾望驅使的以色列人，受到了公義的審判；但願意謙卑信靠上帝的外邦人，卻經歷了奇妙的拯救和祝福。上帝的憐憫是不偏待人的，他將白白的恩典賜給一切信靠他的人，無論他是不是以色列人。

隨著故事繼續發展，你可以留意一下，耶和華是如何公平地對待所有人，就連對他的選民以色列人也不偏私。聖經的故事不斷告訴我們，上帝喜悅我們活出一種特別的生活方式，那就是打從心底敬畏他，並且去愛和關懷每一個人。我們不是靠著好行為來換取上帝的祝福，而是因為先領受了他的恩典，才滿懷感恩地去遵行他的旨意。那些願意按照上帝的心意來生活的人，往往能經歷到他的同在和賜福；相反地，那些被貪婪驅使、去傷害別人的人，最後往往會面臨截然不同的悲慘結局。

反思問題

1. 請複習《申命記》28 章，摩西對以色列人的警告：如果他們不信靠耶和華，反而想透過跪拜偶像來換取祝福，將會發生什麼事？請用你自己的話來說說看，以色列人，或許也是我們每一個人，到底必須面對什麼樣最基本的選擇呢？

2. 請回想另一個聖經故事：有兩個婦人為了一死一活的兩個嬰孩起了爭執，於是請求國王來主持公道。那位國王當時是怎麼回應的？這和今天經文裡，這位以色列王的回應比起來，有什麼不同？從這樣的對比中，你覺得在目前這個聖經故事的階段裡，以色列的國家領袖處在什麼樣的狀態中呢？"
"103","上帝充滿憐憫和恩典，他不輕易發怒，而且有著滿滿的慈愛和信實。大家可以去看看《出埃及記》34 章 6 到 7 節。不過你要知道，上帝很溫柔，不代表他對那些壞事就隨便算了。其實上帝之所以要求公義，正是因為他很愛我們，而且這份愛絕對不會讓他的公義打折扣。

今天讀到的經文，剛好讓我們看到上帝「公義」和「憐憫」這兩個超重要、又緊緊連在一起的特質。在希伯來文裡面，「憐憫」念作 rakhamim。就像你在影片裡會看到的，這個字是用來形容一種強烈的情感。

在英文裡，「憐憫」這個字有種陪著別人一起感受痛苦的意思。所以，當先知以利沙在哈薛面前哭出來的時候，是因為他早就知道哈薛將來會給以色列帶來多麼可怕的災難和痛苦。以利沙對以色列人真的充滿了深深的憐憫。

就像今天的《詩篇》說的，上帝對我們的憐憫，簡直就像爸爸媽媽對孩子那種打從心底、超強烈的愛。當小孩遇到危險的時候，這種愛會讓父母連命都不要，拼了命去保護他們。

那個時候，亞哈和耶洗別那種有破壞力的影響，就像毒瘤一樣在整個以色列擴散開來。他們的小孩，就是北國的約蘭和南國的亞他利雅，甚至還變本加厲地推廣拜偶像，讓社會上充滿了各種不公平和暴力。直到以色列人痛苦到不行，終於觸動了上帝那充滿憐憫的心。於是，上帝決定親自出手，把以色列從亞哈家族那種敗壞的影響中救出來，還指派了耶戶，對亞哈和耶洗別的家族展開嚴厲的審判。

雖然審判的過程讓人看了心驚膽跳，但只有這樣一刀切斷亞哈和耶洗別的有害影響力，徹底毀掉巴力偶像帶來的致命威脅，真正的醫治才有可能開始。或許，這個全新的起點，可以讓南北兩個國家重新回到跟隨上帝的正軌上吧！

反思問題

1. 請你花點時間，安靜想想《申命記》30 章 2 到 3 節、《詩篇》116 篇 4 到 6 節，還有《以賽亞書》55 章 7 節。關於上帝那充滿憐憫的個性，你從這些經文裡具體學到了什麼呢？這些經文有沒有讓你想起聖經裡的其他故事或段落呢？

2. 在今天的經文裡，你會發現迦得、流便和瑪拿西這三個支派，打敗仗之後就被外國人統治了。讓我們來回顧一下《民數記》32章，為什麼這三個支派最後會選擇留在約旦河的東邊，讓自己完全暴露在敵人的攻擊範圍裡呢？他們當時決定要住在自己覺得不錯的土地，而不是上帝答應要給他們的地方，從他們這個決定中，你學到了什麼功課呢？"
"104","在今天的經文裡，北國和南國的各個支派都陷入了令人憂心的惡性循環。這情景彷彿重演了士師記的時代，當時「各人任意而行」。（大家可以參考士師記21章25節）。

約哈斯帶領北國以色列人，行耶和華眼中看為惡的事，於是上帝收回了祂的保護。這讓亞蘭軍隊有機會欺壓他們。當約哈斯轉向耶和華呼求幫助時，上帝就興起一位拯救者，為他們帶來勝利與短暫的和平。然而，約哈斯和百姓卻很快又走回頭路，繼續過著充滿不公義和拜偶像的生活。

這樣的惡性循環不斷上演，其實也在提醒我們一件事：要全心全意地信靠、並且真實遵行上帝的話語，真的不是一件容易的事。我們看到以色列人一代又一代，雖然在某些地方看似有進步，但在其他方面卻一再失敗。

回想在士師記裡，以色列人對待婦女的方式，就像是衡量他們道德墮落程度的指標。而在列王紀當中，他們對待聖殿的態度，則成了衡量這同樣狀況的另一個指標。現在，警報燈彷彿正在大聲尖叫著：「危險！危險！」

南國的約阿施（又叫做耶何阿施）一開始做得很好，他重修了聖殿。但是，當亞蘭王哈薛威脅要入侵耶路撒冷時，約阿施卻沒有選擇信靠耶和華的保護，反而搜刮了聖殿寶庫裡的財物，用來收買哈薛。

約阿施的兒子亞瑪謝一開始也做得不錯，他願意遵行上帝的指示。然而，早期的幾次軍事勝利讓他驕傲自大起來。他竟然向北國以色列下戰帖，挑起了一場血腥對決。亞瑪謝魯莽的驕傲換來了屈辱的慘敗，導致聖殿第二次遭到洗劫。耶和華神聖的居所，竟然被當作他個人專屬的高級藏寶箱來對待！

儘管如此，耶和華依然沒有放棄他們。面對他們的愚昧和所受的苦難，上帝確實以公義來回應，但同時，祂也展現了充滿耐心且永不止息的憐憫。

上帝的恩慈，最終能引領祂的百姓悔改嗎？

反思問題

1. 請默想列王紀下13章23節：「耶和華卻因與亞伯拉罕、以撒、雅各所立的約，向他們施恩，憐憫他們，眷顧他們，不肯滅盡他們，尚未趕逐他們離開自己面前。」你認為這裡特別提到以色列人的列祖，對於「上帝的信實」這件事，帶給我們什麼樣的啟發？

2. 在今天的經文裡，約阿施和亞瑪謝這兩位國王，都做了一些在耶和華眼中看為正的事。請將他們與列王紀裡另外兩個人物做個比較：亞撒（列王紀上15章8到22節）和約沙法（列王紀上22章）。在列王紀前面的記載中，作者對亞撒和約沙法這對父子檔給予了正面的評價。仔細看看這兩對父子，你注意到他們之間有哪些相同點和不同點呢？這樣的比較，如何幫助你更深刻地了解南國以色列在列王紀中走向衰亡的軌跡？"
"105","你們知道嗎？摩西、約書亞、大衛、所羅門，還有歷代的先知們，他們每個人都用自己的方式給出了一個極大的警告，那就是：偶像根本沒什麼了不起的，也完全沒有超能力，它們絕對幫不了你！把生命的希望寄託在一塊木頭或石頭雕像上，真的不是很聰明。

每當以色列人跑去拜偶像，上帝總是會呼喚他們回來。上帝向他們保證，祂愛他們，也一定會拯救他們，這兩件事可是一塊石頭絕對做不到的！但很可悲的是，拜偶像在當時已經變成正常的事了，對他們來說一點都不奇怪。有些人甚至把月亮和星星當作神明來拜，就像今天的影片說的那樣，在聖經作者的觀念裡，這些天體往往都和靈界的存在有關係。

在以色列周圍的國家裡，大家都花了超多時間和資源去拜他們的偶像，就是為了想要換來好日子。其實就像我們一樣，他們也渴望得到好東西，但當他們想用自己的方式去抓取時，就慢慢迷失了自己。人很容易變得像自己所崇拜的對象。如果他們拜的神明是沒有生命的，那麼，他們自己最後也會失去生命。

以色列人本來是把自己的孩子當成上帝賜下的無價之寶在疼愛的，後來竟然為了拜偶像，殘忍地殺死自己的小孩來獻祭。他們周圍的文化把人的生命貶低到一個地步，為了得到某些所謂更好的東西而去傷害孩子，竟然變成了一件好像很合理的事。

今天的經文讓我們看到，上帝任憑大家去追求自己想要的東西，結果就是人的生命竟然比金錢、權力或社會地位還要不值錢。

接著，亞述帝國登場了！這個北方邪惡的大帝國，他們的軍隊每天都在一步步逼近以色列。當時有個殘暴的北國國王叫做米拿現，他向百姓收了重稅去賄賂亞述，但他只爭取到了一點點時間。最後亞述的軍隊還是打過來了，就像先知早就警告過的那樣，以色列的那些偶像、木偶和金牛犢，根本沒有能力去愛，也救不了任何人。北國以色列就這樣淪陷了，亞述把這裡的支派硬生生抓走，流放到外地去。

那麼，南國猶大會不會從她北方姊妹國的錯誤中學到教訓呢？

反思問題

1. 在看完今天的影片後，請默想詩篇一百四十八篇。關於聖經中天上的星體與靈界存在之間的關聯，你從這首詩歌裡學到了什麼呢？

2. 請複習申命記二十八章15到68節，看看對神聖約不忠誠會有什麼後果。摩西的警告如何幫助你理解，拜偶像與被擄流放之間有什麼樣的關聯呢？"
"106","俗話說「有其父必有其子」，但這對父子可完全不一樣。

在今天的經文裡，南國猶大的新任國王跟他的上一任截然不同，給人一種耳目一新的感覺，也為猶大國帶來了他們非常渴望的盼望。

希西家非常認真地遵守上帝的律法。他全心全意地信靠耶和華，並在作王期間，大力推動消除偶像的政策。他拿起斧頭砍倒了亞舍拉木柱，也把巴力的神像打得粉碎。

但是，一支龐大又兇狠的亞述軍隊，考驗著希西家對上帝真正的信心。亞述的將軍在城牆外大聲叫囂，對著城內瘋狂地恐嚇和辱罵，讓每個人都聽得清清楚楚。猶大國那一點點微弱的兵力，根本打不過亞述。要知道，亞述可是當時的世界超級強國，不久前才剛用鎖鍊，把猶大北邊的以色列人通通擄走呢。不過，希西家依然堅定立場，拒絕被亞述王和那些滿嘴嘲諷的同夥威嚇而屈服。

當情況變得無比絕望時，希西家選擇走進聖殿。他不是去搜刮裡面的金銀財寶，而是大聲向耶和華呼求幫助。

再一次，哈拿在以色列王國歷史開頭所說的預言，被證明是真實的。耶和華回應了希西家謙卑的禱告，並且斥責了亞述人的驕傲。那支原本兵臨城下、威脅著耶路撒冷的強大軍隊，竟然在一個晚上就徹底瓦解了。看來，南國猶大也許終於能平安無事了吧？

反思問題

1. 你認為耶路撒冷的百姓聽到亞述將軍拉伯沙基威脅他們時會有什麼感覺？特別是在幾年前，他們才剛目睹亞述人將北方支派的同胞擄走之後？如果是你，一覺醒來發現亞述的威脅竟然一夜之間完全消失了，你覺得會是什麼樣的心情？

2. 請默想希西家面對這場嚴重危機時最終的反應，也就是列王紀下18章37節到19章7節的記載。聖經作者可能是想邀請你，從他的行動中學到什麼樣的智慧呢？"
"107","昨天的讀經進度那種像坐雲霄飛車一樣的世代大反差，是不是讓你看到頭都暈了？如果是的話，請做好心理準備喔，因為接下來的情況會變得更慘。

希西家過世後，整個王國腐敗，陷入一片大混亂。聖經的作者告訴我們，希西家是到那時候為止，南國猶大最棒的國王；但他兒子瑪拿西卻是最糟的，而且是糟到不能再糟的那種。

瑪拿西在猶大全國，重新帶起他爸爸好不容易才清掉的偶像崇拜風氣。他為其他假神和邪靈建造祭壇，甚至把偶像直接擺在上帝聖殿的正中央。這種行為，簡直就像是當面把口水吐在上帝臉上，然後還大聲嘲笑祂一樣。

想當然，迦南人的偶像崇拜一定會讓人不再尊重生命。他們容忍謀殺和邪術，甚至又開始把自己的小孩當作祭物獻給假神。瑪拿西的暴力和不公義，讓整座耶路撒冷城流滿了無辜人的血。這成了壓垮駱駝的最後一根稻草，上帝警告他們，一場神聖公義的洪水即將來到，要把猶大這塊土地徹底洗刷乾淨。

幸好，大衛的家族在兩代之後，透過瑪拿西的孫子約西亞，經歷了另一次的大翻轉。這位年輕的國王下令重新整修聖殿，在施工期間，祭司發現了一卷古老的律法書。律法書上的話，讓約西亞深深被觸動，甚至流下了眼淚。

一直以來，上帝都呼召祂的百姓去過一種「妥夫」的生活。這是一個希伯來文詞彙，就像你在影片中會學到的，它代表著良善、美好，而且能帶來生命。透過再次閱讀這卷律法書，約西亞終於明白，原來百姓早就離開了上帝那條美好的道路，反而去跟從自己以為很聰明的做法。

那麼，這位年輕的國王接下來會選擇哪一條路呢？

反思問題

1. 請比較約西亞和之前的國王約阿施（也就是《列王紀下》11到12章提到的耶何阿施）這兩位的統治時期。你觀察到有哪些相似和不同的地方呢？

2. 請想一想今天字彙解析影片中，對「妥夫」也就是「良善」這個字的定義。這如何幫助你更深地明白，上帝的教導是「美好」的，這句話到底有什麼涵義呢？"
"108","當約西亞讀到那卷失落已久的律法書時，他猛然驚覺，自己的國家已經嚴重偏離了神的道。於是，約西亞將他接下來的統治生涯，全都投注在帶領猶大國走回正路上。他在一場公開的儀式中，帶領百姓重新與耶和華神立約，恢復彼此的關係。他燒毀了所有能找得到的木製偶像柱，為了確保徹底清除，還把這些灰燼磨成粉末。他甚至帶領百姓，守了自士師時代以來，第一次真正的逾越節。約西亞全心全意的奉獻，可以說是前無古人，正如聖經所記錄的：在約西亞以前，沒有王像他盡心、盡性、盡力歸向耶和華。

然而，可惜的是，約西亞這一切的努力終究太少，也太遲了。他的祖父瑪拿西所犯下的罪惡，早就讓猶大國步上無可挽回的結局。當約西亞過世後，他所推動的改革也跟著煙消雲散。接著，在幾個敗壞的國王統治之後，巴比倫人入侵了耶路撒冷，把聖殿燒成平地，並且將猶大百姓通通擄到外地去流亡。

那個原本應該要把耶和華的祝福帶給全世界的國度，現在卻化為一片冒著煙的廢墟。這卷書充滿悲劇色彩的結尾，在我們的心中留下了一個大問號：神對以色列，以及對大衛後裔的計畫，難道就這樣結束了嗎？

列王紀的最後一段，把時間快轉到了四十年後，記載了一個關於約雅斤的特別小故事。約雅斤是大衛的後裔，他原本應該在耶路撒冷作王，但現在卻被迫流亡異鄉。故事說到，巴比倫王把約雅斤從監獄裡釋放出來，並且邀請他在有生之年，都能在王宮裡與王同桌吃飯。雖然這看起來微不足道，但這個故事卻帶來了一線曙光，讓我們看到耶和華並沒有放棄祂對大衛的應許。而在聖經後續的智慧書和先知書中，將會對這個盼望有更深一層的探討。

反思問題

1. 請默想列王紀結尾關於約雅斤的故事，記載在列王紀下24章8到17節。一個無辜受害的以色列人，被帶到外國成為奴隸。他在那裡雖然被囚禁，國王卻將他釋放，並且提升他的地位，使他高過當地其他的首領。這讓你想起了聖經裡的哪一位人物呢？這樣似曾相識的故事連結，如何向你展現出，儘管列王紀充滿了人類的邪惡，神卻依然在其中動工，並帶來美好的心意呢？

2. 請花一點時間，回想一下到目前為止我們讀過的聖經大歷史。關於神拯救人類的計畫，你學到了些什麼呢？你有沒有產生什麼新的疑問，或者一直放在心底、還在思考的問題呢？"
"109","在大家平常看的聖經目錄裡，《歷代志》是緊接在《列王紀》後面的。那你可能會想，為什麼我們現在要跳來讀《以賽亞書》呢？其實今天的影片有介紹到希伯來聖經，也就是「塔納赫」傳統的猶太書卷順序，這就能幫我們解答這個疑惑。特別注意一下，塔納赫這個詞裡面的「N」，代表的是希伯來文的先知，也就是指那些後期先知們的作品。

而這些後期先知書的第一卷，就是《以賽亞書》。以賽亞那時候生活在猶大國，他經歷了烏西雅、約坦、亞哈斯還有希西家這幾位君王統治的時期。就像大多數的先知書一樣，《以賽亞書》幾乎都是用詩歌寫成的，用這種文學風格，就是想透過充滿藝術感的文字，來激發你的想像力。

今天的經文介紹了貫穿這整卷書的核心信息。上帝揀選了亞伯拉罕的家族，想透過他們，把上帝那就像伊甸園一樣的美好祝福傳給所有國家。可是，亞伯拉罕的後代竟然背棄了這份神聖的夥伴關係，跑去拜偶像了。這些偶像不但沒辦法賜福給任何人，反而還為整個社會帶來了欺壓跟暴力。

所以以賽亞就警告猶大百姓，上帝一定會審判他們的不公義。不過，這位先知同時也帶來了一個充滿盼望的信息。那就是即使百姓們沒有遵守聖約中的承諾，上帝還是信守了他的應許。接下來請大家繼續往下讀，你就會在《以賽亞書》裡發現，上帝為了拯救他揀選的百姓，可是預備了一個非常令人驚嘆的未來計畫呢。

反思問題

1. 試著默想一下以賽亞所描繪的強烈對比：百姓一方面無情地欺壓窮人，另一方面卻又很勤奮地參與聖殿獻祭、守安息日還有各種神聖節期這些敬拜活動。這告訴了你，上帝真正在尋找的，是他子民怎麼樣的忠心呢？

2. 請仔細讀《以賽亞書》1章27到31節。你覺得以賽亞用了這麼多「樹木」和「園子」的畫面，是想要在聖經裡創造出什麼樣的「超連結」呀？當以賽亞指控以色列人，說他們其實是把心交給了虛假伊甸園裡的虛假生命樹時，你覺得他真正想傳達的信息是什麼呢？"
"110","你們有沒有想過，上帝是怎麼挑選祂的代言人，又是怎麼給他們任務的呢？在今天的經文裡，以賽亞在異象中看見了上帝在天上的聖殿。他看見而且聽見長著六個翅膀的天使在唱歌。他親眼看到上帝的榮耀強大到連聖殿的根基都在震動，整間聖殿充滿了煙雲。接著，他經歷了一場像烈火一樣的差遣，準備好要去為上帝發聲了。

不過，以賽亞並沒有得到什麼熱血的歡送會，上帝也沒有保證他的任務一定會成功。事實上，上帝直接跟以賽亞說，他的任務注定會失敗。以賽亞傳講的信息，不只不會讓人悔改，反而還會讓聽到的人心更硬，在悖逆裡面陷得更深！

下一個故事就證明了這件事。上帝派以賽亞去見猶大王亞哈斯。那時候，亞哈斯正面臨北方亞述帝國要打過來的威脅。以賽亞跟亞哈斯說不用擔心，那些北方的國王只是在虛張聲勢，就像叫得很大聲卻不敢咬人的狗一樣。結果呢，當先知邀請亞哈斯向上帝求一個兆頭的時候，亞哈斯竟然超固執地拒絕了。

就算這樣，上帝還是親自給了一個兆頭。上帝的愛原本像一條給人生命的清澈小溪，溫柔地照顧著祂的百姓，但因為亞哈斯拒絕了上帝，亞述大軍將會像生氣暴走的洪水一樣，無情地把猶大國整個沖走。不過，以賽亞也說了，在這場上帝公義審判的洪水過後，大家將會看到新生命誕生的盼望。

邀請你們來看看今天的影片，更深入了解《以賽亞書》裡面，這個交織著審判和盼望的信息。

反思問題

1. 請默想以賽亞關於葡萄園的預言，這個葡萄園代表著以色列百姓。這個比喻，如何幫助你更深地理解《馬太福音》21章33到44節裡面，耶穌說的那個關於兇惡園戶的比喻呢？

2. 根據《利未記》裡關於禮節潔淨的律法，不潔淨的狀態是會傳染的。可是，當祭壇上的炭火碰到以賽亞不潔淨的嘴唇時，炭火並沒有被弄髒，反而把以賽亞變潔淨了。在這裡，上帝的聖潔似乎比人類的不潔淨還要更有傳染力。這點如何幫助你明白《新約聖經》裡面，耶穌醫治病人的神蹟呢？"
"111","那位真正出於大衛家族的君王，請你站出來好嗎？

上帝曾經答應過大衛，他的一個後代會把祝福帶給全世界。但到目前為止，大衛的子孫們簡直把事情搞得一團糟。在昨天讀的經文裡，先知以賽亞跟亞哈斯王吵得超激烈；更別提我們之前在《撒母耳記》跟《列王紀》裡，看到那些簡直像災難一樣的王室醜聞。讀到這裡，你可能也開始懷疑大衛家族到底行不行了吧。

以賽亞身為先知，他的任務就是要來解答大家的疑惑。就像你在影片裡會看到的，先知有點像維護聖約的檢察官。他們會直接指控以色列跟他們的領袖，罵他們不遵守跟上帝訂下的約定。以賽亞警告大家，以色列人欺負弱勢，這不只是犯罪，更是在拒絕上帝，絕對會帶來嚴重的後果。結果就在這個時候，亞述的軍隊就像一場可怕的黑色風暴，正朝著以色列北部邊境撲過來。

不過，以賽亞的眼光早就看穿了以色列快要被審判的慘況，他看見上帝應許的那位真正的大衛君王快要來了！以賽亞用一種超像回到伊甸園的畫面，來形容這位君王以後是怎麼統治的。真光會再次照亮混亂的黑暗，就像上帝一開始創造世界那樣。這片土地會再次充滿喜樂和豐盛。公平、和睦跟平安會變成那時候的主角；而且這不只是人跟人之間，就連動物也都能和平相處呢！

當這位和平之君來臨時，他會把以色列失敗和被擄流亡的悲劇，翻轉成一個為整個受造界帶來盼望與恢復的美好故事。

反思問題

1. 請安靜思考一下《以賽亞書》11章15節到12章2節裡的畫面和字句。這些內容有沒有讓你想起以色列歷史上的哪件大事呢？你覺得以賽亞透過這些歷史的連結，是想告訴我們關於以色列未來恢復的什麼信息？

2. 聖經裡的先知主要有三個任務：第一是當面指責以色列人打破了跟上帝的約定；第二是呼籲大家趕快悔改；第三是宣告背叛聖約會帶來什麼後果。回想一下，你是怎麼看到以賽亞，還有你在《撒母耳記》和《列王紀》裡遇見的其他先知，真的都有好好完成這三個任務呢？"
"112","遠處傳來震耳欲聾的戰鬥吶喊聲。無數的軍隊湧出地平線，像可怕的巨浪一樣從山上傾瀉下來。抬頭一看，天上的星星一顆接著一顆熄滅，到最後連太陽的光芒也消失了。整個天空劇烈地搖晃，腳下的土地也像波浪一樣不斷起伏。

這難道是世界末日到了嗎？

可以說是，也可以說不是，但其實比較偏向「不是」。這是一種形容末日的震撼畫面。以賽亞用這種寫法，是要來強調耶和華對巴比倫的審判有多麼巨大，大到彷彿要把整個宇宙的創造都倒轉過來一樣。先知期盼看到一個大翻轉的世界，在那裡，耶和華會把亞述和巴比倫這些超級強國從寶座上拉下來，卻把微不足道的小國猶大高舉起來，讓他們得到勝利。以賽亞用這些宇宙級的震撼畫面，邀請我們這些讀者去思考，這些歷史事件是如何融入上帝更宏大的計畫之中。上帝的任務，就是要徹底瓦解每一個腐敗又暴力的帝國，而且是一勞永逸。

以賽亞的警告也為我們打開了一個值得深思的奧祕：雖然上帝有時候會容許這些國家的武力，成為管教以色列犯罪的工具，但這絕對不代表上帝贊同人類使用暴力。沒錯，巴比倫可能是一股用來制止以色列人悖逆上帝的力量，可是，這不代表巴比倫自己的悖逆就可以被原諒。

以賽亞警告說，耶和華同樣會審判巴比倫的不公義和驕傲，就像祂審判以色列一樣。巴比倫將會化為灰燼和瓦礫，他們原本茂盛的城市花園，將在乾旱貧瘠的土地上枯萎。他們金碧輝煌的宮殿，也將崩塌成一堆充滿塵土的碎石。

以賽亞對我們說：做好準備吧，耶和華的日子即將來臨。

反思問題

1. 默想以賽亞書14章和創世記11章之間相似的地方。這些關聯如何幫助你更了解在這兩個關於巴比倫的故事裡，到底發生了什麼事？

2. 把今天的經文和撒母耳記上2章裡哈拿的歌做個比較。你注意到了哪些共同的主題呢？又有什麼對比之處嗎？"
"113","徵才啟事！

誠徵：上帝的先知。

地點：南國猶大的耶路撒冷，偶爾需要出差喔。

條件要求：必須在上帝天上的聖殿裡，與撒拉弗（也就是長著翅膀的天使）完成職前訓練。

工作職責：追究以色列人違背與上帝立約的責任；推動一場注定失敗的悔改運動；並且向耶路撒冷和其他國家，宣告上帝的審判跟盼望。還有，願意連續三年，光著身子在街上走來走去。

身為上帝的先知，以賽亞當然是代表上帝說話。不過他也用了一些引人注目的行動來傳遞信息，這些舉動往往會打破常規，挑戰旁邊看熱鬧的人。

在今天的經文中，以賽亞在大家面前光著身子，象徵著以色列人未來流亡被擄時的羞辱和難堪。他毫無遮掩、脆弱的身體就是一個超嚴重的警告。任何一個敢跟上帝作對的國家，猶大啊，這點請牢記在心，最後都會這樣毫無防備地暴露在危險之中。

我們要記得，埃及人和其他國家，總是依靠那些沒有生命的自然元素跟偶像來保護自己，但這些東西根本沒辦法幫忙，也不能保證他們的安全。原本用來灌溉茂盛農田的河流將會乾涸，讓他們在嚴酷的沙漠中陷入絕望。那些為埃及皇室出謀劃策的聰明人和通靈者，也都會陷入一片混亂。

以賽亞勇敢地警告了外邦列國，但他的警告也深深刺入了以色列的心臟地帶。他警告了耶路撒冷兩位地位崇高的以色列官員，就是舍伯那和以利亞敬，告訴他們，如果繼續驕傲自大、凡事只靠自己，這最後一定會成為他們滅亡的原因。

雖然以賽亞傳達了非常嚴厲的警告，但同時，他也帶來了充滿安慰的信息。那些選擇信靠上帝的人，無論是來自猶大還是其他國家，都一定能在上帝裡面找到真正的安全與醫治。

反思問題

1. 請默想《以賽亞書》19 章 18 到 25 節。以賽亞為埃及和亞述帶來了什麼樣的盼望呢？這讓你看出，上帝對以色列邊界以外的其他國家，有著什麼樣的心意？

2. 請往後看到《哥林多前書》15 章，保羅在那裡引用了《以賽亞書》22 章 13 節：「我們就吃吃喝喝吧！因為明天要死了。」《以賽亞書》22 章的背景，如何幫助你理解保羅在寫給哥林多教會的信中，想要表達的觀點呢？"
"114","今天，以賽亞為我們講述了這個世界的故事。他把這段歷史比喻成兩座城市的對決，一座是屬於這個世界的高傲之城，另一座則是新耶路撒冷。

這座高傲之城驕傲地認為自己比耶和華還要偉大，結果帶來了腐敗和殘酷的不公義。請注意，以賽亞把先前耶路撒冷、亞述和巴比倫的邪惡畫面融合在一起，用這座高傲之城作為一幅充滿詩意的代表作，來描繪全人類是如何悖逆神的。

雖然它現在看起來既自信又強大，但這座高傲之城的城門，最終只會殘破地掛在門框上，淪為一片廢墟。曾經繁華的社區，將變成毫無生氣的荒地，只剩下門窗緊閉的空屋。它堅固的城牆，也都會崩塌化為塵土。

以賽亞這段貼近現實的預言，不僅回應了以色列當時的歷史背景，更連結到一個宏大的故事，也就是耶和華最終的任務，祂要永遠終結所有的不公義。

為了帶出這個更深遠、涵蓋萬有的連結，以賽亞使用了宇宙的震撼畫面來形容。天空塌陷，大地扭曲，連太陽也轉過臉去。甚至連希伯來聖經裡的遠古海怪鱷魚，也就是你在影片中會學到，象徵著毀滅與混亂的利維坦，也即將迎來牠的末日。

然而，不管是對猶大還是欺壓他們的人來說，帶有管教意義的審判，絕對不是故事的結局。當以賽亞預見未來時，他看到了另一座城市，那就是新耶路撒冷。

和那座高傲之城不同，新耶路撒冷堅固地聳立在天與地交會的高山上。它那堅固的城門大開，歡迎所有信靠耶和華的人。在城裡，他們會得著喜樂、真正的平安，還能享用由耶和華親自為他們預備的豐盛筵席。

有誰渴慕公義、和平與喜樂嗎？耶和華說，快拉張椅子坐下，一起來參加這場史上最偉大的晚宴吧。

反思問題

1. 當你閱讀今天的經文時，請留意那些連回以賽亞書前面章節的超連結。你有沒有注意到哪些熟悉的字句、畫面或主題呢？

2. 請比較以賽亞在今天經文中對新耶路撒冷的描述，以及使徒約翰在啟示錄二十一到二十二章裡對新耶路撒冷的描繪。你看到了哪些相似的地方？你能想像走在這座城市的街道上，會是什麼感覺嗎？"
"115","以法蓮有嚴重的酗酒問題。

這是北方十個支派嚴重偏離神的徵兆。那些坐在屬靈駕駛座上、負責帶領百姓的祭司和先知們，竟然都在「酒後駕車」。聖經學者尤金·畢德生在信息本聖經中，把以賽亞書28章第1節的畫面生動地翻譯出來，他說這些百姓「醉醺醺的、肥胖臃腫、挺著啤酒肚，完全成了過去那種驕傲、英俊形象的滑稽模仿」。

受影響的不只有北方支派。在南方也一樣，猶大國的屬靈領袖連走路都走不直了，更不用說要引導百姓走在正確的道路上。當他們本該向百姓宣講耶和華的智慧時，他們反而吐得滿地都是，嘴裡還噴出含糊不清的胡言亂語。

所以，以賽亞警告他們：殘暴的外邦國家即將給你們一個當頭棒喝。當神的公義像冰雹一樣狂掃而過時，將會徹底沖垮你們那根基腐敗、搖搖欲墜的避難所。

接下來請觀看今天的影片，看看耶穌在登山寶訓中，是如何引用這個畫面，包括以賽亞對於那些失職宗教領袖的警告。

此外，以賽亞也警告耶路撒冷的領袖，不要把希望寄託在與其他國家的結盟和軍事援助上。耶和華要他們單單信靠祂，而不是靠自己最聰明的計謀。他們把猶大國原本就少得可憐的積蓄全都掏空，只為了把錢運過一條滿是毒蛇的公路，送去給埃及，也就是他們那個毫無能力的紙老虎盟友。

與此同時，耶路撒冷真正的盼望，也就是耶和華，正渴望向祂的百姓施恩憐憫，並且與他們重新和好。他們願意向神呼求嗎？

反思問題

1. 默想影片和今天經文中，對失職宗教領袖的描述。耶穌和以賽亞說，我們應該要提防哪些警告信號呢？

2. 在今天的經文中，以賽亞是如何描述耶和華的拯救？先知說，以色列在經歷這次的恢復之後，會是什麼樣子呢？"
"116","如果有一群人殘忍地傷害你和你的家人，好不容易逃出來以後，你還會回去找他們，相信他們能保護你嗎？《以賽亞書》31章1節說：「禍哉！那些下埃及求幫助的」，這是因為當時猶大的領袖們，竟然覺得埃及軍隊比上帝更有能力保護他們。

想想看，上帝曾經擊敗大家都覺得無人能敵的埃及法老。接著，祂帶領以色列人離開埃及，在四十年的曠野旅途中一路保護他們，最後讓他們在應許之地安頓下來。經歷了這一切，當遇到困難的時候，理所當然要信靠上帝，而不是去找埃及幫忙才對啊。

可是，猶大的領袖不去信靠上帝，反而想靠著埃及的戰馬、戰車和軍隊來保住自己的性命。這簡直就像是把當年「出埃及」的歷史倒著走一樣。以賽亞很清楚，他們這樣做只會讓自己走向被擄流亡的悲慘下場，失去自由，再次淪為奴隸。

沒錯，被擄流亡的日子會非常痛苦，但這絕對不會是以色列人的結局。以賽亞應許說，上帝會帶領他們，走上一條全新的「出埃及」之路。那原本危險又荒蕪的曠野，會變成一條安全又豐饒的大道。這條路，會帶領他們走向更美好的未來。

大家可以看看今天的影片，多了解一下聖經裡的「出埃及模式」。你會發現，這個重要的寫作手法，巧妙地貫穿了整本舊約和新約聖經。

反思問題

1. 靜下心來想一想，以色列人第一次出埃及的故事，跟我們今天讀到的經文有什麼關聯？以賽亞所應許的那種從流亡中歸回的「新出埃及」，跟當年以色列人離開埃及，有什麼相似的地方？又有什麼不同呢？

2. 請留意，以色列被上帝復原，重新成為一個「新伊甸園」的過程，包含了對土地以及對人類的醫治。回想一下福音書，你在哪裡看過耶穌施行這種帶來醫治與恢復的神蹟呢？這又讓我們對祂來到世上的使命，有了什麼新的認識？"
"117","讀完今天的經文後，你是不是有一種似曾相識的感覺呢？如果聽起來很熟悉，那是正常的，因為這段故事真的出現過。

希西家和亞述大軍的故事，其實在《列王紀下》18到20章就已經出現過了。為什麼聖經作者要把同一個故事收錄兩次呢？如果我們拉遠鏡頭，看看《以賽亞書》整體的文學設計，就能幫助我們找到答案。

《以賽亞書》開頭的幾章點出了一個大問題，就是以色列人變得充滿暴力、不公義，甚至跑去拜偶像，完全沒有像《創世記》12章2到3節寫的那樣，成為地上萬國的祝福。所以，上帝差遣先知以賽亞，向百姓傳遞包含審判與盼望的信息。他們會因為自己的敗壞而經歷失去與痛苦，但這還不是結局。未來，會有一位來自大衛家族的君王出現，來實現《撒母耳記下》7章裡上帝的應許。

可惜的是，《以賽亞書》裡出現的第一位大衛家族君王亞哈斯，卻讓人大失所望。當敵軍壓境，逼近北邊國界的時候，亞哈斯對上帝主動提供的幫助不屑一顧。現在，亞哈斯的兒子希西家，面臨了完全相同的威脅，而且就在一模一樣的地方，就像《以賽亞書》7章3節和36章2節記載的：「在上池的水溝頭，在漂布地的大路上」。這句重複出現的話，就像是把兩個故事串在一起的超連結，引導我們去注意這兩位君王的強烈對比。亞哈斯不信靠上帝，甚至冷落上帝；但是希西家卻信靠上帝、懇求上帝，他直接走進聖殿，向上帝呼求拯救。

希西家謙卑的信心，跟他父親的不信形成了鮮明的對比。同時，這也跟以賽亞在這兩個故事之間，用長篇詩歌譴責的那種驕傲自大、只靠自己的心態完全不同。終於，我們看到了一位全心信靠上帝的君王了！難道他就是我們一直盼望著，那從耶西的樹樁上長出來的嫩枝嗎？這正是《以賽亞書》11章預言的盼望。

反思問題

1. 在以賽亞重新講述這個熟悉的故事時，加入了希西家的詩歌，也就是《以賽亞書》38章10到22節的內容，這如何幫助你更深刻地理解這個故事呢？

2. 請比較亞哈斯和希西家對先知以賽亞的反應。這兩位君王分別是怎麼跟上帝的先知互動的？結果發生了什麼事？這告訴了你，先知和君王之間原本應該是什麼樣的關係呢？"
"118","希西家一開始的表現超亮眼，但他的故事最後，卻掉進了信心破碎跟受苦的結局裡。

當巴比倫的代表團帶著祝他早日康復的慰問信來找他的時候，希西家卻帶他們去逛皇室的寶庫。他想用財富來拉攏他們，好結成軍事同盟。他寧願把賭注押在巴比倫的戰士身上，也不要在面對下一次敵人入侵的危機時，再跪下來向上帝禱告。

當先知以賽亞警告他，這個同盟註定會失敗，而且巴比倫總有一天會背叛甚至毀掉耶路撒冷的時候，希西家只是無所謂地聳了聳肩。對他來說，只要這步棋走得好，即將到來的災難應該就不會太慘，尤其是，只要這災難別發生在他還活著的時候就好。

就像我們從《列王紀》裡讀到的，以賽亞對巴比倫那充滿悲劇的預言，在大約一百年後，也就是西元前586年的時候真的發生了。巴比倫人燒毀了耶路撒冷，把城裡的人抓走流放。但這還不是故事的結局，也不是《以賽亞書》的結尾喔。

就像你在影片裡會看到的，《以賽亞書》的後半段，也就是40到66章，背景大概在西元前530年代，那是巴比倫流亡結束之後的事。關於這些話到底是以賽亞本人說的，還是後來的先知寫的，到現在大家都還在吵。但不管怎麼看，這些經文都傳遞了一個超有盼望的信息。那就是，苦難不只會結束，而且最後還會讓全世界每一個角落、所有的苦難都徹底結束。

讀到故事的這裡，一種超絕望的感覺籠罩著整個以色列人，這大概跟他們每個人都經歷過超大的創傷有關吧。看著自己的城市被毀掉，家人被鐵鍊銬著拖走，而且那座超壯觀的聖殿也變成了一堆廢墟，這一切都讓以色列人深信，他們的上帝已經不要他們了。

41到48章描寫了一個好像在法庭上的場景，上帝親自回應大家的指控。從今天的閱讀開始，還有接下來兩天的進度裡，請你仔細聽聽上帝是怎麼回應的，聽他怎麼解釋流亡會發生的原因。上帝在這場法庭上的宣告，就是要呼召以色列人重新相信他。

反思問題

1. 大家原本可以把這悲慘的處境，看作是他們做壞事跟拜偶像帶來的後果，這就是上帝這麼多年來一直警告他們的。結果他們反而覺得自己受苦都是上帝的錯，是上帝不理他們、拋棄了他們。你覺得，為什麼他們會用這種方式來看事情啊？

2. 回想在西奈山的時候，上帝邀請以色列人進入聖約的夥伴關係，當時他這樣提醒他們：「我向埃及人所行的事，你們都看見了，且看見我如鷹將你們背在翅膀上，帶來歸我。」（見《出埃及記》19章4節）這個生動的畫面，要怎麼幫助你更深體會「那等候上帝的必如鷹展翅上騰」（見《以賽亞書》40章31節）這句話的意思呢？
"
"119","耶和華正在接受審判。

原告是誰呢？竟然是他自己的百姓。指控的罪名是：耶和華已經不再關心以色列人了。他們提出的證據是：以色列人在被擄到巴比倫的這段期間，充滿了痛苦和羞辱，一點也不像是上帝當初應許的平安和賜福。這個從 41 章開始的法庭場景，會一直延續在我們今天和明天的經文閱讀中。

他們心想，如果上帝不願意結束他百姓的苦難，那信靠他還有什麼意義呢？說不定，巴比倫人拜的那些偶像，才是真正掌權的神明？

這時，耶和華站上證人席，用他一直以來信實的品格和真實的大能來為自己辯護。他彷彿在說，我已經向你們展現了永不改變的愛和供應，也證明了我的旨意是沒有人能阻擋的。如果你們覺得自己親手做出來的那些偶像，竟然也能關心你們，那不如想想，這些偶像是怎麼來的？木匠砍下木頭當柴燒，再用剩下的木塊雕刻出一個偶像。那些原本被你們從木堆裡拿來生火取暖、煮飯的木柴，現在竟然也成了神明嗎？

那些偶像根本無法關心你們，它們完全無能為力。世上還有誰能夷平高山呢？還有誰能分開海洋，並用真光劈開宇宙的黑暗呢？耶和華堅定地宣告，唯有他才是以色列真正的救贖主。

就像你在影片中會學到的，聖經的作者用救贖這個詞，來形容把人從痛苦或死亡的絕境中釋放出來。就像耶和華當初把以色列人從埃及的奴役中救贖出來一樣，如果你翻開《出埃及記》6 章 6 節就能看到。如今，他也同樣要將他們從巴比倫的被擄中救贖出來。上帝應許以色列人，他們將再次平安地涉水而過，走過沙漠也不會感到乾渴。

當耶和華救贖他的百姓時，他不只是讓他們重獲自由，更是赦免了當初導致他們被擄的罪。是上帝主動施展大能，賜下改變人心的恩典，帶領他們重新回到與他充滿愛的關係裡。這份恩典，必能使以色列人甘心樂意地放下手中的控訴狀，重新擁抱這份與上帝親密的關係。

反思問題

1. 在今天的經文閱讀中，你留意到有哪些呼應上帝創造天地和出埃及故事的細節呢？你覺得為什麼耶和華要用這些歷史事件，來為自己的信實品格辯護呢？

2. 出埃及的故事，如何幫助你更深刻地理解今天經文裡提到的救贖意義呢？
"
"120","辯論告一段落啦！在今天的進度中，從《以賽亞書》41章開始的法庭場景終於落幕了。上帝拿出了最後的證據，向我們證明他從來沒有拋棄過他的百姓。上帝會興起一位波斯帝國的統治者，也就是塞魯士王。他會打敗巴比倫人，讓所有被流放的以色列人可以平平安安地回家。

巴比倫人把希望寄託在他們的軍事武器、邪術和占星術上，覺得自己超級安全。可是啊，當波斯的浩劫降臨時，巴比倫那些金碧輝煌的偶像，連一根手指頭都抬不起來，完全沒辦法阻止這場災難。

不過，這場勝利的歸鄉之旅，並沒有解決以色列人內心叛逆的深層問題。就像一塊因為乾旱而龜裂的田地，百姓的心早就變得又硬又脆，他們不是失去了愛的能力，就是不願意去愛。上帝多麼渴望看見他們被公義的雨水澆灌，渴望看見他們用正確的方式彼此相待。他期盼這份公義能從天降下、從地裡湧出，直到整片土地都充滿著蓬勃的生機。

就像你在影片中會看到的，聖經裡提到的「公義」，不僅是指我們藉著信心在上帝面前被算為無罪，也包含了在生活中活出上帝的聖潔，與人建立正確的關係，並且好好對待別人。要知道怎麼做才是對的，我們就需要從上帝來的智慧。《詩篇》119篇為我們描繪了一條美好的道路：只要我們常常在心裡默想上帝的律法，就能學到真正的智慧。

耶穌和寫《詩篇》的人都同意這點：上帝的教導為我們指明了一條通往愛與生命的道路。

可是，故事發展到這裡，以色列人卻已經拋棄了上帝那賜給人生命的話語，偏執地走在自己的道路上。這帶來了腐敗和不公義，也讓他們失去了成為上帝的僕人、向萬國作見證的資格。面對這樣一團糟的局面，上帝究竟要怎麼挽回他的拯救計畫呢？

反思問題

1. 《以賽亞書》45章9節警告泥土，不要去批評陶匠的作為。你能想到哪一個聖經故事，是上帝用地上的塵土來造人的嗎？這個故事的連結，如何幫助你更深地理解以賽亞在這裡所用的比喻呢？

2. 對於今天跟隨耶穌的我們來說，有哪些態度或具體行動，可以被看作是「善待鄰舍」呢？
"
"121","昨天的讀經進度，停在一個一直解決不了的老問題上。以色列人就算經歷了被擄到異鄉的苦難，也從中學到了教訓，卻還是繼續背離神。不過，今天的經文讓我們看到了耶和華一個令人驚喜的解決辦法：祂沒有放棄以色列人，反而差遣了祂的僕人，要帶領大家回家。

耶和華的僕人帶著兩個重要的使命。首先，他要代表以色列人，為了要復興他們。他被賦予了「以色列」這個稱號，正如以賽亞書49章3節所記載的，他要把那些因為流亡而四散各地的百姓，重新帶回故鄉。

接著，因為耶和華渴望與祂的子民同在，這位僕人就把回家的路鋪平了，讓大家好走。你可以留意一下經文裡那些充滿詩意的優美比喻。他們不需要辛苦地攀爬陡峭的山丘，而是可以輕鬆漫步在寬闊平坦的大道上，不用忍受烈日的曝曬。只要口渴了，隨時可以彎下腰，喝路邊甘甜的泉水。就連平常安靜莊嚴的山嶺，也會放聲歡唱，為以色列人加油打氣，陪著他們一路跳著舞回到錫安。他們那座曾經荒涼的城市，將會像花園一樣再次充滿生機，到處都是笑聲，那份喜樂會從街上的每一塊磚，和天空的每一個毛孔中散發出來。

不過以賽亞宣告，對於耶和華受膏的僕人來說，即使做了這麼多，依然只是「小事一件」，就像以賽亞書49章6節提到的。這位僕人不僅要祝福以色列，還要接下以色列原本的任務，把公義和好消息帶給萬國萬民。透過這位僕人，神那份慷慨、賜下生命的愛，將會源源不絕地湧流到世界的盡頭。

反思問題

1. 請回顧創世記12章1到3節，耶和華對亞伯拉罕立下聖約的應許。在今天的經文裡，你怎麼看出這位僕人正在延續並推展神的祝福與拯救計畫呢？

2. 請讀一讀路加福音2章25到35節，看看西面遇見嬰孩耶穌時的反應。在西面所唱的詩歌裡，你發現了哪些連回以賽亞書的「超連結」呢？這又如何幫助你更深地認識耶穌的身分與使命？
"
"122","以色列被擄流亡的漫長黑夜，真的拖得好長、好長啊。

回到耶路撒冷被燒毀的殘骸中，有少數留下來的人，試著在瓦礫堆裡重新建立生活。他們死命地抓住任何能找到的希望碎片。可是啊，對於那些每天都會經過聖殿焦黑廢墟、身心俱疲的百姓來說，希望感覺真的是太脆弱又無力了。

然後，驚喜出現啦！在毀壞的城牆上，疲憊的守望者抬起頭，看見一個人影正朝著他們飛奔過來。是一個報信的人，帶著好消息來了！儘管眼前依然是一片荒涼，但上帝依然作王。祂正差遣祂的僕人來掌權，並且要復興耶路撒冷。

今天的經文向我們介紹了這位「上帝的僕人」，但介紹的方式絕對會讓你大吃一驚。他身上沒有任何亮眼、吸引人的地方。事實上，苦難毀壞了他的容貌，甚至讓人幾乎認不出來。當我們繼續往下讀就會發現，這位僕人受苦，其實是因為以色列人的不忠心。儘管他來是為了拯救以色列人，帶他們脫離悖逆上帝所帶來的下場，但他們卻要拒絕這位僕人，甚至要把他送上死路。哎呀，這聽起來好像不是什麼好消息對吧？

但就像約瑟和哥哥們的故事一樣，上帝能把別人原先策劃的惡意，翻轉成美好的心意。這位僕人之所以能完成拯救的使命，並不是因為他躲過了苦難，恰恰相反，正是「因為」他受了苦。你可以看看今天的影片，來多了解《以賽亞書》裡這個奇妙的好消息，也看看我們這位受苦的僕人君王——耶穌，是如何完美地應驗這個預言的。

反思問題

1. 請比較《以賽亞書》54章與《啟示錄》21章9到27節對新耶路撒冷的描述。你注意到了哪些共同的主題和畫面呢？

2. 請默想保羅在《加拉太書》4章27節引用《以賽亞書》54章1節的經文。以賽亞關於耶路撒冷復興的預言，如何幫助你理解保羅在《加拉太書》4章21到31節裡所表達的屬靈涵義呢？
"
"123","耶和華差遣他的僕人來拯救以色列，不是藉著消滅敵人，而是藉著犧牲自己。這份大愛，讓這位僕人心甘情願地順服到底。

《以賽亞書》用充滿詩意的畫面，描繪了這位僕人出人意料的拯救任務。他把耶路撒冷從燒焦的廢墟，變成了一座閃閃發光的祝福燈塔。就在這座城市的中心，耶和華已經擺好桌子，預備了一場豐盛的筵席。

上帝發出了一個公開的邀請：你口渴嗎？你渴望擁有真實的生命嗎？快來找個位子坐下吧。沒錢、沒地位、什麼都沒有？完全沒問題。在這裡不需要查驗門票，吃完甜點也不用刷卡買單。所有人都大受歡迎，不只是那些正在回家路上的以色列流亡者，就連外邦人和局外人也一樣。大家只需要張開雙手，白白領受耶和華的僕人為我們所成就的一切。所有接受耶和華這份生命與祝福邀請的人，都被稱為他的「僕人」。

令人惋惜的是，並不是每個人都願意接受耶和華這麼慷慨的邀請。當僕人們拉開椅子，在耶和華的桌旁坐下時，惡人卻對這樣的邀請嗤之以鼻，他們寧願選擇和偶像崇拜與貪婪一起共進晚餐。通往真實生命的大門已經敞開，上帝正向我們發出呼召。我們是願意謙卑地走進去，領受那源源不絕的生命；還是繼續硬著心腸轉身離開，試著靠自己的力量活下去呢？祈求上帝賜給我們恩典，改變我們的心，使我們能歡喜地接受這份生命的邀請。

反思問題

1. 上帝原本的心意是讓他的聖殿成為「萬民禱告的殿」（《以賽亞書》56 章 7 節），讓不是以色列人的人也能在那裡聚集敬拜。耶穌在《馬太福音》21 章 12 到 17 節引用了這節經文，這如何幫助你理解他當時為什麼會強烈譴責聖殿的領袖？

2. 請比較《申命記》23 章 1 到 7 節中關於誰能入「耶和華的會」的規定，以及今天經文裡的邀請。在《以賽亞書》提到的新創造筵席中，竟然包含了外邦人和太監，這展現了上帝對局外人的接納有多麼寬廣？這些經文又如何幫助你明白，《使徒行傳》8 章 26 到 40 節裡，腓利和衣索比亞太監的故事呢？
"
"124","經歷了一趟充滿震撼的旅程，我們看到了天使手中的火剪、像牛一樣吃草的狼、喝得爛醉的祭司、赤身露體的先知，還有不只一次驚天動地的末日景象之後，我們終於來到了《以賽亞書》的最後一個部分。作者把 56 到 66 章巧妙地安排成一個對稱的結構，把整卷書的核心主題全都匯總了起來。

在這段結尾的中心，也就是 60 到 62 章，有三首非常美麗的詩歌。這些詩歌描寫了一位被聖靈充滿的僕人，宣告上帝的國度已經降臨。這個大好消息，再次確認了整卷書前面所有充滿盼望的應許。今天，你就會在《以賽亞書》60 章讀到其中的第一首詩歌。

來自世界各地的君王，如潮水般湧向新耶路撒冷。在他們身後，滿載的商隊因為車上的黃金太重，發出嘎吱嘎吱的聲音，這些閃閃發光的禮物，全都是要獻給上帝聖殿的。而在他們前方，新耶路撒冷因為上帝的榮耀而閃閃發光，上帝親自與我們同在的光芒，甚至比太陽還要明亮。

圍繞在這些國度詩歌前後的，是兩篇長長的悔改禱告，分別在 59 章以及 63 到 64 章。上帝的僕人坦誠地承認以色列的罪，並且為周遭世界所看到的一切邪惡，感到無比的悲傷。

僕人們謙卑的禱告，和惡人那種毫無自覺的自以為義，形成了強烈的對比。這些以色列人雖然披麻蒙灰地禁食，但他們表現出來的謙卑，說穿了只是一場以自我為中心的裝模作樣。他們殘酷地欺壓弱勢群體，這證明了他們根本不想聽從上帝，不管他們的禱告聽起來有多麼虔誠，或者守安息日的規矩有多麼嚴格，都是枉然的。

上帝聲聲呼喚著他們說：歸向我吧！不要只用空洞的言語，而是要帶著一顆充滿憐憫的心。

反思問題

1. 請複習一下《利未記》25 章裡關於安息的律法。這些規定向我們揭示了，上帝希望他的百姓享有什麼樣的安息呢？這又如何幫助你明白，《以賽亞書》58 章裡，以色列人的宗教行為到底出了什麼問題？

2. 請比較一下《以賽亞書》23 章裡關於他施船隻的預言，以及在今天經文中這些船隻的結局。這讓你看到，上帝對以色列邊界之外的列國，有著什麼樣的奇妙計畫呢？
"
"125","今天的進度帶我們來到《以賽亞書》61章喔！這是一首超級感人的詩歌，描繪了上帝未來國度的榮耀。它被安排在《以賽亞書》結尾最核心的位置，這代表這段內容就是以賽亞寫作的真正目的啦。這卷書裡面的預言，全都聚焦在上帝未來國度的榮耀上。

就像你在影片中會看到的，作者在這首詩裡面藏了好多通往其他舊約聖經的「超連結」。這位上帝，能把乾涸的沙漠變成翠綠的花園，用榮耀的華冠代替眼淚和灰燼，把祂的百姓從黑暗的囚禁中，帶入自由榮耀的光明裡。祂正在進行一項超級偉大的任務，就是要完全恢復祂所創造的整個世界！

《以賽亞書》62章的詩歌，延續了上帝國度的好消息，而這一次的焦點放在耶路撒冷。錫安山上的廢墟將會被重建，成為一座美麗的燈塔，上帝的榮耀會滿溢出城牆，讓全世界的人都能親眼看見喔。

這畫面雖然超美的，但跟百姓現在的真實處境可是有著天壤之別呢。他們現在被外邦征服、完全沒有反抗能力，還被不公義和壓迫給困擾著。當他們稍微瞥見未來的榮耀時，就被迫要去面對目前的慘況，跟上帝為他們預備的美好之間，落差真的超級巨大。就像以賽亞當年站在上帝天上的聖殿裡大喊著「禍哉」一樣，百姓們看到這榮耀的異象，也是用認罪和悔改來回應。

以色列人想起了上帝過去的拯救，但也想起了他們自己的悖逆。那這樣還有任何盼望嗎？上帝那不斷施展憐憫的模式，還會繼續下去嗎？如果會的話，這群百姓真的能學會上帝想教導他們的功課嗎？

反思問題

1. 請讀《路加福音》4章14-21節。你有注意到這段經文和《以賽亞書》61章有什麼關聯嗎？耶穌用《以賽亞書》61章的經文，來展開祂公開的事奉，這有什麼重要的意義呢？

2. 在《以賽亞書》62章裡，上帝應許要給耶路撒冷取一個新的名字。在聖經的其他地方，你還看過上帝給誰取過新名字嗎？這些改名字的故事，可以怎麼幫助你理解今天的進度裡，上帝對耶路撒冷的應許呢？
"
"126","摩西、約書亞、大衛，還有現在《以賽亞書》最後說的這些話，都給了我們一個要好好想一想的明確選擇。我們到底是要踏上那條充滿信心的新道路，還是繼續走在讓人害怕的老路上呢？到底是要選祝福還是咒詛，是選生命還是死亡，大家會怎麼選呢？

上帝邀請每個人，在他全新創造的世界裡展開全新的生活。就像上帝一開始的計畫那樣，人類會在一片像花園一樣超級豐富的土地上生養眾多。獅子會像牛一樣吃草，還會很乖地趴在脆弱的小羊旁邊。而那條曾經騙人的蛇，以後就只能吃土了，再也沒辦法用謊言和邪惡來傷害我們了，這就是上帝答應我們的喔。

今天的經文也向我們保證，《創世記》3章造成的那些破壞，全部都會被徹底改變。這同時也描繪了《創世記》11章的翻轉喔。當年上帝阻止了各國建造巴別塔的計畫，把大家分散到世界各地；但現在，這些分散到各地的各國人民，會像潮水一樣湧向耶路撒冷。大家聚在那裡，是為了要敬拜上帝，而不是再盲目崇拜自己的力量和小聰明了。

在上帝新居所服事的祭司，以後就不只限於是利未人的後代，甚至也不只限於是亞伯拉罕的子孫了。上帝邀請了每個民族、每個地方、每個國家的人，一起加入他那尊貴的祭司行列喔。

上帝的邀請，一直都是非常真誠的。是上帝主動伸出恩典的雙手，打開我們緊閉的心門，賜給我們得救的信心。不過啊，如果有人還是堅持要去相信偶像，那就是在拒絕上帝，也是在拒絕生命本身。這種拒絕，最後只會帶來痛苦和死亡。人們可以燒一大堆的香，也可以獻上一大群超完美的羊，甚至可以在墳場裡守一整夜；但這些全都沒辦法讓一根刻著圖案的木頭，擁有任何可以拯救他們的能力喔。

新耶路撒冷的大門已經打開囉。生命、平安還有喜樂，全都在裡面等著我們。大家願意走進來嗎？

反思問題

1. 請比較《以賽亞書》65章17到25節，還有《以賽亞書》11章1到16節。你注意到了哪些很像的地方呢？這告訴我們，那位即將到來、被聖靈膏抹的君王，跟新創造之間到底有什麼關聯呢？

2. 請默想《以弗所書》2章11節到3章6節。照著保羅的說法，上帝是怎麼讓不是以色列人的外邦人，也有機會加入他尊貴的祭司行列呢？
"
"127","嗨，大家！我們之前看到那些震撼人心的詩歌意象、引人注目的公開行動、讓人窒息的邪惡，還有那不可思議的憐憫。其實，《以賽亞書》只是一個開始喔！現在，準備好迎接更多希伯來聖經的先知文學吧！

今天我們要來認識耶利米。這位先知生活在南國猶大快要滅亡的倒數計時階段。《耶利米書》一開頭，就直接對百姓發出嚴厲的指控。以色列人不但沒有對上帝保持忠誠，反而像是在婚姻裡背叛另一半的人一樣，跟迦南地的偶像搞起了外遇！

這種讓人心痛的比喻，專門用來形容以色列人的不忠，在後期的先知書裡反覆出現喔。在古代中東的背景下，這個比喻聽起來超級有震撼力。因為當時的女生一旦離開家庭，幾乎很難自己找到食物、住處，也沒辦法保護自己的安全。古代的婚姻不只是彼此照顧和承諾，更是女生在社會和經濟上最主要的安全保障。

這種結合了愛、忠誠跟安全感的關係，正是上帝跟以色列人立約時的真實寫照。上帝照顧祂的百姓，就像一位全心全意愛著妻子的丈夫。祂拯救他們脫離埃及的奴隸生活，在危險的曠野裡保護他們，還讓他們住在一片像花園一樣肥沃的土地上。可是現在，這些跟上帝立約的子民，竟然去愛慕並信靠其他的神明，想從那些用木頭雕刻出來、死氣沉沉的偶像身上尋找食物和安全感！

所以啦，上帝差遣耶利米發出嚴厲的警告，以色列人找的這些沒有生命的假情人，根本什麼都給不了他們，最後只會為他們帶來被抓走流放和徹底的毀滅。

邀請你一起來看看這支影片，了解在《耶利米書》中，先知面對這個在信仰上不忠誠的猶大國，到底肩負了什麼樣的使命呢？

一起來反思一下吧

1. 根據《耶利米書》，因為猶大國的腐敗和在約定上犯了不忠，這塊土地發生了什麼事？這告訴我們，對上帝不忠、拜偶像還有不公義，會帶來什麼樣的影響呢？

2. 仔細回想一下，你還在哪裡看過有位先知的工作，是從嘴唇被觸摸開始的呢？當時發生了什麼事？這個跨越書卷的超連結，可以怎麼幫助你更深地理解耶利米的先知使命呢？
"
"128","猶大國的百姓真的遇到大麻煩了！他們竟然背叛了上帝，跑去拜迦南的偶像。這感覺就像是劈腿一樣，搞得整個國家到處都是暴力、貪污，亂七八糟的。在今天的經文裡，耶利米超努力地警告南國猶大，告訴他們這樣瞎搞絕對會有超嚴重的後果。他用了各種超震撼的畫面想搖醒大家，就是希望能把他們從那種對犯罪完全無感、背叛上帝還覺得沒差的冷漠狀態中拉出來。

先知警告說，有一場毀滅級的災難正從北方一步步逼近。這場災難就像一頭躲在暗處的獅子，超兇地撲向各國，把他們撕得粉碎。它發出的聲音，簡直就像沙漠裡的狂風在那邊狂吼。敵人的戰馬跟老鷹俯衝抓獵物一樣往前猛衝，後面的戰車還捲起一陣陣沙塵暴。耶利米好像真的聽見了軍隊吹響的號角聲，難過到忍不住崩潰大哭。

當耶利米往北方看的時候，他看到的根本不只是一支準備打過來的軍隊。他看到整個世界的地基都在狂搖！高山在岩石上搖來搖去快要倒了，原本長滿整片土地、綠油油的植物，竟然全部枯死，只剩下一片荒涼的沙漠。天空變得超級黑，像個巨大的黑洞一樣，死氣沉沉地壓在這個空蕩蕩的世界上。最後什麼都沒了，只剩下一堆廢墟。這感覺就像是《創世記》第1章裡面寫到的那樣，世界被創造之前那種「空虛混沌」的恐怖狀態。

但超讓人難過的是，就算聽到這種世界末日等級的警告，以色列人竟然還是完全不在乎！他們閉上眼睛、摀住耳朵，根本不想聽耶利米那麼嚴肅的話。他們反而跑去聽那些假先知在那邊瞎扯。這些假先知就像一群專門拍馬屁的啦啦隊，只會講他們愛聽的話，保證未來絕對平平安安順順利利，就算這些全部都是騙人的鬼話。

這些假先知編出來的故事又簡單又廉價，拿來安慰人超好用。但真理往往很複雜，而且是要付出代價的，它常常會把那些我們根本不想面對的殘酷現實狠狠掀開來。「假新聞」在那個時代，其實就跟現在一樣超受歡迎啊！那些假先知為了討大家歡心，就用聽起來很正能量的謊言來假裝安慰大家。到底要發生什麼事，才能讓這些百姓回頭，不再聽信謊言，而是好好聽上帝透過先知傳達的真理呢？

反思問題

1. 耶利米呼籲以色列人要為他們的心行割禮，這其實呼應了摩西在《申命記》裡對以色列人最後的講道喔！請回去看一下《申命記》30:1-10。這段經文怎麼幫助你體會今天經文裡，耶利米那種拜託大家趕快悔改的急迫心情呢？

2. 請比較一下《耶利米書》5:1-6和《創世記》18:16-33。你有沒有注意到哪些很像的地方？這兩段經文又有哪裡不一樣？像這樣把經文連在一起看，向我們揭露了耶利米時代的耶路撒冷，到底是在一個多麼真實又糟糕的狀況裡呢？
"
"129","看起來，耶路撒冷的百姓真的是鐵了心，要違背神賜給他們的每一條律法。他們殺人、偷竊，向巴力這些假神燒香。他們對配偶不忠，在法庭上說謊，還在耶和華的殿裡立起偶像。他們欺負並壓迫身邊弱小的鄰舍，甚至把自己的孩子當作祭物，獻給外邦的神明。

然後，他們帶著沾滿鮮血的雙手和剛硬的心，大搖大擺地走進聖殿，逢人就說一切都平安無事。他們把耶和華神聖的殿，當作一個超大型的幸運護身符來炫耀，堅持認為只要聖殿還立著，耶路撒冷就絕對安全。他們心想：「只要我們擁有耶和華的殿，就擁有了神的同在與保護。」但是，如果你把整個信仰體制拿來做壞事，那麼再榮耀的聖殿、再高級的祭司，也都失去意義了。透過先知耶利米，神指出這正是他們正在做的事。

就像你在影片中會看到的，把耶和華聖殿當作免死金牌來濫用，是聖經歷史中不斷出現的老問題。在耶利米的時代，那些敗壞的宗教領袖告訴百姓，只要聖殿還立著，就證明神與以色列同在。他們以為，神的同在就代表神偏袒以色列，並且支持他們所有的所作所為。耶利米嚴厲地責備這種騙人的謊言。他告訴百姓，單單擁有一座聖殿，並不能保證他們在這塊土地上的安全；唯有他們願意回轉、改變方向，並開始真正聽從耶和華的話，才能帶來真正的平安。

在今天的經文中，耶路撒冷的腐敗讓耶利米痛哭流涕。幾個世紀後，耶穌也同樣在耶路撒冷的城門外哭泣，為這座城市中那些像撕裂傷口般的不公義感到悲痛。就像耶利米一樣，耶穌宣告聖殿已經變成了賊窩，不再是神原本心意中那禱告的殿。這整個故事邀請我們現代的讀者，去深刻思考一個關乎生死的問題：真實地跟隨神的道路，和只為了博取社會地位而做出一場宗教表演，這兩者之間到底有什麼差別？前者能帶來真正的平安；而後者，只會帶來痛苦與敗壞。

反思問題

1. 複習利未記19章11到12節，以及民數記30章1到2節中，關於起誓和誠實的律法規定。從耶穌在登山寶訓裡關於起誓的教導中，你體會到了這些律法背後有著什麼樣的智慧呢？

2. 你能想到聖經故事中，還有哪一次以色列人也是把神同在的物質居所，當作魔法護身符來對待嗎？（如果你需要一點提示，可以翻回撒母耳記上第4章。）當時發生了什麼事？這個故事如何幫助你更明白耶利米在今天經文裡的警告呢？
"
"130","正如你之前讀《以賽亞書》時可能已經發現的，耶和華的先知們非常喜歡吐槽偶像。耶利米也不例外。今天的經文裡，耶利米就對偶像和拜偶像的人，發表了一段非常生動、毫不留情的長篇大論。

耶利米首先指出，拜偶像真的是非常愚蠢的事。他的意思大概是說，你是想告訴我，你砍了一棵樹，在上面包了一層閃亮的金屬，然後現在就把希望寄託在這種材料上，指望它能救你、給你美好的生活嗎？木頭塊既看不見，也說不出話。你怎麼能指望它來救你呢？特別是面對像巴比倫軍隊這樣的超級強國時。難道你打算把你的偶像擺在大馬路上，指望敵人的馬會被它絆倒嗎？那或許有點用，但大概是不可能的啦。

更重要的是，拜偶像是一種背叛。藉著向偶像下拜，以色列人違背了他們與耶和華所立的約，也打破了他們要遵守這約的承諾。這種屬靈上的不忠，可不是稍微調整一下就能解決的小毛病；他們這樣故意無視與上帝立下的約，將會導致他們承受摩西在《申命記》28 章裡警告過的所有咒詛。災難即將來臨，這是一場極其屈辱的災難，以至於耶和華要耶利米用實際的行動把它演出來，作為先知性的記號。猶大將會變得極度腐敗、毫無用處，就像一件被丟在爛泥巴裡朽壞的衣服一樣。

耶利米說，這種毀滅性的結局是有條件的，並不是絕對無法改變。他們現在仍然可以懸崖勒馬，只要選擇回頭，就能帶來良善，而不是走向腐敗。耶利米懇求他們，要在一切太遲之前，趕快從這愚蠢又背信的偶像崇拜中悔改。他們會聽勸嗎？

反思問題

1. 把今天的經文，和保羅在《羅馬書》1 章裡反對偶像崇拜的那些嚴厲批評做個比較。你注意到了哪些共同的主題？

2. 回顧《出埃及記》28 章 39 到 43 節。上帝指定誰要穿上細麻布衣服？這點讓你對上帝在今天經文中，挑選什麼材料來作為實物教學，看出了什麼特別的用意？
"
"131","《聖經》的故事，是從伊甸園這個超酷花園裡的兩棵樹下開始的喔。生命樹給了人類一個機會，去信靠上帝對「好」跟「壞」的定義。這份信靠，會帶來上帝超大方賜給我們的禮物，也就是源源不絕的生命啦。

另一棵分別善惡樹，就給了人類一個選擇，讓他們可以用自己的標準來決定什麼是善、什麼是惡。當我們選擇自己對善惡的定義，而不要上帝的定義時，我們就等於拒絕了上帝送給我們生命的禮物。那個超會騙人的撒但告訴人類，這樣做完全沒問題啦。可是，上帝明明就有警告過，拒絕祂賜予的生命只會帶來一個結果，就是《創世記》2章17節說的：「必定死」。

當人類吃了分別善惡樹的果子之後，上帝就把他們趕出了伊甸園。就像你在今天的影片中會學到的，在希伯來文裡面，用來描述樹木和其他木本植物的那個字，在伊甸園之外，還是象徵著像伊甸園一樣的地方。樹木代表著祝福、豐盛，還有跟上帝超親密相交的所在喔。

所以啦，當聖經作者寫到以色列人在那裡的樹下跟偶像外遇的時候，他們其實是在創造一個超連結，連回伊甸園裡最初的那兩棵樹。以色列人的行為，簡直就是狠狠打了上帝一巴掌。祂的百姓對祂不忠心，去做自己覺得對的事情，結果就一步步走向死亡了。他們竟然在那些原本應該做上帝眼中看為正的事、原本應該好好活著的地方，做出了這些背叛的事情。

每當以色列人在高大的香柏樹下為巴力築起祭壇，或是從橄欖樹扭曲的樹幹雕刻出亞舍拉的木柱時，他們就是在重演人類在第一個園子裡的第一次大失敗。他們拒絕了上帝賜下真實生命的恩典。相反地，他們竟然想從另一棵樹上尋找生命，但這棵樹只會帶來死亡啊。

就像亞當和夏娃一樣，他們靠自己根本活不下去；現在的以色列人也一樣沒辦法阻止即將席捲南國的暴力、乾旱、饑荒和疾病。這股浪潮很快就會把一切都沖刷掉，只留下一片荒涼。

當年，上帝沒有阻止亞當和夏娃做出超瞎的選擇，祂允許他們去承擔自然產生的後果。同樣地，上帝現在也任憑以色列人繼續去追逐其他的神明，任由後果一個個發生。他們很快就會在應許之地上失去生命，最後淪為巴比倫的階下囚了。

反思問題

1. 《耶利米書》15章4節提到了南國的國王瑪拿西。請花一點時間，複習一下《列王紀下》21章裡，關於瑪拿西那段超糟糕統治的故事。這段歷史，怎麼幫助你更深地理解今天經文中，上帝對南國猶大的指控呢？

2. 請比較《耶利米書》17章5-8節跟《詩篇》第1篇。根據這兩段經文，一個人需要做什麼，才能像一棵枝葉茂盛、水分充足的樹啊？"
"132","人類的歷史，是從耶和華用地上的塵土，也就是黏土造出第一個人類亞當開始的。在今天的經文裡，耶和華帶著耶利米去了一趟窯匠的家，彷彿帶他回到了神創造人類的那個時刻。窯匠的目標，是要把黏土塑造成有用的器皿。如果在轉輪上，第一個陶器不小心扭曲變形、沒用了，他就會把黏土重新揉成一團，再試一次。但如果黏土已經定型變乾，卻是個歪七扭八的瑕疵品，窯匠就會把這個變形的陶器打碎，重新再來。

耶和華解釋說，以色列百姓也是這樣。就像祂當初用黏土塑造了人類，神也用祂的雙手親自塑造了以色列。祂本來想把他們塑造成一個榮耀的器皿，好藉著他們，將豐富的祝福傾倒給這個世界。但是現在，百姓拜偶像、行事不公義，已經讓南國猶大扭曲變形，到了無可救藥的地步。為了預告猶大未來的命運，耶和華吩咐耶利米去向窯匠買一個瓦瓶，然後在耶路撒冷的祭司和長老面前，把它重重地摔個粉碎。

傳遞這個不受歡迎的信息，讓耶利米遭到逮捕、毒打，甚至被關進原本用來關牲畜的木枷裡。在他那看似極度失敗的事奉生涯中，這不過是最新的一次挫折罷了。耶利米在禱告中，滿了困惑與沮喪，不斷地在神面前掙扎傾訴。但即使遍體鱗傷，耶利米依然堅持在耶路撒冷，為神的公義發聲。

邀請你來觀看今天的影片，一起來了解神對祂的百姓，有著什麼樣全然公義的呼召與要求。

反思問題

1. 請回顧耶利米書7章30到31節。以色列人在欣嫩子谷做些什麼？你認為耶和華為什麼特別吩咐耶利米，要在那個特定的地方進行打碎瓦瓶的先知性行動呢？

2. 請閱讀利未記19章33到34節、出埃及記23章9節，以及箴言31章8到9節。在當時的以色列社會中，誰是那些弱勢和受欺壓的人？神吩咐以色列人要為這些弱勢群體做些什麼？為什麼要這麼做？而根據耶利米所說，當時的猶大百姓卻反而在做些什麼呢？
"
"133","當亞伯拉罕的家族漸漸繁衍成為一個大國，耶和華為他們設立了領袖，包含先知、祭司和君王。上帝起初的心意，是希望這些領袖就像牧人照顧小羊一樣，來引導並保護他的百姓。可是，以色列的這群牧人，連先知也算在內，卻完全沒有把羊群照顧好。他們不僅沒有用上帝的話語來保護和餵養百姓，反而為了自己的好處，欺壓甚至吞吃他們。

耶和華的先知，本來應該像是維護立約關係的律師，負責督促以色列人聽從上帝的指示，也就是律法。在希伯來文中，律法被稱為妥拉。先知要不斷提醒百姓，別忘了他們曾經答應過要順服上帝。

就像你在今天的影片裡會看到的，上帝賜下這些指示，原本是為了帶領大家活出豐盛的生命。但是，以色列那些腐敗的先知，卻濫用耶和華的名字，把百姓帶向拜偶像和行不義的死胡同裡。與此同時，猶大國的官員們也徹底敗壞了，就像一籃爛掉的無花果一樣。

因此，耶和華應許要為他的百姓興起一位好牧人。這位好牧人是來自大衛家族的一位新君王，他會把四散的百姓重新聚集起來，帶領他們踏上一條如同新出埃及的道路，走向真正的自由。他手中那根公義的杖，代表著他剛強的領導力，能幫助百姓恢復彼此之間、以及人與上帝之間正確的關係，讓大家能在上帝所賜的美麗家園裡，繼續安穩和興盛地生活。

那以色列的那些假牧人會有什麼下場呢？現在，正有一頭憤怒的獅子咬住了他們的喉嚨。上帝從他的寶座上發出大聲怒吼，降下災難，他那打雷般的審判正是從巴比倫而來。先知耶利米把巴比倫的軍隊，形容成耶和華公義憤怒的杯。不過，上帝對他子民的管教，就像是父母看到孩子被欺騙、受傷害時，那種充滿愛的憤怒。雖然聽起來很大聲、很強烈，但對蒙揀選的百姓而言，出發點卻是仁慈的，目的是要潔淨他們，並保護他們不再受罪惡的傷害。

猶大和世界上所有抵擋上帝的國家，都將面臨他公義的審判，直到萬民終於雙膝跪下，承認一個事實，那就是唯有耶和華是道路、真理和生命。沒有任何人，可以靠著做自己覺得對的事，或是依賴看得到的物質，來得到真正的良善與平安。

那些失職的牧人把羊群帶上了歧途。現在，不論是牧人還是羊群，都在耶和華猛烈的審判下一步步蹣跚地走著。

反思問題

1. 花點時間比較《耶利米書》23 章 1 到 8 節與《以賽亞書》11 章。你注意到哪些相似的主題和畫面呢？關於大衛家族的受膏者、新出埃及，以及上帝應許給以色列的復興，你從這兩章經文裡學到了什麼？這又會如何幫助你更深認識耶穌和他最終的使命呢？

2. 請默想《申命記》17 章 8 節到 18 章 22 節裡，耶和華對以色列宗教和司法領袖所給的指示。上帝起初希望這些領袖如何看待並教導以色列的聖約律法？再對照我們今天讀到的經文，那些領袖的行為，有符合妥拉的要求嗎？
"
"134","真理有時候就像是一顆難以下嚥的苦藥。耶利米對南國猶大所傳達的嚴厲信息，從來都不受人歡迎。想當然，大家也不喜歡他這個人。

在今天的經文裡，耶和華差遣耶利米去懇求耶路撒冷的百姓。神說，如果你們願意回轉，不再做這些帶來毀滅的惡事，耶和華就會改變心意，不把毀滅性的審判降在你們身上。可是，百姓對耶利米和他傳講的信息，反抗得越來越激烈。聚集在聖殿裡的人群，對耶利米嚴厲的警告感到非常憤怒，甚至威脅要殺了他。

接下來的故事，是從耶利米書第27章開始，時間來到了幾年之後。這時候，巴比倫已經入侵過耶路撒冷一次，不但洗劫了聖殿的寶庫，還把城裡所有的精英分子都擄走了。猶大國的未來可以說是命懸一線，耶利米警告百姓，順服並服事巴比倫，是他們活下去的唯一希望。為了引起大家的注意，這位先知用了一種很戲劇化的方式：他把牲畜用的木軛套在自己的脖子上走遍全城。這個舉動象徵著以色列注定要臣服於巴比倫。順帶一提，至少耶利米這次可以穿著衣服傳道。

然而，百姓反而更加固執，完全不肯聽勸。有一個厚顏無恥的假先知，名叫哈拿尼雅。他為了要壓倒耶利米的先知行動，竟然當眾折斷了耶利米脖子上的木軛。哈拿尼雅大聲宣布說：「別擔心！兩年之內，耶和華一定會折斷巴比倫的統治。」

哈拿尼雅編造的謊言聽起來簡單多了，也讓人覺得舒服，對以色列人來說當然更容易接受。相對地，耶利米說出的真相卻讓人難以承受。神確實會折斷巴比倫的軛，但那將會是比兩年還要長很多的時間，大家要做好準備，這會是好幾十年的漫長歲月。

耶利米苦口婆心地勸告百姓要接受現實，好好安頓下來。去結婚生子吧，去開墾花園吧，把那裡當作自己的家，因為巴比倫在很長一段時間裡，將會成為你們的家。他甚至在耶利米書29章7節吩咐他們，要為他們所居住的城市「求平安」。這也提醒我們，即使生活在受壓迫的統治之下，神的子民依然可以活出耶和華起初為我們設計的美好樣式。

反思問題

1. 你能想到在後來的聖經故事中，有誰同樣在耶路撒冷的聖殿傳講了嚴厲的信息之後，面臨死亡的威脅嗎？如果需要提示，你可以翻到馬可福音11章15到18節看一看。這兩段故事的相似之處，反映出以色列的宗教領袖們有著什麼樣的共同問題呢？

2. 今天的經文故事，發生在約雅敬王與西底家王統治的時期，相關的經文紀錄在耶利米書26章1節，以及27章和28章的第1節。請花點時間，複習一下列王紀下24章關於這兩位國王的故事。了解這些歷史背景，可以如何幫助你更深地明白耶利米對南國猶大所發出的警告呢？
"
"135","今天的經文將我們帶入耶路撒冷最黑暗的時刻。傀儡國王西底家背叛了巴比倫帝國，惹來了尼布甲尼撒王對南國猶大的全面怒火。就在耶路撒冷的城牆外，田野裡密密麻麻全是巴比倫士兵。在城內，長達好幾個月的圍城，讓百姓快要被飢餓和絕望壓垮了。耶利米被關在鐵窗後，只能眼睜睜看著他的城市陷入災難，這正是他花了二十年想要努力阻止的悲劇。

然而，正是在這段最黑暗的日子裡，我們也看見了整卷書中最光明的一刻。以色列人的悖逆雖然帶來了毀滅和被擄流亡，但耶和華應許，這個看似絕望的結局，並不是真正的終點。他們的悖逆終究會結束，神總有一天會把他們從巴比倫拯救出來。這將會像是一場全新的出埃及，並且伴隨著一個新約。在這個新約裡，耶和華不再把律法刻在冰冷的石版上，而是深深寫在祂百姓的心底。

在希伯來人的觀念中，心代表著一個人的渴望與認知。耶利米描繪了一個未來：那時，人們會從心底渴望順服耶和華，而且知道該怎麼做。彌賽亞將會以公義來掌權。以色列人將會拿起鈴鼓，在重建後的耶路撒冷街道上歡欣跳舞。曾經被乾旱與戰爭蹂躪的土地，將會再次長滿茂盛的橄欖、大麥和葡萄。百姓那顆破碎的心終於得著醫治，他們能夠全心全意地愛耶和華了。

隨著巴比倫大軍步步逼近耶路撒冷，耶利米卻緊緊抓住這個充滿盼望的信息。在國家被擄之前，他竟然在城裡買下了一塊地。他明明知道巴比倫人即將摧毀這座城市，全國百姓也將流亡異鄉好幾十年。從常理來看，這絕對是一筆最糟糕的房地產投資。除非，耶和華的應許就像太陽必定從東方升起一樣，絕對可靠。

這又是另一個充滿先知信息的象徵行動。耶利米買下這塊注定會失去的土地，因為他深信，神也必定會讓這片土地重新恢復、得著完整。

反思問題

1. 請回顧申命記三十章摩西的演說。耶和華應許在被擄流亡之後，會發生什麼事呢？在今天的閱讀中，你從哪裡看到耶利米再次確認了這些應許？

2. 請比較耶利米書三十一章28節和一章10節。你注意到了哪些相似的地方？在目前讀過的耶利米書中，你如何看見神在這兩段經文裡的話語已經應驗了呢？
"
"136","讀耶利米書讀到這裡，你可能會覺得故事好像跳來跳去，一下往前、一下往後，甚至會納悶：「我們現在到底在哪裡啊？」別擔心。這卷書本來就不是完全按照時間先後順序來排列的。

今天的經文暫時把鏡頭從耶路撒冷被圍困的緊張氣氛中移開，帶我們回顧兩個耶利米早年事奉的片段。這都是在圍城發生很久以前的事情了。

第一個故事的主角，是一個叫做利甲族的家族。他們的祖先約拿達規定後代，必須過著像游牧民族和拿細耳人一樣的生活：不能蓋房子、不能種田、不能喝酒、也不能剪頭髮。當耶利米邀請利甲族人來到聖殿吃飯，並在用餐的時候請他們喝一杯酒，利甲族人卻非常有禮貌、但語氣堅定地拒絕了。經過了這麼多代，他們依然忠於他們祖先的吩咐。

利甲族的堅守原則，和下一個故事裡以色列人的悖逆，形成了強烈的對比。耶和華要耶利米寫下長長一串的警告，告訴猶大人如果不為著拜偶像和行事不公義來悔改，將會遭遇什麼樣的災禍。耶利米派他的書記巴錄去聖殿，向群眾大聲宣讀這些充滿各種咒詛的警告。先知這份嚴厲的書卷引起了軒然大波，最後甚至傳到了猶大王約雅敬的手裡。沒想到，這位國王竟然拿刀把耶利米的書卷割破，輕蔑地把碎片扔進火盆裡燒掉了。

他可以毀掉紙張，卻無法毀掉預言。耶和華告訴耶利米，百姓這樣明目張膽地無視神的話語，剛好會招來他們極力想要假裝不存在的審判。不管人們如何否認它、違抗它、想要壓制它，甚至是燒掉它：耶和華的話語依然永遠堅立。

反思問題

1. 在今天的經文中，耶和華應許要如何獎賞利甲族的忠心？這和約雅敬拒絕耶和華所帶來的後果相比，有什麼不同？在這兩個故事之間，你還注意到哪些強烈的對比呢？

2. 請默想列王紀下22章8節到23章25節裡，關於約雅敬的父親約西亞的故事。當約西亞收到一卷寫著耶和華話語，以及來自神先知的災禍信息時，他是如何回應的？在這對父子之間，你還注意到哪些對比呢？
"
"137","巴比倫大軍步步進逼，把南國猶大逼到了死角，耶路撒冷每天面臨的威脅越來越大，先知耶利米肩上的壓力也跟著爆表。在今天的經文裡，耶利米因為勇敢說出真相，講了大家最不想聽的實話，最後竟然被冠上叛國的莫須有罪名，不但被揍了一頓，還被關進了大牢。

不過，身上的傷和沉重的腳鐐，都沒辦法讓耶利米閉嘴。就算身邊根本沒人想聽，他還是超勇敢地宣告上帝的話：如果你們硬要反抗巴比倫人，就只有死路一條；但如果願意投降，就能保住一命。沒錯，你們會被流放到外地，但至少還有希望，有一天，你們的子孫還能回到這片家園。

這種話聽起來，當然沒辦法幫耶路撒冷的守軍打氣啦。城裡的高官們氣炸了，乾脆把耶利米扔進一個超深的蓄水池裡。幸好，在先知快要在泥坑裡餓死之前，有人挺身而出！這個人叫以伯米勒，他不是祭司，不是利未人，甚至根本不是以色列人。他是一個古實的太監，不管從血統還是宗教來看，他完完全全就是個局外人。不過，正是這位非以色列人，活出了以色列人本來該有的樣子。

當耶路撒冷最後撐不住巴比倫的猛攻而淪陷時，這位外邦人以伯米勒，卻得到了上帝的保護。城牆被攻破了，敵軍像潮水一樣湧進街道，超壯觀的王宮也陷入一片火海。除了猶大國裡最窮的平民之外，所有人都被鎖鍊銬住，搖搖晃晃地被押去巴比倫。

耶利米口中最慘的預言，終究還是成真了。這些什麼都沒了的猶大倖存者，還有他們那心碎的先知，接下來到底該怎麼辦呢？

反思問題

1. 你能想到聖經裡，還有哪些故事也是像這樣，由信仰跟血統上的外人，對以色列人伸出援手、成為救命恩人的嗎？（如果需要提示，可以翻翻《約書亞記》2章，或是《路加福音》10:25-37。）這些故事告訴我們，外邦人在上帝的家中，扮演了什麼樣的角色呢？

2. 你還在哪裡看過，上帝的先知在鬧饑荒、沒東西吃的時候，每天居然還能拿到餅的供應呢？（可以看看《列王紀上》17:1-6尋找線索。）仔細想想，這兩個故事之間，你還發現了哪些相似的地方呢？
"
"138","今天一開始，我們的畫面帶到了耶路撒冷，那些驚魂未定的倖存者，正試著在城市的廢墟中重新站穩腳步。這裡已經沒有房屋，也沒有城牆了。耶和華那曾經金碧輝煌的聖殿，如今只剩下一堆還冒著煙的瓦礫。

不過，有那麼短暫的一刻，好像看見了新伊甸園的種子正在發芽。留在猶大的餘民，在夏天的收割季裡，採收了一筐又一筐的橄欖和葡萄。巴比倫派來的省長也保證這片土地會有和平與安全。那些在巴比倫入侵時逃到摩押和以東的猶大人，也都紛紛踏上了回家的路。

可是，就像大地震之後的餘震一樣，新一波的暴力衝突又再次撕裂了耶路撒冷。一位名叫以實瑪利、嗜血殘暴的軍官暗殺了巴比倫省長，這把城市裡原本就已經很脆弱的安全感給徹底粉碎了。

隨著巴比倫可能前來報復的威脅越來越大，驚恐萬分的猶大餘民跑去尋求耶利米，想知道耶和華有什麼指引。耶利米勸他們：「留下來吧！耶和華會在你們的家鄉保護你們的平安。」但他們的領袖約哈難，卻寧可相信自己的「小聰明」。他帶著大家下到埃及，把所有人的安全交託給埃及的軍隊和偶像，而不是交給耶和華與祂的應許。

耶利米告訴他們，這是行不通的。他對這群悖逆的餘民說：「逃到埃及去依靠那些假神，反而會帶來你們拼命想逃避的痛苦。來自巴比倫的災難一定會降臨，因為你們切斷了與耶和華的連結，而祂才是你們唯一真實的生命源頭。」

雖然這場災難並不是最後的結局，但這段日子將會非常難熬。上帝依然會繼續引導祂的百姓，讓他們的生活不再被恐懼和對受造物的依賴所驅使，而是從心底因著愛和信靠祂而活。

反思問題：

1. 你能想到聖經裡還有誰，曾經選擇去埃及，而不是信靠上帝會在應許之地供應他們嗎？你可以去複習一下創世記12章10到20節，或者是耶利米書26章。後來發生了什麼事呢？這個經文的連結暗示了今天故事裡剩下的猶大人決定下到埃及，可能會帶來什麼樣的後果呢？

2. 今天的經文出現了一個我們很熟悉的聖經主題。一開始，人類在像花園一樣的土地上享受祝福和豐盛。但當他們選擇自己眼中看為好的事物，而不去信靠耶和華的智慧時，他們就經歷了流放和咒詛。在今天的經文裡，你還有注意到哪些可以連結到創世記第1到第3章的地方嗎？這些關聯，如何幫助你更深地去理解餘民的決定，還有他們即將要面臨的後果呢？
"
"139","經過了將近50章，讀了許多充滿審判與哀傷的信息之後，你終於來到耶利米書的最後階段了。不過，這位「流淚先知」沉重的信息還沒完全結束喔。在進入耶利米書的尾聲之前，我們值得花一點時間，來回顧一下這卷篇幅龐大、情感強烈的經卷，它基本的文學架構是長什麼樣子的。

在耶利米書的第一部分，也就是1到24章，先知指控以色列人破壞了他們與耶和華神所立的約。因為他們選擇去拜偶像、與其他國家的軍隊結盟，而不是專心倚靠神；甚至他們還彼此欺壓，特別是去傷害那些最弱勢的人。耶利米警告他們，這樣的選擇就等於是違背了與神所立的約，就像是對婚姻不忠一樣，這將會帶來非常嚴重的後果。

今天的讀經進度，會帶你來到這卷書第二個段落的結尾，也就是26到45章。這段內容帶我們回顧了耶利米剛開始服事時的場景，並且呼應了早在耶利米書1章10節，神給他的信息：他不但要作以色列的先知，也要作周圍外邦列國的先知。神說，耶利米傳講的信息將會帶來「拔出、拆毀」，但同時也會帶來「建立、栽植」。

到目前為止，你已經看到耶利米向以色列人傳達了這個包含了審判與盼望的雙重信息。現在，來到這卷書的第三個部分，也就是最後一部分的46到52章，耶利米要把審判與盼望的信息，轉向周圍的其他國家了。

這最後一部分的詩歌，運用了許多生動、如同世界末日般的畫面，來描述那些充滿暴力的帝國最終會如何瓦解。經文特別強調，好戰的巴比倫就像是神手中的工具，用來摧毀其他邪惡的國家。你會讀到，士兵將像蝗蟲過境一樣降臨埃及；戰車會像宇宙那混沌的大水一樣淹沒非利士地，這是一種代表「創造被瓦解」的常見畫面，就像你在影片中會看到的一樣。摩押將會像一個空瓶子一樣被打碎；而來自巴比倫的災難，就像一鍋滾開的水，快要沸騰溢出來了。

反思問題

1. 請安靜默想今天經文中所出現的畫面。你有沒有在其他先知書的段落裡，看過類似的主題或場景呢？這些重複出現的模式，可以如何幫助你理解聖經作者在描述「全宇宙性審判」時的方式呢？

2. 回想一下，在耶利米書的其他地方，你還在哪裡看過神用「打碎瓦瓶」的畫面，來描述祂對一個國家不公義的審判？這個經文之間的「超連結」，讓我們對神審判的範圍有了什麼樣的新認識呢？
"
"140","想像一下，巴比倫軍隊就像是不斷高漲的浪潮，帶來了上帝那彷彿要把整個創造都化為烏有的審判，直接淹沒了以色列周圍的國家。熊熊烈火吞噬了亞捫人的村莊；驕傲的以東人也從他們堅固的山城跌落，摔得連大地都在震動！恐懼就像陣痛一樣折磨著大馬士革；漫天飛塵吹過夏瑣空無一人的街道。就連以攔那些超有名的弓箭手，他們手中的弓居然像牙籤一樣被輕易折斷了。沒錯，建立在邪惡之上的帝國，終究是會走向崩塌的。

不過啊，在《耶利米書》的最後一首詩歌裡，這股神聖的毀滅浪潮，卻轉向了巴比倫自己喔！這個曾經替上帝傾倒憤怒的帝國，現在也要喝下同一杯審判的苦水了。巴比倫命運的大逆轉，其實提醒了我們一個超重要的重點：雖然充滿暴力的帝國成了上帝審判的工具，但這絕對不代表上帝認同對敵人施加暴力。這就跟耶穌，也就是上帝自己，在世界上傳道的時候不斷教導我們的道理是一樣的。

這種描寫戰爭的詩歌其實有著很深刻的含意喔。其中一個關鍵就是，那些邪惡的政權，不管是以色列還是其他國家，或許可以暫時靠著暴力取得大勝，但最後也一定會因為暴力而走向滅亡。就像俗話說的那樣：「凡動刀的，必死在刀下。」

上帝讓以色列人徹底體會到，拒絕他的愛和引導到底是什麼滋味；這也就是說，上帝允許以色列人在一段時間內，去經歷巴比倫帶來的毀滅跟混亂。但是，既然巴比倫那種殘暴嗜血的本性完全不懂得收斂，上帝當年用來對付埃及的那種毀滅性大能，很快就會直接降臨在巴比倫身上了。

在這一切的混亂當中，我們千萬不能忘記耶利米說過的其它話喔！他總是不斷提醒大家，上帝不僅願意，而且絕對有能力施行救贖。上帝確實允許了毀滅發生，但他同樣也會拯救並恢復那些被毀滅的人。就像你在影片中會學到的，希伯來文的「救贖」叫做 ga'al，這跟《出埃及記》裡面描述上帝救贖以色列人是同一個字喔。ga'al 的意思，就是要恢復那些原本會永遠失去的家族土地或是血脈。

那些壓迫人的帝國可要注意啦：當上帝親自降臨，要斬斷鎖鍊、把人從壓迫中救贖出來的時候，就算是再高的山，也絕對不敢擋住他的去路！

最後，我們來想幾個反思問題：

第1題，請比較《耶利米書》49:7-22對以東的預言，以及《俄巴底亞書》1:1-14對同一個國家的預言。你注意到了哪些共同的用語和畫面呢？

第2題，試著默想今天經文中那首針對巴比倫的審判詩歌。你能從中找到耶利米在其他審判詩歌裡重複使用過的詞句和畫面嗎？這又向我們揭示了巴比倫怎樣的命運呢？
"
"141","大家在讀《耶利米書》大部分內容的時候，應該會發現巴比倫這個帝國，當時真的可以說是稱霸全世界！他們在擴張版圖的過程中，把一個又一個的國家踩在腳底下。巴比倫人被權力沖昏了頭，甚至還妄想把手伸向「諸天」。諸天的希伯來文是「沙瑪音」，就像你在影片裡會學到的，它不只是指我們頭頂上的天空，更是代表天空之上，那神聖的上帝居所。

這其實已經不是我們第一次看到高高在上的巴比倫，去挑戰上帝的權柄了喔。耶利米把尼布甲尼撒帝國的傲慢，跟《創世記》11章「巴別塔」那裡人類的背叛連結在一起。他把巴比倫當作一種代表，代表著所有不願意信靠、跟隨上帝，反而選擇用暴力來奪取財富和權力的傲慢國家。

不過現在，耶利米宣告，那種會讓一切退回混沌狀態的宇宙大水，將會把巴比倫吞滅。在他留下最後這段話的時候，他還做了一個超戲劇化的動作來加深大家的印象。他把巴比倫的命運寫在一卷書上，然後叫人把書卷扔進河裡，看著它被洶湧的河水完全吞沒。

這卷書的最後一章，超級詳細地記錄了先知所有關於審判的警告，最後到底是怎麼應驗的；這也證明了耶利米傳講的信息全都是真的。儘管如此，這個故事在結尾的地方，還是留下了那麼一絲絲微弱的希望。

在《耶利米書》的最後一段，大衛的一位後裔從監獄裡被放了出來，甚至還能跟巴比倫王同桌吃飯！雖然以色列人不斷地背叛上帝，最後走向了令人心碎的毀滅，但上帝並沒有拋棄祂的百姓，也沒有忘記祂曾經答應過，未來會有一位君王從大衛的後裔中誕生。雖然以色列人馬上要面對被擄走的漫長黑夜，但請相信，黎明終究會破曉的！

反思問題

1. 在聖經故事的其他地方，你還有看過上帝使用驕傲又暴力的人，來成就祂的旨意嗎？（如果需要提示，可以去看看《士師記》的後半部喔。）那裡到底發生了什麼事呢？這些故事，又揭示了上帝怎樣的主權與公義呢？

2. 當你讀到《耶利米書》52章的敘事時，你可能會覺得跟《列王紀下》25章超像的。那麼，《耶利米書》裡面的故事和詩歌，有沒有幫你對這個熟悉的故事，增加一些新的認識或是體會呢？
"
"142","《以西結書》一開始，就帶我們看了一場超悲傷的生日派對！以西結是被擄的以色列人之一。在他滿30歲那天，他孤單地坐在河邊。說他這一年過得很辛苦，那還真是太客氣了啦！

本來按計畫，以西結這年應該要在耶路撒冷被正式按立當祭司，也就是說，他本來可以在那座超華麗的聖殿裡服事上帝。但現實是，他變成了難民營裡的政治犯，被逼著服事巴比倫帝國。以西結根本不知道，自己這輩子還有沒有機會再回故鄉。

不過，他這個30歲生日卻突然來了個超展開！整個天空佈滿了烈火和閃電，到處都是超刺眼的光芒。他看見輪子裡面還有輪子在轉，輪框上甚至長滿了眼睛！在這一切的中心，有一架發光的寶座戰車，下面竟然有長著四張臉、半人半獸的活物在撐著它！

先做好心理準備喔，因為接下來的故事只會越來越不可思議！快來看看這段影片，一起認識希伯來聖經裡第三位大先知以西結，還有這卷充滿奇特異象，卻又帶給人無限盼望的書卷吧。

反思問題

1. 請把你剛才看到的以西結異象，跟《出埃及記》3章、19章和24章裡，上帝的「卡沃德」，也就是「上帝的榮耀」（可以參考下方影片）顯現的場景比較一下。你有發現什麼相似的地方嗎？

2. 你能想到希伯來聖經裡，還有哪些是用食物或飲料來考驗一個人忠誠度的例子嗎？（如果需要一點提示，你可以翻到《創世記》3章，或者是《民數記》5章去找線索喔。）這些經文之間的「超連結」，可以怎麼幫助你理解，為什麼在今天的進度裡，上帝要命令以西結吃下寫滿哀歌的書卷呢？
"
"143","當上帝的先知，真的是一份超硬的工作。他們可不能像一般人那樣打卡上班，隨便寫幾首詩，宣布一下世界末日的消息，然後就下班回家放鬆。替上帝傳遞信息，是一種需要全心投入、甚至賠上整個生命的呼召。

像是以賽亞，他就曾經光著身子在街上走了三年。耶利米在他二十年的先知生涯中，大部分的時間不是被關在監牢裡，就是一直哭，或者兩者都有。但是在上帝所有的先知裡面，沒有人的工作比以西結還要更讓人反胃了。

我們今天的經文，帶大家看到了以西結的「記號行動」。這些在大家面前做出的驚人舉動，就像是一場親身示範、看得見摸得著的比喻，用來傳遞上帝的信息。有些行動還算溫和，像是以西結做了一個耶路撒冷的縮小模型，還有把自己的頭髮大把大把地剃掉。但是，上帝竟然還吩咐以西結，要他側躺一年多，而且還要吃用人類大便烤出來的食物。

為什麼要這樣呢？

當大家看到以西結在他的耶路撒冷模型中間做這些事的時候，他們看到的是一幅讓人嚇呆的畫面，預告著將來會有多麼絕望。因為不久之後，耶路撒冷將被敵人包圍，燃料和食物都會用光，那是一種徹底絕望的狀態。

以西結身邊那些一起流亡的同胞，傻眼地看著他用這些既丟臉又嚇人的方式，試圖引起大家的注意；但是，這些信息卻從來沒有聽進他們心裡。就像他們背棄了上帝一樣，他們也轉身不理會上帝的先知，偏偏要選擇走自己的路。

以西結心裡一定忍不住會想：如果連用大便烤食物都沒辦法引起這群百姓的注意，上帝到底還要用什麼方法，才能讓他們醒悟過來呢？

反思問題

1. 在《以西結書》 5:8-17 中，先知描述了以色列人對上帝不忠心所帶來的嚴重後果。請把這段經文，跟《利未記》 26:14-39 裡因為不順服聖約而招來的咒詛清單比較一下。你有注意到哪些相似的地方嗎？摩西說，在這些咒詛之後會發生什麼事呢？也就是《利未記》 26:40-45。這段經文如何幫助你更深入理解今天的內容呢？

2. 根據《利未記》 21:5-6，對祭司來說，有哪些哀悼的習俗是絕對禁止的？這些規定揭示了以西結在今天經文中的象徵行動帶有什麼特別的意義呢？請記得，他原本可是要成為祭司的喔。
"
"144","在今天的讀經進度裡，上帝讓以西結看見了聖殿神聖的監視器畫面。畫面裡真的沒有一件好事。耶路撒冷的以色列人，簡直就是在大肆破壞上帝的家啊。

他們在聖殿的門廊立起了偶像雕像，還在牆上畫滿了各種拜偶像的塗鴉。有些婦女霸佔了側門，在那裡敬拜巴比倫的豐饒之神搭模斯。有些男人則是把入口處變成了敬拜星體的神壇，他們轉過身，背對著上帝的同在，面朝東方去敬拜太陽。

就像歷史不斷重演的那樣，拜偶像總是會驅使人變得貪婪、暴力，並且用不公平的態度來對待彼此。猶大人輕視那些擁有上帝形像的人，就跟他們輕視上帝神聖的家一樣。他們彷彿在上帝的廚房裡，熬煮著一鍋邪惡腐敗的毒湯，還把無辜人的鮮血，潑滿了上帝客廳的地毯。整個地方簡直是臭氣沖天。

因此，上帝差遣了一支神聖的清潔隊，用一場彷彿能將一切退回渾沌的審判洪水，把耶路撒冷清洗乾淨。上帝拆毀了人類所建立的邪惡。祂不願意再忍受以色列人不公義和拜偶像所散發出來、令人作嘔的惡臭，於是上帝打包了祂同在的榮耀與良善，決定搬出去。當以西結在遠處觀看時，上帝那像戰車一樣移動的寶座，離開了原本停靠在約櫃上方的位置，就這樣遠離了。

請留意這裡極具震撼力的畫面。百姓腐敗的污穢，最終變得實在太過邪惡，以至於猶大這塊土地，彷彿要把他們直接吐出去，讓他們被擄到外地。不過，就像以往一樣，上帝在發出嚴厲審判警告的同時，也總是帶著充滿盼望的應許。在以西結生日那天，他看見上帝那神祕的移動寶座，竟然來到了巴比倫，停留在那些被擄的百姓當中。儘管經歷了這一切，上帝依然渴望與祂的百姓同在，而且，祂必定會與他們同在喔。

反思問題

1. 默想《申命記》4章15到31節摩西的指示。你看到哪些連回今天經文的呼應與連結呢？這個背景故事，如何幫助你理解上帝對以西結時代以色列人拜偶像的回應？

2. 比較《以西結書》9章5到6節，以及《申命記》7章1到6節、《約書亞記》11章12到20節。你注意到哪些共同出現的字句？這些經文之間的連結，可能揭示了當時的以色列變成了一個什麼樣的國家呢？
"
"145","讀到這裡，我們看到先知以西結真的非常順服，只要是上帝吩咐的，他什麼都願意做，為的就是要喚醒以色列人。當一個社會長期習慣了不公義的事情，那些殘忍邪惡的行為，漸漸就會被當成是正常的。在今天的經文中，以西結就像是從他的「先知工具箱」裡，拿出了各種很有創意的說話技巧，來對抗這些所謂的「正常」現象。他這麼做，是為了要揭露以色列領袖們的腐敗，並且警告他們，這樣的決定會帶來多麼嚴重的後果。

針對南國猶大那位像是傀儡一樣的國王，以西結演了一齣街頭行動劇。這位先知打包好行李，把包袱揹在肩上走在路上。這是一個充滿戲劇張力的預言，象徵著西底家王未來的命運，也就是被擄走。而且不只是國王自己，連那些留在耶路撒冷的百姓，也全都會被擄到外地去。

至於那些向被擄百姓保證一定會平安的假先知，以西結則是用比喻來警告他們。這些嘴巴很甜的老師，假借耶和華的名義，對百姓說著美麗的謊言。但他們傳遞的信息，就像是在一面快要倒塌的牆壁上，隨便塗上一層白灰一樣。當耶和華猛烈的審判一來到，這座用謊言堆起來的高塔，瞬間就會崩塌。

而對於那些偷偷拜偶像的以色列長老，以西結用了一個假設的情況。他說，就算歷史上最公義的三位代求者，也就是挪亞、但以理和約伯，親自來到上帝面前為百姓求情，連他們的禱告，也無法讓耶和華收回成命，無法免除上帝對以色列嚴厲的審判。

以西結警告這些敗壞的宗教領袖，他們拜偶像的行為會帶來嚴重的「罪孽」。這個詞的希伯來原文是「阿翁」，它不僅僅是指扭曲的行為，也包含了這些行為所帶來的悲慘後果。你可以接著看我們準備的影片，更多了解聖經裡「罪孽」這個詞的意思，還有上帝是如何充滿恩典地來處理我們的罪孽。

反思問題

1. 請比較以西結書第13章裡，以西結對假先知的指控，以及馬太福音第7章15到27節裡，耶穌對那些騙人的宗教領袖發出的警告。你有沒有注意到哪些共同的主題和畫面呢？今天的經文，如何幫助你更明白耶穌在登山寶訓裡的教導？

2. 請默想創世記第18章16到33節，亞伯拉罕和耶和華之間的對話。當亞伯拉罕為了所多瑪和蛾摩拉，在上帝面前代求的時候，發生了什麼事？這和以西結書第14章12到23節的內容比起來，有什麼不同？這樣的對比，反映出在以西結的時代，以色列人的靈性處在什麼樣的狀態裡？
"
"146","故事有一種傳遞真理的獨特魔力，尤其是當真理讓人聽了不太舒服，或是很難直接面對的時候。在今天的讀經進度裡，先知以西結用了三個故事，來逼著以色列人面對一個殘酷的事實：他們背叛了與上帝立下的聖約。

在這三個故事中，前後兩個故事把以色列那些叛逆的餘民，形容成一棵被烤焦、乾枯的葡萄樹。耶和華原本把他的百姓栽種在肥沃的土地上，好讓他們能順利長大、結出果子。但是，領袖和百姓卻拒絕了上帝那賜給人生命的智慧，結果讓自己枯萎成毫無用處、結不出果子的枯枝。

夾在前後兩個故事中間的，是一個很長的寓言。它把以色列比喻成一個對婚姻不忠誠的配偶。這裡要稍微提醒大家一下：以西結在這裡用的字眼非常直接，甚至會讓人聽了不太舒服。不過，有兩個重點可以幫助我們更好地明白以西結這段充滿挑戰性的信息。

首先，以西結筆下的耶路撒冷，其實是一幅荒謬的諷刺畫，他是為了嚇醒大家才刻意誇大的。現實中，根本沒有人會像寓言裡的耶路撒冷那樣做事，比如說，特種行業的人通常不會反過來倒貼錢給客人。以西結這麼做，是想把以色列的長老們給搖醒，讓他們看清自己背叛上帝的後果有多麼嚴重。所以，他把大家很熟悉的以色列和耶和華在立約中結為夫妻的這個比喻，轉變成他能想到的最可怕的噩夢。

要記住，以西結試圖用一種非常強烈的方式來打醒他的聽眾，因為之前他不管是吃用糞便烤的餅，還是側躺了將近四百天，都沒能達到這個效果。這個寓言聽起來本來就應該要是令人覺得恐怖的，這正是以西結想要達到的目的。

其次，我們必須仔細留意，耶和華的審判在這個寓言裡是怎麼運作的。面對耶路撒冷在屬靈上的背叛，耶和華的回應就是任憑這座城市去追求它想要的：也就是撤走上帝的保護，把它交在其他國家的手中。以西結用了很強烈的畫面，來傳達很久以前以賽亞、耶利米，甚至是摩西就已經說過的同一個重點。

當以色列人硬著心要跟隨其他偶像時，耶和華就任憑他們，讓他們去承受自己犯罪的苦果。然而，上帝充滿了憐憫，他透過先知把警告的音量調到最大，發出極端嚴厲的警告，幫助他們在真的走到那一步之前，就能清楚看見自己將要面對什麼樣的下場，呼喚他們悔改。

反思問題

1. 你能想到聖經故事中，還有哪個地方提到上帝把人類安置在肥沃、水源充足的土地上，為了幫助他們繁榮昌盛嗎？你可以回頭看看《創世記》2 章找找提示。那裡後來發生了什麼事？這個聖經中的超連結，如何幫助你更深地體會以西結所說的葡萄樹比喻呢？

2. 以西結傳達的信息似乎是故意讓人感到不安的，這可能是因為以色列的腐敗當時已經成了見怪不怪的常態。上帝打破了這些敗壞的社會常態。上帝差遣了這麼多的先知，用各種信息和行動，想要喚醒百姓，讓他們看見自己的偶像崇拜與不公義，這件事向我們展現了上帝對他百姓的愛究竟是什麼模樣呢？
"
"147","想像一下，一頭被關進籠子裡失去自由的獅子，和一棵垂頭喪氣、快要枯死的葡萄樹，這兩者之間有什麼共同點呢？對先知以西結來說，它們都代表著一件悲慘的事，那就是猶大王室的徹底瓦解。

在《創世記》49 章，我們讀到了猶大原本領受的王室祝福。我們聽見上帝稱呼猶大是一隻小獅子，那是 9 節提到的。那份祝福本來應該是非常美好、令人驚歎的，但現在卻完全變了樣。以西結為以色列的首領們悲傷哀哭，他把那個美好的王室祝福反轉過來，描繪出一頭凶猛的獅子，如今卻掉進了陷阱，被關在籠子裡，一路被押送到巴比倫去。接著，他又用另一幅畫面來表達同樣的心痛：一棵原本強壯、結滿果子的葡萄樹，竟然被連根拔起，在灼熱的東風吹襲下，完全枯萎了。

就像我們在昨天讀經時看到的寫作手法一樣，作者把今天的經文安排成三個部分，呈現出對稱的結構。以西結的這首哀歌被特地放在正中間，夾在兩個討論以色列世代罪惡和被擄的段落裡，為的是要凸顯這首哀歌的重量。這樣的結構彷彿在告訴我們，在所有這些罪惡和黑暗的中心，以西結正用充滿詩意的細節，為那些曾經美麗、如今卻遭受毀滅性敗壞的事物，深深地哀哭痛惜。

除此之外，以西結也反駁了那些被擄百姓很愛說的一句俗語。這句俗語的意思是說，孩子必須為父母所犯的罪來承擔後果。當時滿腹牢騷的以色列人一直引用這句話，把他們現在遭遇的痛苦全都怪罪給上一代。他們心裡想，要不是當初瑪拿西王把自己的孩子獻祭給偶像，我們今天才不會被擄到外地去呢，這一切都是我們祖先的錯！

但是，耶和華上帝並不同意這個說法。上帝指出，這一代的人其實是因為他們自己所犯的罪而在受苦。這聽起來雖然是一個讓人覺得刺耳的殘酷現實，但其中也隱藏著上帝滿有恩典的呼召。你想想看，如果上帝只是盲目地讓他們為祖先的罪受罰，那他們就真的被死死困住了。上帝看重每一個人的真實情況，並且他發出呼召，要他們回轉。這並不是說人可以靠著自己的好行為或自由意志來得救，而是上帝主動伸出恩典的雙手，賜給蒙揀選的人得救的信心，讓他們能夠回轉歸向他，並且得著真正的生命。

耶和華上帝苦口婆心地勸以色列人，要他們回轉，離開自己所犯的罪過。這裡原文用到了一個希伯來字，發音叫做佩沙，和合本聖經翻譯為「過犯」。這個字帶有一種破壞關係、背叛的意思。所謂的過犯，就是我們跟人、或是我們跟上帝之間，建立了一種錯誤的關係。這在希伯來文聖經裡是一個很常見的字，因為正如以西結所說的，百姓長久以來不斷重蹈覆轍，破壞他們與上帝之間的關係，也因此讓自己吃盡了苦頭。你可以看看相關的影片，來更多了解佩沙，也就是「過犯」這個字在聖經裡的意思。

反思問題

1. 請比較一下《列王紀下》21 章 1 到 16 節裡瑪拿西王的行為，以及以西結在《以西結書》8 章 3 到 18 節中所看到，他自己那一代耶路撒冷人的行為。你注意到了什麼呢？這對《以西結書》18 章裡，以色列人愛推卸責任的心態，有什麼樣的提醒？

2. 請默想以西結在今天經文裡對律法的討論。根據《以西結書》20 章 11 到 25 節，那些不聽從耶和華賜生命指示的以色列人，最後發生了什麼事？以西結對摩西律法的看法，又如何幫助你更明白使徒保羅在《羅馬書》7 章裡，對律法所提出的觀點呢？
"
"148","在今天的經文中，以西結的指控可以說是到了最高潮。無辜人的血玷污了耶路撒冷的街道，那股惡臭就像一層骯髒的煙霧，籠罩著整座城市。城裡的祭司、首領和先知不但沒有保護百姓，反而欺負弱勢的人；他們為了利益榨乾窮人，還把寄居的外邦人踩在腳底下。

以西結試圖用另一個非常生動的寓言來嚇醒以色列人，好讓他們看清自己的城市到底有多麼可怕。這一次，他把撒馬利亞和耶路撒冷，比喻成兩個淫亂的姊妹。

對以西結來說，耶路撒冷在聖約上的背叛，和流無辜人的血是分不開的。在今天的經文裡，先知不斷強調一件事：當百姓拒絕了耶和華，他們自然也會去欺壓那些擁有上帝形像的人。拜偶像的心，帶來了一連串可怕的後果，像是亂倫、放高利貸、欺騙、褻瀆聖物、收受賄賂、破壞安息日，還有各種勒索與壓迫。

以西結這番強烈的指控，也伴隨著同樣清晰的審判警告。耶和華即將拔出快刀，來對付耶路撒冷。以色列人會像火爐裡的渣滓一樣被熔化，又像烈火上的一口髒鍋子，被狠狠地刷洗。淫亂的南國猶大，沒有從她北方姊妹的錯誤中學到教訓，所以她也將面臨相同的命運。耶和華要把她交在她自以為非常渴望的外國軍隊手裡。

今天經文的最後，出現了一幕最讓人心碎的畫面：以西結的妻子過世了。但是，耶和華卻吩咐先知，不可以在公開場合為她哀哭。以西結失去愛妻後那令人震驚的反應，其實是指向以色列人將來失去耶路撒冷時的反應。很快地，他們那座腐敗又沾滿鮮血的城市就要淪陷了，而留下來的，將只剩下一片極度痛苦的沉默。

反思問題

1. 請把《以西結書》23 章和 16 章拿來做個比較。在 16 章裡，耶和華說撒馬利亞會發生什麼事呢？這又會如何幫助你理解 23 章的內容？

2. 今天的經文，帶我們來到了《以西結書》中宣告「以色列遭受審判」這個段落的尾聲。請花一點時間，比較這個段落的開頭（也就是《以西結書》12 章 1 到 16 節）和結尾（《以西結書》24 章 15 到 27 節）。以西結在這兩個故事中分別做了什麼？百姓又是如何回應的？這些前後呼應的線索，如何幫助你更明白《以西結書》在文學上的巧妙設計呢？
"
"149","以西結那嚴厲的審判預言，並沒有停留在以色列的邊界。今天，我們要進入《以西結書》的一個新段落，也就是 25 到 32 章。這部分主要集中在先知對七個外邦國家所發出的審判信息。有一個關鍵的句子把整個段落串聯了起來，那就是上帝宣告，當他施行公義的時候，他們「就知道我是耶和華」。

這段經文一開始，首先針對的是以色列的鄰國，包含了亞捫、摩押、以東和非利士。當以色列因為敗壞而走向可怕的滅亡時，這些國家竟然在一旁幸災樂禍地歡呼。現在，他們必須為自己所犯下的不公義和暴力，面對那令人害怕的後果了。

接下來，以西結對推羅和西頓這兩個姊妹城市發出了審判的信息。這些位在地中海沿岸的城市，透過國際貿易累積了大量的金銀財寶。過多的財富讓推羅的國王驕傲了起來，甚至宣稱自己就是神明，也就是你在影片中會聽到的希伯來文，伊羅興。

這已經不是人類第一次想要取代上帝的位置，並為這種妄想付出代價了。就像當年伊甸園裡的第一批人類一樣，推羅王也將失去他那如花園般富麗堂皇的財富。耶和華那摧毀邪惡的風暴，將會徹底毀滅推羅舉世聞名的船隊，彷彿把一切創造都退回原點。巴比倫的軍隊會像巨大的海浪般沖刷這座城市，把它變成廢墟的塔樓統統捲進海裡。

接著，鏡頭從狂風暴雨的海洋和彷彿世界末日般的崩塌中，轉向了寧靜的房屋和開滿花朵的葡萄園。以西結刻意把給以色列的盼望信息，放在這個段落的最正中央，是為了點出一個重要的信息：如果耶和華願意為了以色列而對抗列國，這就代表，上帝也會為了那些對他保持忠心、持守聖約關係的人而戰。即使在嚴厲的審判之中，上帝最深切的心意，依然是想要恢復他的百姓，並且要透過他們，把起初的祝福賜給地上的每一個人。你可以參考《創世記》12 章 2 到 3 節。

反思問題

1. 請默想約翰在《啟示錄》18 章裡，對巴比倫，也就是他用來象徵羅馬的代稱，所描繪的財富與敗壞。拿它來對照今天讀到的，以西結針對富裕卻腐敗的推羅城所發出的預言，你注意到了哪些相似的地方呢？

2. 在聖經中，山不單單只是一個地理位置，它更是天與地相遇的神聖所在。舉例來說，想一想摩西和以利亞在西奈山上遇見上帝，或是亞伯拉罕在山上所受的考驗。請仔細閱讀《以西結書》28 章 13 到 14 節。關於伊甸園的位置，以西結告訴了我們什麼？聖經裡關於山的這個主題，如何幫助你體會這座最初的山上花園有多麼重要呢？
"
"150","當你繼續走在聖經故事的旅程中，請睜大眼睛找找看：你可能會發現一條龍喔。在今天的影片裡，我們會認識「混沌之龍」。在古代世界裡，這隻怪獸代表著暴力，以及「反創造」也就是破壞神創造秩序的毀滅力量。

當你知道該留意哪些特徵時，你就會發現這條像蛇一樣的生物，潛伏在聖經的許多角落裡。我們今天讀到的經文，就是一個很好的例子。

在以西結針對埃及發出的七篇審判信息中，第一篇就把古埃及的法老，比喻成一隻長滿鱗甲的怪獸，在尼羅河的水裡潛伏游動。不過，這條龍根本敵不過耶和華公義的魚鉤。神會把這條埃及「毒蛇」從水裡的巢穴拖出來，任由牠在炎熱的沙漠太陽下曝曬乾癟。

再一次，巴比倫的軍隊帶來了這場「反創造」的審判。巴比倫強壯的膀臂將會打斷埃及的膀臂，讓這個國家癱瘓無力。尼羅河沿岸肥沃的氾濫平原和繁華的城市，都會被大火燒成一片荒蕪的廢墟。

狂暴的惡龍啊，可要當心了：屠龍者耶和華，已經拔出祂神聖審判的寶劍了。

反思問題

1. 請將以西結對法老和埃及的描述，與以賽亞書51章9到11節做個比較。你注意到了哪些與「龍」有關的畫面呢？從這些經文中，我們可以看出神在出埃及的故事裡擊敗埃及，背後可能蘊含著什麼更深層的意義呢？

2. 請仔細讀一讀以西結書30章裡的詩歌。你覺得以西結把耶和華對埃及的審判，形容為「耶和華的日子」，這有什麼重要的意義呢？
"
"151","埃及帝國的末日就要到了。今天的讀經進度，一開始又宣告了三個針對埃及的預言，用一種撼動宇宙的畫面，來描述法老王是怎麼垮台的。

想像一下，一棵參天大樹在一聲震動大地的巨響中倒下，整個山谷散落著破碎的木塊。又或者，一隻巨大的海怪從深水裡被硬生生拉上來，在耶和華的網子裡，只能無助又憤怒地扭動著。最後，法老和他的軍隊都要下到死人的領域，也就是希伯來文說的陰間，滿面羞愧地躺在那些被殺的人當中。

但是，耶路撒冷卻步上了埃及法老的後塵。這座城市現在成了一個腐敗帝國的領頭羊，所以它必須先倒下。在《以西結書》33 章，我們來到了整卷書最讓人心碎的低谷。一個逃出來的倖存者，帶著可怕的消息來到以西結面前：巴比倫的軍隊已經把耶路撒冷燒成了平地。

包圍著這個故事的，是兩段專門用來糾正以色列人錯誤觀念的經文。那些被擄到巴比倫的人，終於承認了自己的罪，卻因為極度內疚而陷入了絕望。同一時間，留在耶路撒冷的倖存者卻自滿地以為，上帝特別挑選了他們，要讓他們在猶大燒焦的廢墟中重建國家，即使他們依然還在拜偶像、做不公義的事。

面對這兩群人，以西結給出了同樣的信息：上帝呼召他們回轉，因為唯有倚靠上帝的恩典真實悔改，才能迎來充滿盼望的未來。這裡說的悔改，絕對不只是嘴上道個歉而已。悔改意味著他們要完全轉離現在的生活方式，真正地信靠並緊緊跟隨耶和華。

33 章的開頭和結尾，再次強調了以西結作為先知的使命，那就是向百姓說出真理，不管他們聽不聽得進去。如今，以西結口中最壞的預言已經成真了，這正是上帝在敲打他們的心，盼望百姓這次能清醒過來，認真聽從上帝的話。

反思問題

1. 只有在極少數的情況下，耶和華會直接對某個人說話，就像他從燃燒的荊棘中對摩西說話那樣。但更常見的是，上帝會透過人來傳遞他的指示和警告。請默想《以西結書》33 章 1 到 6 節的經文，耶和華在那裡說明了以西結肩上的責任有多麼沉重。你認為，為什麼上帝選擇透過平凡的人來說話，而不是直接從天空中發出轟隆隆的聲音來傳達呢？

2. 請讀一讀《馬可福音》4 章 30 到 32 節裡耶穌說的比喻。你覺得這個比喻和今天的經文之間，有哪些相似的地方呢？
"
"152","對以色列那嚴厲的審判，終究還是來臨了。耶路撒冷在混亂與熊熊烈火中傾倒。這場大災難讓以西結和所有的以色列人震驚得不知所措。他們心想：上帝怎麼會讓這種事發生呢？難道耶和華永遠拋棄了他的百姓嗎？

耶和華的回答非常肯定：

「不」。

上帝的大能，遠遠勝過以色列人的悖逆。他早在《以西結書》11 章就已經應許，他要復興自己的百姓，要賜給他們一顆新心和一個新靈，來徹底翻轉他們的生命。上帝絕不食言，他會持守自己所立下的每一個應許。

為了深刻說明這一點，耶和華帶著以西結進行了一場驚心動魄的實地考察。這位先知發現自己站在一個充滿枯骨的山谷裡，這些骨頭早就被烈日曬得慘白。在那裡，耶和華給了以西結一個非常奇怪的命令：向這些枯骨說預言！

以西結聳了聳肩。反正活人也從來不聽他講道，至少這群骷髏聽眾不會抱怨他的信息。沒想到，當先知一開口，周圍的骨頭竟然開始震動。下巴的骨頭喀啦喀啦地接回了頭骨上，大腿骨啪的一聲卡進了髖關節裡。脊椎骨甚至滑過了胸骨，和肋骨重新連接在一起。當一具骷髏喀嗒喀嗒地站起身時，以西結趕緊閃到了一邊去。

上帝的靈親自降臨，將生命的氣息吹進了最死寂、最荒涼的地方。這些不再乾燥的骨頭，僅僅只是一個開始。接下來，請觀看影片，去了解在《以西結書》後半段裡，耶和華帶來了什麼樣充滿盼望的信息。

反思問題

1. 請比較《以西結書》34 章 1 到 31 節對以色列腐敗領袖的描述，以及《約翰福音》10 章 1 到 18 節裡耶穌對自己的描述。在以西結時代的假牧人與身為好牧人的耶穌之間，你注意到了哪些強烈的對比呢？

2. 花點時間複習《出埃及記》32 章 11 到 14 節，和《民數記》14 章 13 到 19 節裡摩西的禱告。摩西在禱告中呼求耶和華的「名」——也就是耶和華在列國中的屬性與名聲。這如何幫助你理解，在今天的經文裡，耶和華是「為了他名的緣故」而應許復興以色列呢？這兩處經文，對於主禱文的第二句：「願人都尊你的名為聖」（見《馬太福音》6 章 9 節），又帶來了什麼樣的啟發呢？
"
"153","耶和華非常看重他的聲譽，也就是他的名。他邀請以色列人成為聖約裡的夥伴，向全世界展現他的聖潔、公義和慈愛，好讓萬國都能認識他真實的本性。可是，當以色列人拜偶像、行事不公義，破壞了耶和華的名聲時，上帝應許，為了他自己名字的緣故，他要潔淨並恢復這個祭司的國度。

在耶和華處理完他子民當中的邪惡之後，他轉過身來，也用同樣的標準對待其他國家。在今天的經文中，先知以西結用了一個叫做歌革的超級大反派，來代表列國的邪惡。這是一個象徵性的人物，他結合了聖經裡所有最壞統治者的特徵，成為全人類反叛上帝的一個可怕縮影。

歌革從世界最偏遠的角落，找來了七個盟友，企圖對抗耶和華恢復他子民的計畫。這簡直是全世界聯手起來，想要徹底打倒以色列。

面對歌革這場撼動天地的叛亂，耶和華也以撼動天地的審判來回應。大地會因為強烈的地震而劇烈震動，連群山都會被翻轉過來。冰雹和硫磺將從天上傾瀉而下。歌革士兵的屍體，會成為禿鷹飽餐一頓的盛宴。而他們留下來的武器和盔甲，將足夠給以色列人當作七年的柴火來燒。

這場慘痛的失敗，對歌革來說當然是個壞消息，但對全人類來說卻是個天大的好消息。因為耶和華絕不容許邪惡，繼續玷污他所創造的美好世界，更不容許邪惡玷污他美好的名。

反思問題

1. 請默想《啟示錄》20 章 7 到 10 節。使徒約翰是如何運用《以西結書》裡，關於歌革和他的軍隊這個畫面的？從這整個聖經故事來看，這讓你認識到，上帝對人類邪惡的審判，有著什麼樣的本質呢？

2. 請複習《以西結書》26 到 32 章裡，一些針對推羅和埃及的預言。在今天的經文中，你發現了哪些重複出現的字句或畫面呢？這可以怎麼幫助你，更深入了解以西結對這個超級反派國王歌革的描寫？"
"154","說真的，《以西結書》是一卷超特別的書！它讀起來很複雜又讓人有點滿頭問號，甚至可以說是有點瘋狂，但絕對不會無聊喔。這趟超狂的閱讀旅程一開始，就出現了上帝那台鑲滿寶石、在閃電風暴中飛行的移動寶座，接著情節就變得越來越奇妙啦。我們看過用糞便烤的餅、超詭異的比喻、水裡的怪獸、復活的骨頭，還有滴著血的山嶺。但就在這卷書快要結束的時候，先知卻突然從那些超華麗的異象和生動的比喻，切換成連續四章都在量建築物的尺寸，這到底是怎麼一回事啊？

在今天的經文裡，以西結描繪了一座新聖殿超精密的異象。大家先別覺得這些繁瑣的細節很無聊，因為這幾章裡講的，絕對不只是建築設計圖而已喔。就像《出埃及記》裡會幕的藍圖一樣，以西結在異象中看到的上帝神聖居所，裡面有超多畫面把這座聖殿跟伊甸園連結在一起。這是一個全新的、在地如在天的地方，甚至比所羅門在耶路撒冷建造的聖殿還要更大更美呢。

以西結的聖殿之旅，最後是以另一個看見上帝榮耀的異象來收尾的。大家還記得嗎？上一次以西結看到那台移動寶座的時候，它是飛離了耶路撒冷的聖殿；因為以色列人拜偶像加上各種不公義的事情，那座聖殿早就被徹底玷污了。但是現在，上帝的榮耀回來啦，而且充滿了這座全新又乾淨的聖殿喔。

這個充滿希望的記號，其實是指向了一個超棒的日子，也就是上帝的同在將要再次回到祂百姓中間的那一天。只不過啊，祂回來的形式可能跟大家想像的有點不一樣喔。請大家繼續看影片，來多了解一下這座聖殿，還有它到底是如何在耶穌身上奇妙地應驗吧。

接下來是今天的反思問題。首先，在今天的經文中，你看到了哪些連回伊甸園的超連結呢？這些模式和畫面，又揭示了上帝聖殿有著什麼樣的重要意義呢？

還有啊，數字25在以西結的聖殿異象中，有著很特別的意義喔。所謂的第25年，剛好是五十年禧年循環的一半，這個大家可以參考《利未記》25章8到55節。在他們被擄流亡的第25年，也就是《以西結書》40章1節提到的，以西結的以色列同胞們，心裡一定覺得自己離自由和家鄉超級遙遠。那麼，在以西結的聖殿異象裡，大家有注意到數字25還有它的倍數到底出現了幾次嗎？
"
"155","當上帝賜下盼望時，這份盼望往往會不斷向外擴散。在昨天的經文裡，以西結傳達了以色列聖殿將要復興的信息。而今天，我們會看見這個充滿盼望的宣告，一步步擴展到全以色列，甚至擴及到所有的受造物。

以西結首先在異象中看見了祭司的更新：有一批耶和華的新僕人，專心在新的聖殿裡事奉。接著，他的異象向外擴展到以色列的其他地方，直到這個國家的土地、領袖、百姓、經濟制度，甚至敬拜的節期，全都反映出上帝的聖潔與公義。

而且，蒙福的不只是以色列。在聖殿門口，以西結看見一小股水從門檻底下流出來。不久之後，這股涓涓細流變寬成一條小河，接著又匯聚成一條充滿生機的大河，無論流到哪裡，都把生命散播出去。這就呼應了《創世記》2 章 10 到 13 節裡的那條河，從伊甸園流出來，把滋潤的泉水流向全世界。

耶路撒冷流出的純淨淡水，洗淨了死海又鹹又深的水域，讓原本毫無生機的水裡，變得魚群滿滿。河川兩岸肥沃的土地上長出了各種植物。原本又鹹又荒涼的曠野，變成了茂盛的果園，長滿了賜下生命的樹木，為所有吃這果子的人帶來醫治與豐盛。

正如你在影片中會看到的，這些樹木代表著新的生命樹。所有的受造物都變成了一個全新的伊甸園，被這條從耶和華聖殿流出的生命河深深滋潤著。

這就是《以西結書》的結局：耶和華計畫透過他那賜下生命的同在，來復興他的子民與整個受造界。當上帝親自住在他百姓中間時，即使是最荒涼的地方，也能綻放成充滿生命的花園。

反思問題

1. 請默想《列王紀上》21 章拿伯葡萄園的故事。當時的以色列王是如何對待另一個家族的祖產呢？請把這個故事，和《以西結書》46 章 16 到 18 節裡所描述的理想以色列領袖的做法做個比較。這兩段經文，對於公義以及我們對領袖的期望，揭示了什麼重要的道理呢？

2. 請比較《以西結書》47 章 1 到 12 節與《啟示錄》22 章 1 到 5 節。你發現這兩段經文之間有哪些奇妙的超連結或是相似之處呢？這些經文如何幫助你更深地明白，上帝要賜給我們的，究竟是怎樣的一種生命？
"
"156","破碎的婚姻和破碎的國家，這兩者之間到底有什麼共同點呢？其實根據《何西阿書》的記載，它們有很多相似的地方喔！

《何西阿書》是十二卷簡短先知書裡面的第一卷，這些書有時候會被大家稱為「小先知書」。它們最一開始是被設計寫在同一個書卷上的，所以統稱為《十二先知書》。

這卷書一開始就說了一個令人心碎的故事，何西阿的妻子拋棄了他，跟別的男人跑了。上帝告訴何西阿，他妻子對婚姻的不忠，正好反映出以色列人在屬靈上對上帝的背叛。雖然上帝就像一位深情又專一的丈夫，把自己完全獻給了以色列人，但他們卻背叛了這段關係，跑去跟隨其他的神明。

更糟的是，以色列人拜偶像的行為簡直就像是屬靈上的賣淫。百姓拿了上帝賜給他們的好麥子和葡萄，卻把這些美好的恩典獻給了其他的神明。他們向迦南的神明獻祭，感覺就像是為了換取好處在討好對方，希望能為自己的大麥田換來雨水，為羊群換來安全的草場，或是為葡萄樹換來豐收的果實。

但是大家要知道，這段出軌的關係只會帶來毀滅。以色列向偶像投懷送抱，最終只會讓整個國家赤身露體、在寒風中發抖，也就是讓他們完全失去上帝的保護，必須毫無遮蔽地去面對背叛上帝所帶來的痛苦後果。

《何西阿書》第2章所使用的比喻畫面非常露骨，甚至會讓人覺得有點不安，但這正是上帝要表達的重點。以色列人糟糕透頂的行為已經蒙蔽了他們的雙眼，所以上帝想要透過這樣的方式來震醒他們，讓他們看清楚自己的罪行到底有多嚴重。大家還記得先知以賽亞曾經有三年的時間，在公開場合赤身露體嗎？他當時其實也是在傳達類似的信息。

不過，以色列人的不忠並不是故事的結局喔！上帝吩咐何西阿去尋回他不忠的妻子，並且重新接納她。其實上帝對以色列也要做同樣的事。大家可以看看接下來的影片，去更多認識在《何西阿書》中，上帝那種超乎想像而且不離不棄的愛。

反思問題

1. 請花幾分鐘的時間，複習一下《列王紀下》14:23-28以及15:8-31。這裡記載了何西阿先知服事期間，掌權君王們的統治情況。想一想，這對你了解何西阿服事的歷史背景有什麼幫助呢？

2. 在《何西阿書》第4章中，上帝指控以色列人違反了哪些具體的誡命？結果導致了什麼事情發生？這些指控如何幫助你明白，以色列人在屬靈上對上帝不忠的本質和影響呢？
"
"157","讀到聖經故事的這裡，我們應該已經看過以色列歷史上不少黑暗的低谷。但真的很少有哪個時期，能像《士師記》結尾那樣慘烈的。當時整個國家因為暴力和性侵事件四分五裂，每個人都是「任意而行」（《士師記》21:25）。

在今天的經文裡，何西阿說以色列的道德已經急速敗壞，彷彿回到了「基比亞的日子」（《何西阿書》9:9）。這就像是一個讓人心痛的連結，把我們帶回《士師記》19章的慘痛歷史。百姓們又回到那種任意而行的狀態，這讓他們變得跟自己拜的偶像一樣，完全沒有生命力。不管是拜金牛犢的強盜祭司、聽信騙子的無知君王，還是滿手血腥又詭計多端的農夫，整個社會從上到下都充滿了暴力和混亂。

上帝本來希望以色列人可以栽種公義、收割慈愛。但剛好相反，他們卻耕種奸惡、收割罪孽，吃盡了自己詭計結出來的爛果子。就像伊甸園裡最早的人類一樣，以色列人拒絕了上帝賜給他們的真正生命。他們跑去拜偶像、剝削窮人，甚至還跟其他國家結盟，這感覺就像是吃錯了樹上的果子一樣。

結果呢，他們原本可以在應許之地享受的，那些像伊甸園一樣的祝福全都破滅了。他們不但沒有生養眾多，反而經歷了無法生育的心碎。肥沃的田地長滿荊棘，打穀場上也收不到任何糧食。和平與安全的日子再也回不來了，取而代之的是被流放他鄉的命運。大家可以仔細想想，當人拒絕上帝的旨意，偏要照著自己的心意去生活時，失去生命的代價會有多徹底；但相反地，當我們願意讓上帝的旨意來引導人生的選擇時，生命又會是多麼豐盛。

反思問題

1. 請默想耶穌在《馬太福音》9:9-13，還有12:1-14中，引用了《何西阿書》6:6的話：「我喜愛憐恤，不喜愛祭祀」。耶穌的行動，如何幫助你明白上帝的百姓該怎麼效法祂憐憫的榜樣呢？

2. 在《約書亞記》中，我們學到示劍原本應該是一座逃城（請看《約書亞記》20章）。那也是約書亞在應許之地，跟以色列人重新立約的地方（請看《約書亞記》24章）。明白了這個背景之後，對於《何西阿書》6:9-10裡上帝那份沉重的指控，帶給了你什麼樣的體會呢？
"
"158","在今天的讀經進度裡，何西阿給我們上了一堂彷彿帶著超連結的歷史課。他毫不留情地把聚光燈，打在以色列人長久以來的背叛行為上。就像他們的先祖雅各，曾經想照著自己的規矩來奪取上帝的祝福；以色列人同樣不肯單單信靠耶和華，不相信上帝會白白賜福給他們。他們就像雅各，也像當年在曠野的祖先一樣，不停地耍著小聰明，說著謊話。

當這個國家一次又一次地去拜外邦偶像，背叛了耶和華，你覺得上帝會有什麼感受呢？覺得受傷嗎？憤怒嗎？還是覺得被背叛了呢？這些感受當然都有。上帝對以色列的愛非常深厚，所以當他們背叛時，上帝也會感到深深的心痛。不僅如此，看著自己那些受了傷、在外流浪的百姓，上帝的心更是充滿了不捨與憐憫。無論以色列轉身離開多少次，耶和華依然愛著他們。人也許會違背承諾，但耶和華絕對不會。

而這正是何西阿書結尾要帶給我們的信息。這卷書的結局，並沒有停留在以色列的破碎，或是他們短暫的悔改上，而是停留在上帝要使他們重新完整的應許裡。耶和華說，總有一天祂會「醫治他們背道的病，甘心愛他們」，這句話記在何西阿書14章4節。

這份醫治的恩典，將會把以色列變成一棵根深葉茂的大樹，為萬國萬民帶來乘涼的樹蔭和甜美的果實，就好像伊甸園的祝福蔓延到了全世界。這一直以來都是耶和華的使命，沒有任何事物能阻擋這個計畫。就連以色列那顆屢次出軌的心，終究也抵擋不住耶和華那份能醫治一切的大愛。

反思問題

1. 邀請你默想一下，馬太在福音書一開頭，引用了何西阿書11章1節所說的：「我從埃及召出我的兒子來」，這段記載在馬太福音2章13到15節。你如何看出何西阿對於「再一次出埃及」的盼望，是成就在耶穌身上的呢？

2. 邀請你默想路加福音15章11到32節裡關於浪子的比喻。耶穌說的這個故事，如何幫助你更深體會上帝對那些四處流浪的兒女，充滿著憐憫的心腸呢？
"
"159","一團烏雲從地平線升起，不斷盤旋向上，直到滿天飛舞的蝗蟲把整個天空都遮黑了。數量高達數十億隻。這密密麻麻的蟲群淹沒了大地，凡走過的地方，都只剩下被啃食乾淨的荒地。原本高大茂盛的橄欖樹和無花果樹，被剝得只剩下光禿禿的樹幹。綠意盎然的牧場變成了乾裂貧瘠的土地，金黃色的麥田也變成了參差不齊的殘梗。放眼望去，完全看不到一絲綠色，連一根草都沒有留下來。

這就是《約珥書》非常震撼的開頭。先知約珥用蝗蟲過境這種怵目驚心的畫面，來形容即將到來的「耶和華的日子」。到那一天，上帝將會帶著極大的能力親自降臨，來對付人類的邪惡。約珥警告百姓，正是因為以色列人犯下極嚴重的罪惡，上帝才降下這毀滅性的審判。接著，天邊又出現了另一波可怕的威脅，像飢餓的蟲群一樣湧向耶路撒冷：只不過，這次來的不再是蝗蟲，而是敵軍的士兵。

審判雖然迫在眉睫，但也並非無法挽回。約珥提醒百姓，耶和華的憐憫，永遠大過以色列人的罪惡。只要他們願意真心悔改，上帝就會降下甘霖，把被破壞殆盡的荒野重新變成美麗的花園。更棒的是，上帝還應許要澆灌祂那賜下生命的聖靈。請觀看這支影片，讓我們一起來了解《約珥書》中，那大而可畏的耶和華的日子。

反思問題

1. 請思想彼得在《使徒行傳》第2章的講道中，引用了《約珥書》2章28到32節的經文。約珥關於上帝要澆灌聖靈的預言，如何幫助你更深地認識五旬節的意義呢？

2. 《約珥書》2章13節對上帝性情的描述，最早其實出現在《出埃及記》34章6節，就在以色列人拜金牛犢的事件之後不久。了解這個歷史背景之後，對於《約珥書》中上帝應許要施恩憐憫這件事，帶給你什麼新的體會呢？"
"160","在世界萬國中，神特別賜福給以色列。神親自與他們同在、教導他們，並邀請他們成為夥伴，一起完成賜福地上萬國的使命。神供應他們的一切所需，也應許會永遠保護他們。然而，以色列人如果想要繼續經歷，並把這美好的福分傳遞出去，他們就必須持續與耶和華神同心同行。想當年，當以色列人淪為埃及奴隸、戴著沉重腳鐐的時候，神撼動天地，為他們打破了埃及的勢力。但如今，以色列人卻反過來，把自己的窮苦同胞狠狠地踩在腳下。

在耶羅波安二世統治的時期，以色列社會的不公義已經到了無法挽回的地步。有錢人家靠著欺壓和剝削窮人，搜刮了大量的財富。他們這樣做到底是為了什麼呢？竟然只是為了在奢華的狂歡派對上大肆揮霍。他們在豪華的宅邸裡大魚大肉，而被他們欺詐的工人，卻只能在黑夜中挨餓受凍。更誇張的是，這些衣著光鮮的壓迫者，隔天早上居然還裝作非常虔誠的樣子走到祭壇前，炫耀他們帶來的祭物，彷彿一切都好得很。

耶和華原本的心意，是要以色列去祝福這個世界。當他們卻選擇去傷害別人的時候，神絕不會坐視不管，祂選擇正面迎擊。在這次的事件中，神差遣了一位名叫阿摩司的牧羊人先知來傳達信息。

阿摩司發出了非常嚴厲的警告。他說，表面上裝出來的公義，是遮掩不住背後那真實存在的黑暗的。你當然可以刻意讓大家都看到你有多勤奮獻祭、多麼遵守規矩，你甚至可能因此得到很高的社會地位。但這一切都只是一場戲，一個騙局。這種假面具是撐不久的。

耶和華神對虛有其表的宗教信仰毫無興趣，更不接受人用宗教儀式來掩蓋自己做的壞事。現在，就請你接著觀看今天的影片，一起來了解在阿摩司書中，耶和華是如何嚴厲地譴責這些不公義的行為吧。

反思問題

1. 請回頭看看申命記二十四章10到18節，關於拿別人的外衣當作借款抵押品的律法規定。想想看，這些規定如何幫助你更深刻地理解，阿摩司在阿摩司書二章8節對以色列人所提出的嚴厲指控呢？

2. 當你讀完阿摩司書第四章之後，請花點時間，把這一章和申命記二十八章裡提到的「聖約咒詛」做個比較。你注意到了哪些共同的畫面和主題呢？這些經文之間的「超連結」，又如何幫助你明白今天的閱讀內容呢？
"
"161","到了阿摩司出來說預言的時候，以色列的領袖們已經靠著欺壓和剝削社會上的弱勢群體，建立起一個小帝國了。那些宗教精英過著懶散舒適的日子，用大碗狂飲美酒。他們甚至把錢揮霍在奢華的保養品上，而這些全是用騙來的錢買的。這些領袖不僅搶走弱勢寡婦的土地，還對那些受傷和挨餓的人視而不見，只顧著為自己囤積金錢和糧食。

不公義竟然成了大家見怪不怪的常態。但是阿摩司說，上帝一定會採取行動。這個時刻，在聖經裡常常被稱為「耶和華的日子」。

上帝即將出手，終結這場荒唐的狂歡派對。

阿摩司從上帝那裡看到了一連串的異象，讓他預見即將發生的事。他看到成群的蝗蟲，吃光了眼前所有的綠色植物。接著是一場可怕的大火，把河流燒乾，吞噬了整片土地。然後，他看到一條筆直的準繩垂下來，清楚顯明了以色列人對是非對錯的標準，已經變得多麼扭曲。

最後，出現了一籃熟透的夏令果子，宣告了以色列即將面臨的結局。這其實是個巧妙的雙關語，因為在希伯來文中，「熟果」和「結局」的發音非常相似。這實在是個可怕的警告啊。

帶著這樣的信息，難怪當地的祭司會下逐客令，要阿摩司去別的地方說預言了。

不過，就在這卷書的最後，阿摩司給出了一絲盼望。有一天，上帝會從大衛的後裔中差遣一位君王，來復興他的百姓。

在今天的影片裡，我們將會學到這位君王如何實現上帝賜給阿摩司的異象。耶穌帶來了阿摩司渴望看見的那種國度。在這個國度裡，那些承認自己在心靈上貧窮、軟弱並需要恩典的人，會被上帝接納。耶穌親自為我們成就了完全的公義，讓我們因著信靠他，能夠與上帝恢復美好的關係，並且天天倚靠聖靈來引導我們的生活。請觀看影片，來更多了解耶穌這位君王，以及他那令人驚奇又顛覆傳統的統治方式。

反思問題

1. 請安靜默想《使徒行傳》15 章，雅各引用《阿摩司書》9 章 11 到 12 節的經文。早期教會向非以色列人傳福音的使命，如何幫助你更深地明白，上帝在《阿摩司書》裡應許的復興，究竟是什麼模樣呢？

2. 當你讀到耶穌所說的「八福」時，想像一下，如果阿摩司時代的一位貧窮以色列人聽到耶穌的話，會有什麼樣的感受呢？想像你每天辛苦賺錢只為了養家糊口，卻在不公平的法庭上被騙走薪水，還深陷在讓人喘不過氣的債務循環裡。在這樣的情況下，要是聽到一位新來的君王，雖然沒有保證解決你今世的財務困境，卻應許要赦免你的罪，將上帝國度裡那永恆不朽的福份和真正的平安賜給你，你的心裡會有什麼樣的感動呢？
"
"162","你知道嗎？手足之間的爭吵，就像地底下的斷層線一樣，貫穿了整本《聖經》的故事喔！比如說，該隱嫉妒而且殺了他的弟弟亞伯；以撒出生後，他同父異母的哥哥以實瑪利就被趕出了家門。還有拉結和利亞，為了爭著生小孩，很殘酷地對待她們的婢女。其中最出名的例子，應該就是雅各和以掃這對雙胞胎兄弟了。他們還在媽媽肚子裡的時候就開始打架，甚至大半輩子都把對方當作仇敵。

後來，雅各和以掃分別成為以色列和以東這兩個國家的祖先。這兩個國家也延續了他們祖先那種水火不容的關係。當以色列人辛苦跋涉準備前往應許之地時，以東人竟然拒絕讓這群無家可歸、軟弱無助的弟兄經過他們的領土。你可以去聽聽《民數記》20:14-21的記載。後來，掃羅王、大衛王，還有所羅門王，都曾經跟以東人打過仗，這些都記錄在《撒母耳記上》14:47、《撒母耳記下》8:11-14，還有《列王紀下》8:20。甚至到了巴比倫人入侵耶路撒冷的時候，以東人不但不幫忙，還在一旁拍手叫好，甚至加入了巴比倫人殘暴的掠奪行動。

這段古老的恩怨，就是《俄巴底亞書》這卷書的背景故事。這卷書雖然很短，卻充滿了力量。以東人當時可能正為了以色列的倒台而幸災樂禍，但上帝應許，以東人那種狂妄跟殘忍，總有一天會報應在他們自己的頭上。而且，不只是以東喔！在上帝的日子到來時，每一個驕傲、悖逆上帝的國家，都將會面臨上帝的審判。

現在，就請你看看這段影片，來更多了解《俄巴底亞書》裡面，關於上帝公義的深奧，還有祂信實不變的本質。

反思問題

1. 回頭讀一讀《阿摩司書》1章。在上帝對列國發出審判的信息中，以東出現在哪裡呢？這對你了解《俄巴底亞書》8-14的背景有什麼幫助呢？

2. 請默想《創世記》12:1-3裡，上帝對亞伯拉罕的應許。你在《俄巴底亞書》的哪裡，看見這些應許真的實現了呢？
"
"163","到目前為止，在十二先知書裡，我們看見耶和華總是樂意施恩憐憫，即使是對那些與祂為敵的人也是如此。當以色列人為了拜偶像而背棄了與耶和華立的約，彷彿對上帝不忠時，耶和華卻透過先知何西阿應許，要把他們找回來，用愛使他們重新活過來。

當以色列人的罪行招來如同蝗災般毀滅性的審判時，耶和華透過先知約珥應許，要把他們荒涼的曠野變成豐饒的花園。當以色列人用不公義和剝削欺壓自己的窮人時，耶和華透過先知阿摩司應許，要賜給他們一位公義的君王。當以色列人因為不斷的叛逆而遭到流放，甚至在半路上被他們的兄弟以東國落井下石時，耶和華仍透過先知俄巴底亞應許，要帶領他們回家。

但是，當耶和華把這樣豐盛的憐憫，同樣賜給以色列人的敵人時，又會發生什麼事呢？

今天的經文就要透過一位名叫約拿的以色列先知的故事，帶我們來面對這個問題。在影片中，你會看到約拿被派往尼尼微城的任務。當耶和華對約拿的敵人施憐憫時，約拿會有什麼反應呢？這也引出了一個更重要的問題：當上帝對你的敵人施恩憐憫時，你又會如何回應呢？

反思問題

1. 你能想到在舊約聖經中，還有哪些其他的例子，是那些身為外邦人的局外人，反而比身為選民的以色列人對耶和華更加忠心嗎？這些故事對於今天經文裡的水手、尼尼微人以及約拿，可能帶來什麼樣的啟發呢？

2. 在古代希伯來聖經，也就是塔納赫的編排順序中，從何西阿書到瑪拉基書這十二卷較短的先知書，原本是被編寫在同一個書卷裡，稱為十二先知書。這代表約拿書最初和約珥書是出現在同一個書卷中的。請注意：這兩卷書都引用了幾乎完全相同的一段話，也就是出埃及記34章6到7節對耶和華性情的描述：有恩典，有憐憫，不輕易發怒，有豐盛的慈愛，並且後悔不降災的上帝。你可以參考約珥書2章13節，和約拿書4章2節。請比較這兩段經文的上下文。在約珥書裡，是誰領受了耶和華的憐憫？這個對比，讓你對今天經文裡約拿的抱怨有了什麼樣的新發現呢？
"
"164","以色列的羊群走失啦！他們沒有聽從上帝的話，反而到處亂跑，去拜那些假偶像，做了一堆不公平又不公義的事。先知彌迦告訴我們，當時那些宗教領袖啊，根本就是披著羊皮的狼，是隱藏得超級好的掠食者喔！

身為上帝所賜福的人，以色列的祭司本來應該帶著愛心和公義，好好照顧他們的羊群才對。可是他們不但沒這樣做，這些祭司和假先知反而去欺負窮人，完全不管寡婦和孤兒的死活，甚至還把老百姓當作賺錢的工具，真的是太過分了！

就像國王亞哈霸佔拿伯的葡萄園那樣，以色列那些貪心的領袖看到弱勢農夫的土地，心裡一貪，就直接動手去搶，這根本就是偷走人家活下去的本錢嘛！這些統治者就像王后耶洗別一樣，用騙人甚至是流血的手段，來搶走他們想要的所有東西。彌迦用了超級寫實的字眼，來形容他們對窮人有多暴力。這些假牧人簡直就像在吃人一樣，把百姓剝皮吃肉，甚至還打碎這些「羊」的骨頭來吸骨髓，聽起來是不是超可怕的？

同一個時間，以色列那些很會甜言蜜語的假先知，也到處去賣那些大家愛聽的好消息。只要有人停下來聽他們算命，他們就會拍胸脯保證對方一定平安無事，甚至還會步步高升喔。不過呢，這些人可以繼續騙人的日子已經不多了。彌迦警告大家，上帝馬上就要降下災難，來懲罰以色列這些滿嘴甜言蜜語的騙子，還有那些貪得無厭的統治者。

不過啊，就跟我們之前讀過的每一位先知一樣，彌迦最後還是帶來了一個充滿希望的信息。上帝會親自來牧養祂百姓中剩下來的人，讓耶路撒冷重新找回公義，也讓全世界都恢復和平喔！

接下來就請大家看看這支影片，來更深入了解在《彌迦書》裡，上帝那份堅守約定的公義和憐憫吧！

接著來想想這幾個反思問題吧：

1. 《彌迦書》第1章充滿了希伯來文的雙關語喔。你可以試著讀看看《信息本聖經》的《彌迦書》1章10-16節，它把這些藏在希伯來文裡的雙關語翻譯得超級棒。大家可以想一想，這些雙關語是怎麼幫助你更深刻地體會彌迦那種充滿詩意的信息呢？

2. 我們來複習一下《妥拉》（也就是摩西五經）裡面，關於買賣家族土地的律法，這部分記在《利未記》25章23節還有《民數記》36章7節。你從這裡面學到了什麼呀？這些律法又是怎麼幫助你明白，《彌迦書》第2-3章裡面對以色列領袖的控訴到底有多嚴重呢？
"
"165","以色列啊，準備好要在法庭上面對上帝囉！

在今天的進度裡，上帝對祂的百姓提出了一場訴訟。上帝指控他們，違背了當初在西奈山立下的約定。那麼，第一批被傳喚出庭的證人是誰呢？就是那些從世界建立以來，一直靜靜守望著的山嶺，現在連石頭也都在呼喊作證喔！

這些莊嚴安靜的守護者，證實了上帝提出的每一項證據。群山親眼見證了上帝如何拯救以色列人離開埃及，如何把巴蘭的咒詛轉成祝福，並且一路保護祂的選民平安渡過約旦河，順利進入應許之地。

可是，在群山的注視下，以色列人竟然轉過身來，濫用上帝賜給他們的自由，去欺負身邊的鄰居。

以色列人馬上開口反駁說：「抗議！難道我們沒有乖乖照著上帝的規定，舉行各種宗教儀式和活動嗎？如果上帝想要更多祭物，我們大不了就多獻上幾隻動物不就好了嗎？」

可是，上帝是無法被收買的喔！即使是一整群的公羊，或是像汪洋大海一樣多的橄欖油，都不能賄賂上帝，也沒辦法掩飾以色列人的不公義。其實，上帝對以色列人的心意從頭到尾都沒變過。上帝希望祂的百姓能向全世界展現出上帝的性情，藉著這樣來祝福世上的每個家庭。這也就代表，他們必須選擇一種全新的生活方式，打從心底活出忠誠的愛、追求公義、滿懷憐憫，並且謙卑地去關心身邊的人。

不過，就像我們昨天讀到的那樣，彌迦在嚴厲的指控裡，還是流露出對上帝應許的信靠和盼望。總有一天，上帝會從伯利恆這個微不足道的小鎮裡，興起一位君王。伯利恆在希伯來文的意思是「糧食之家」，這位君王將會親自餵養、牧養祂的百姓。在這位好牧人的帶領下，上帝保守的餘民最終會完成他們的呼召，成為萬國的祝福，這部分你可以參考《創世記》12:2-3喔！

這個充滿盼望的未來保證一定會實現。這不是因為以色列人終於自己振作起來，而是因為上帝會按照祂自己的大能與智慧，親自完成這件事。只要上帝管教和恢復公義的工作一完成，對以色列的最終判決就不會是被定罪，而是他們會深深地被愛、被赦免，並且完全被挽回和恢復。

反思問題

1. 當你讀今天的經文時，請留意彌迦是怎麼把法律制度的腐敗、經濟上的剝削，還有暴力的行為連結在一起的。用你自己的話來說說看，你覺得彌迦會怎麼形容一個美好又公義的社會，應該要有什麼樣的價值觀跟行為呢？

2. 在《彌迦書》7:16-20當中，你看到了哪些連回《創世記》3章的超連結呢？你又看到了哪些連回《創世記》其他篇章的超連結？你覺得彌迦透過這些連結，想要傳達出關於上帝使命與性情的什麼重點呢？
"
"166","希伯來聖經中最常被引用的經文之一，就是出埃及記34章6到7節。在那裡，神親自向摩西描述了祂的本性：「耶和華，耶和華，是有憐憫，有恩典的神，不輕易發怒，並有豐盛的慈愛和誠實。祂為千代的人存留慈愛，赦免罪孽、過犯和罪惡，萬不以有罪的為無罪。」

在聖經的故事裡，我們會看到這種對耶和華本性的描述，一次又一次地出現。光是在「十二卷小先知書」裡面，就出現了三次：分別是約珥書2章13節、約拿書4章2節，還有彌迦書7章18到19節。

在今天的進度中，那鴻書引用了這段著名的經文，為了要強調神絕不會對不公義視而不見。耶和華是仁慈的，也不輕易發怒。但是，那些暴力的帝國要注意了！耶和華那充滿憐憫的愛，並不代表祂對邪惡毫不關心。對於那些充滿暴力、欺騙、不公義的人和國家，神一定會追究他們所造成的傷害。

那鴻透過詩歌來傳達他的預言，宣告了當時世上最大、最壞的惡霸，也就是亞述帝國，即將走向滅亡。以色列人早就聽說過亞述軍隊那無法滿足的嗜血本性，也知道想要阻止他們，根本是白費力氣。

可是，所有播下殺戮種子的人，總有一天會收割毀滅的果實。亞述的首都尼尼微，過去喝醉了無辜人的鮮血，現在必須準備迎接一場極度痛苦的宿醉了。

接下來，請觀看這支影片，一起來了解在那鴻書中，耶和華是如何對抗人類的邪惡。

反思問題

1. 請比較約拿書和那鴻書裡，是如何描述亞述首都尼尼微的：包含了它的特徵、行為以及最後的命運。這兩卷書的記載，讓你對神的憐憫和祂公義的本性，也就是祂拒絕讓邪惡獲得最終勝利的這件事，有了什麼樣的認識呢？

2. 那鴻這個名字在希伯來文中，是「安慰」的意思。想像一下，如果你是一個生活在亞述暴力和壓迫統治下的以色列人，你覺得那鴻的信息會為你帶來什麼樣的安慰呢？
"
"167","在我們讀《十二先知書》的這趟旅程走到這裡時，我們已經看到許多充滿義憤的先知，嚴厲地責備以色列人一次又一次地選擇擁抱邪惡。像何西阿、阿摩司和彌迦，他們就像燃燒的火把，對於那些從內部腐蝕國家的偶像崇拜和不公平的事，感到無比的憤怒。

當耶和華的先知指控以色列人違背他們與上帝所立的約時，他們講話從來不曾客氣，也完全不加掩飾。你還記得阿摩司嗎？他竟然稱呼以色列的宗教領袖是「巴珊的母牛」。他的意思是，這些人養尊處優、好吃懶做，引導他們的不是上帝神聖的智慧，而是他們自己屬肉體的無知。

哈巴谷和許多其他先知一樣，都生活在以色列歷史上同一個極度墮落的時期。他親眼看見了道德的腐敗，這讓其他先知發出了強烈又生動的抗議。但是，在今天的經文裡，我們卻沒有看到對以色列罪惡的嚴厲批評；沒有提到那些骯髒的背叛，沒有令人作嘔的獻祭，也沒有把百姓吃乾抹淨的壞牧人。

相反地，《哈巴谷書》描繪的是一位悲傷的先知，正在為了上帝公義的複雜性而內心掙扎。一位充滿智慧又絕對公義的上帝，怎麼會容許叛逆在他的選民當中肆虐呢？另外，上帝怎麼會容許邪惡又殘暴的巴比倫，累積這麼多的財富和權力？更糟的是，上帝怎麼會容許這個殘暴的國家，把他自己的百姓以色列踩在泥土裡呢？

哈巴谷那句有名的呼喊：「耶和華啊，這要到幾時呢？」不斷地在經文中出現，這其實也說出了每一個努力想跟隨上帝的人，心裡可能都有過的感受。上帝啊，你還要讓這種腐敗的狀況繼續多久呢？

哈巴谷向耶和華傾訴了他的悲傷與困惑，而耶和華回答了他。在這個世界令人迷惘的黑暗中，上帝親自與哈巴谷相遇，並邀請他要憑著信心生活，信靠上帝對這個世界那份強烈不息的愛；同時，也讓他安息在一個確切的盼望裡，那就是：上帝總有一天，會永遠徹底地消除一切的邪惡。

接下來，請觀看今天的影片，一起來了解在《哈巴谷書》中，耶和華要粉碎邪惡帝國首領的行動。

反思問題

1. 《哈巴谷書》2 章 4 節在新約聖經中出現了三次，分別在：《羅馬書》1 章 17 節、《加拉太書》3 章 11 節，以及《希伯來書》10 章 37 到 38 節。請在新約的上下文脈絡中，讀一讀這些經文。想一想，《哈巴谷書》的信息，如何幫助你更明白保羅和《希伯來書》的作者引用這些經文時，想要傳達的論點呢？

2. 請比較耶和華在《哈巴谷書》3 章 3 到 6 節中，那如同雷霆萬鈞般的顯現，與他在《彌迦書》1 章 3 到 5 節、《那鴻書》1 章 3 到 6 節，還有《出埃及記》19 到 20 章裡的顯現。這些事件有哪些相似的地方？又有哪些不同的地方呢？
"
"168","又一個耶和華的日子即將到來。這代表著，所有與耶和華敵對的國家，將會面臨一種彷彿創造被撤銷般的荒涼景象。

要記得，聖經裡提到的耶和華的日子，並不單單指特定的一天或一個時代，而是指上帝揭露並徹底消除邪惡的任何時刻。對於受到壓迫、以及信靠耶和華的人來說，這是個好日子。但對於那些依靠邪惡、甚至利用邪惡來為自己謀利的人來說，這將會是非常難熬的一天。

非利士人那些宏偉的石頭城鎮崩塌成了瓦礫；雜草扼殺了摩押金黃色麥田裡的農作物；亞捫原本肥沃的土地乾癟成了佈滿鹽巴的荒地；野生的食腐動物在亞述宮殿的廢墟裡鑽洞。這些讓人感到窒息與死亡的震撼畫面，再一次描繪了當人與賜生命的主耶和華斷絕關係時，會發生什麼樣的後果。

如果這些預言聽起來有點耳熟，那是因為其中有幾個國家，也曾經受到先知阿摩司類似的嚴厲警告。

在今天的經文中，西番雅向南國猶大發出的警告，和阿摩司在一百多年前對北國以色列發出的警告一模一樣：以色列人哪，如果你們跟著周圍那些暴力、拜偶像的鄰國有樣學樣，你們也將會面臨和他們一樣的下場。

當耶和華的日子來到時，猶大的房屋將會倒塌，耶路撒冷上空的天色將會變黑。這是一場上帝神聖的煉淨行動，彷彿讓整個地球沐浴在烈火之中，要燒盡一切邪惡，好恢復最初的良善。

然而，這場彷彿世界末日般的惡夢卻迎來了轉折。耶和華的烈火並沒有毀滅所有非以色列的國家，反而潔淨了以色列本身，將百姓改變成一個合一的大家庭。耶和華的日子所帶來的強烈震撼，或許曾讓他們驚嚇到說不出話來，但現在，這世界卻迴盪著自然湧出的詩歌。忠心的餘民大聲唱出他們對上帝的讚美，而耶和華也以歌聲回應，表達出祂對自己子民的無比喜悅。

邀請你觀看影片，進一步了解西番雅書中，上帝那充滿熱情的公義與慈愛。

反思問題

1. 請仔細看看西番雅書卷開頭提到的家譜。你有認出他的哪一位祖先嗎？你認為西番雅的家世背景，可能會對他傳遞的先知信息帶來什麼影響呢？

2. 在聖經的其他地方，你還曾看過上帝用火來潔淨某個人的嘴唇嗎？如果需要提示，可以翻回以賽亞書第六章。這個經文之間的超連結，如何幫助你理解上帝在西番雅書三章9節所給的應許呢？
"
"169","到目前為止，我們讀到的十二先知書裡，大多數先知都是在以色列人被擄之前發出預言，苦苦勸告百姓趁還來得及的時候趕快悔改。可惜，這並沒有發生。

以色列人已經太習慣腐敗和邪惡了，他們覺得這很正常，甚至覺得這樣做能帶來好處。他們遠離了上帝那信實慈愛和賜福的甜美，以至於連邪惡的苦澀，在他們嚐起來都像是蜂蜜一樣。他們心想，既然現在這樣過得挺好的，為什麼要改變呢？

哈該書的背景，大約是在猶大國滅亡七十年後，被擄的時期即將結束。這時候，另一個超級強國波斯已經打敗了巴比倫，統治了整個地區。

在波斯王古列的統治下，以色列人被允許平安地踏上歸途，還獲得了回鄉所需的物資。這是個好消息，對吧？不過，情況並不完全是這樣。

七十年的被擄生活，或許讓百姓變得謙卑了一些，但這並沒有治好他們內心剛硬和以自我為中心的老毛病。這些被擄歸回的百姓，原本應該要重建耶路撒冷的聖殿。可是工程才開始沒多久，他們就停下了修復上帝聖殿的腳步，把時間全都花在整修自己的房子上。

結果是可想而知的：人們枯萎的葡萄藤上只結出酸葡萄，無花果樹的葉子被病蟲害烤焦了。麥子播種在乾裂的田地裡，完全發不出芽來。周圍到處都是死亡和凋零的景象。

因此，哈該就像很久以前的摩西一樣，把他那個世代的人帶到一個選擇面前：他們要跟隨耶和華，好在這塊土地上經歷上帝的賜福嗎？還是要再次走上那條通往毀滅的老路呢？

請觀看這段影片，一起來了解在哈該書中，耶和華如何呼召人選擇生命之路。

反思問題

1. 你能想到聖經故事中，還有哪個角色把在耶路撒冷建造自己的王宮，看得比建造耶和華的聖殿更重要嗎？後來發生了什麼事？這個聖經中前後呼應的設計，揭示了這些歸回百姓怎樣的心態呢？

2. 請複習申命記28章22到40節裡關於違背聖約的咒詛。在今天的經文中，你在哪裡看到這些歸回的百姓，正在經歷離棄耶和華的後果？
"
"170","有時候，那些超震撼的信息，換個你想不到的角度來傳，效果反而更好喔！就像美國詩人艾米莉．狄金森說過的：「說出全部的真理，但要換個角度來說。」

今天經文裡的「換個角度」，就像是邀我們坐上雲霄飛車，衝進先知撒迦利亞那超奇幻的異象裡。大家繫好安全帶喔，因為這些夢境絕對超乎想像！你看，有天上的騎兵？還有管子從橄欖樹引出金色的油來點燃燈臺，然後燈臺的光竟然反過來滋養這些產油的樹？甚至還有一個女人坐在飛行的籃子裡，被長著鸛鳥翅膀的使者載著在天上飛？別說我們了，連撒迦利亞自己都看得一頭霧水啦。

不過，就像你等一下在影片裡會看到的，這些看似瘋狂的畫面，其實大有用心喔。在這些奇異的符號背後，藏著一個很清楚又緊急的信息，這正是撒迦利亞當時的聽眾超需要聽到的。就像哈該一樣，撒迦利亞是對著那些從被擄之地回來的百姓說預言。他們經歷了七十年的壓迫後，早就累癱了，看著殘破不堪的家園更是覺得超灰心。原本對上帝國度抱著的美好期待，正一點一滴被現實消磨，變成了滿肚子的牢騷和冷嘲熱諷。

這時候，撒迦利亞站了出來，提醒這群夢想破滅的百姓，千萬不要忘了他們當初的呼召，並且重申上帝那信實可靠的應許——上帝一定會幫他們活出這個使命。

邀請你來看看今天的影片，進一步了解在《撒迦利亞書》裡，上帝是怎麼用這種超驚奇又充滿轉折的方式，來傳達祂的真理喔。

反思問題

1. 今天的經文把撒迦利亞時代的大祭司約書亞，還有大衛的王位繼承人所羅巴伯，都描繪成將來那位彌賽亞君王的象徵。從撒迦利亞的這些異象裡，你對這位未來的君王有了什麼新的認識呢？

2. 請回顧《列王紀上》4章20-25節，還有《彌迦書》4章1-5節。這兩段經文怎麼幫你更深地明白，《撒迦利亞書》3章10節裡上帝所賜下應許的含義呢？
"
"171","小心喔！如果你一邊禁食不吃東西，一邊卻繼續不公平地對待別人，那你可能會被長著鸛鳥翅膀的婦女抓走呢。

在今天的經文裡，以色列人來問，他們是不是該繼續禁食？這是他們被擄流亡的時候，每年為了表達悲傷所保持的習慣。但撒迦利亞卻說，他們完全搞錯了禁食的重點啦。他們為失去家園而哀痛，這很合理，可是他們卻沒有停止去做那些一開始害他們被趕出家園的壞事。

在被擄之前，他們自私地欺壓弱勢和窮人，享受著剝削來的成果。而現在，他們自私地禁食，也不是因為心裡真的謙卑或悔改，只是單純想要換取更好的生活罷了。

上帝根本不想要那種假裝出來的謙卑，或是空洞的宗教儀式。相反地，上帝呼召他的子民，要把行出公義當作一場豐盛的筵席。先知說，要讓自己對正直產生好胃口，對公義充滿渴望。要對法庭上的賄賂和貪污嗤之以鼻；要真心期盼你的鄰居得著好處，而不是看到他們倒霉就流口水。還要確保窮人和弱勢的人，在你的餐桌上永遠有一個位子。

上帝應許，那些飢渴慕義的以色列人，最終將會來到一場蒙福的宴席。沉甸甸又甜美的葡萄串，將會掛滿葡萄藤；閃亮的露水會停在無花果樹充滿光澤的樹頂上；金黃色的麥子也會在田裡長出濃密又茂盛的一排排。

那些仍然散居在世界各地的被擄之民，將會像水流一樣湧回家園。白髮蒼蒼的老奶奶們會坐在家門口的前廊曬太陽，看著她們的曾孫在街上開心玩耍。

百姓很想知道：上帝的國度為我們準備好了嗎？但撒迦利亞告訴他們，完全搞反了啦。真正的問題是：你是不是已經真實經歷了上帝的恩典，並願意倚靠聖靈活出上帝國度的公義，結出充滿美麗與豐盛生命的果子呢？

反思問題

1. 比較《撒迦利亞書》7章與《以賽亞書》58章。你注意到哪些相似的地方呢？這兩段經文告訴我們，上帝渴望他的子民進行什麼樣的禁食？

2. 回顧《哈該書》1章5到11節和2章15到19節。在《撒迦利亞書》8章中，你在哪裡看到這些因為不順服而帶來的咒詛，已經被上帝的祝福給扭轉了呢？
"
"172","經歷了一趟像雲霄飛車一樣的閱讀旅程，我們看過了獸角、騎士，還有神聖的潔淨儀式，現在，你終於來到撒迦利亞那充滿戲劇性、又讓人眼花撩亂的夢境結尾了。不過，請先別急著解開安全帶喔。

在今天的進度裡，撒迦利亞用更多充滿象徵的畫面，來為他的先知信息畫下句點。而這一次，他看見的是未來那個屬於彌賽亞的國度。

撒迦利亞書的結尾主要分成兩個部分。在第一部分，撒迦利亞描述了那位即將到來的彌賽亞君王。這位統治者讓人覺得熟悉，卻又出乎意料。他像一位凱旋的征服者一樣進入耶路撒冷，但他騎的不是威風凜凜的戰馬，而是一匹謙卑的小驢駒。他像好牧人一樣帶領以色列百姓，卻被自己那群心懷不滿的羊群給拒絕了。於是，耶和華就任憑這群固執的羊群去得著他們想要的：他們放棄了好牧人溫柔的看顧，換來的卻是貪婪仇敵的轄制。

在今天經文的後半段，撒迦利亞把目光轉向了耶和華的日子。到那一天，耶和華會將悔改的靈大大澆灌在這片土地上，引導祂的子民回轉歸向祂。那將會是一道強大的泉源，洗去這片土地上長年累積的不公義與污穢。那也會是一場烈火，要把百姓煉淨成為閃亮的精金，帶著公義的光芒，在每一個角落揭發並且對抗所有的邪惡。

鼓勵你點擊觀看今天的影片，來多了解一些，這個我們所熟悉的世界，將會在耶和華的日子面臨什麼樣的終局。

反思問題

1. 請默想馬太福音裡，關於耶穌榮耀進城的故事。馬太在那裡引用了撒迦利亞書九章9到10節（可以參考馬太福音二十一章1到11節）。撒迦利亞書的上下文，如何幫助你更深地明白，馬太在這個故事裡對耶穌身分所發出的宣告呢？

2. 耶布斯人是迦南地的一個原住民族群，住在耶路撒冷附近。在約書亞帶領的征服戰役中，他們並沒有被猶大支派趕走（參考士師記一章21節）。後來大衛征服耶路撒冷時，他沒有毀滅耶布斯人，反而將他們併入了猶大支派（可以參考撒母耳記下二十四章16到25節，以及歷代志下三章1節）。耶布斯人的故事，向我們揭示了在耶和華的日子到來時，以革倫以及其他非以色列的城市，將會面臨什麼樣的命運呢？
"
"173","先知們真的超努力想把以色列人從那種麻木的狀態裡搖醒，想讓他們看清楚自己背叛上帝的真相，還有這會帶來多麼可怕的傷害。他們試過各種警告、懇求和禱告，甚至做出一些超誇張的舉動，就是為了要震驚當時的以色列社會。

先知們試著用各種超強烈、像萬花筒一樣充滿末日感的畫面，來形容即將到來的「上帝的日子」。像何西阿就娶了一個不斷跑去找其他情人的妓女，用這種方式來揭露以色列對上帝有多不忠誠；以西結竟然用大便來烤餅；耶利米更是當眾把陶器摔得粉碎；以賽亞甚至在大街上光著身子走來走去。約珥警告大家，未來的毀滅會超級可怕，就像被一大群貪婪的蝗蟲吃光光一樣；阿摩司則是用超憤怒又猛烈的話來警告他們；至於撒迦利亞，他講了超多複雜又充滿象徵意義，有時候聽起來還滿嚇人的夢境。

可是以色列人根本聽不進去任何一個信息。結果呢，事情真的就完全照著先知們預言的發生了。巴比倫人用鎖鏈把以色列人抓走，整個耶路撒冷就在他們背後變成了一片冒著煙的廢墟。當年他們離開黑暗，經歷了超有名的「出埃及」，現在卻整個反過來，變成被趕出美好的應許之地，再次回到黑暗裡，這就是超悲慘的「被擄」。

在希伯來聖經的最後一卷先知書，也就是《瑪拉基書》裡，我們可以看到，就算經歷了那麼多年被擄的痛苦折磨，大家那顆剛硬的心還是冰冷又麻木。以色列人明明一開始就被上帝呼召，要透過祝福全世界來展現上帝的性情；結果他們卻深深陷在長期的自私裡，搞得現在要對他們抱有希望，感覺都變得超不切實際的。沒有任何預言能改變他們的想法；所有失去的一切、可怕的毀滅，再加上被擄整整七十年的歲月，竟然都沒辦法讓他們回轉歸向上帝。

現在就讓我們一起來看看這段影片，看看在《瑪拉基書》裡，上帝最後一次是怎麼嚴厲地責備，想要喚醒祂的子民吧。

反思問題

1. 大家可以回顧一下《利未記》22:17-33裡，上帝對於我們應該獻上什麼樣的祭物給了什麼指示。百姓本來應該獻上什麼樣的動物當作給上帝的禮物呢？但在瑪拉基的時代，百姓和祭司反而做了些什麼誇張的事？

2. 請想一想，瑪拉基是怎麼把「婚姻裡的不忠誠」和「對上帝的不忠誠」連在一起的。在《十二先知書》裡，你還在哪裡看過這個主題呢？從這個主題裡，對於上帝多麼渴望祂的子民能對祂忠誠，你學到了什麼？
"
"174","今天我們要讀完《瑪拉基書》了，這也代表我們完成了希伯來聖經裡的先知書部分喔。恭喜大家！你現在已經讀完整本希伯來聖經的三分之二了。也就是說，在猶太人稱為塔納赫的聖經裡，你已經讀完了代表T的妥拉，也就是律法書，還有代表N的尼維音，也就是先知書了。

《瑪拉基書》的前半段點出了一個我們再熟悉不過的問題，而今天的經文接續了貫穿整部先知書的一個重要主題，那就是先知們對於上帝的日子有著堅定不移的盼望。他們相信，總有一天上帝會親自降臨，對付一切的邪惡，並且復興祂的子民。

瑪拉基警告說，對於那些執迷於不義和拜偶像的人來說，那日子將會像熊熊烈火一樣降臨，燒盡所有邪惡的痕跡。但是對於那些忠心跟隨上帝的人來說，上帝的日子會像春天的太陽那樣升起，那種溫柔的暖意會讓整個世界充滿喜樂與生機。

《瑪拉基書》的結尾預告了未來的日子。到那個時候，上帝會差遣一位新的摩西和一位新的以利亞來復興上帝的子民，並且醫治他們剛硬的心。不過，在百姓期盼這一天到來的同時，瑪拉基也鼓勵他們要將過去銘記在心，要記住上帝的屬性、上帝曾經做過的事和祂的應許，並且永遠不要停止默想聖經裡這個完整連貫的故事。

而這也將帶領我們進入塔納赫的第三個，也就是最後一個部分，代表K的克圖維姆，也就是我們說的聖卷。

反思問題

1. 請比較《瑪拉基書》4章4到6節，這是先知書的結尾，也就是塔納赫的N部分，還有《申命記》34章10到12節，這是妥拉的結尾，也就是塔納赫的T部分。你注意到了哪些相似的地方呢？這些經文之間的超連結，向你展現了希伯來聖經什麼樣的文學設計呢？

2. 請複習《利未記》27章30到33節，還有《民數記》18章21到32節裡有關十一奉獻的律法。這些經文如何幫助你理解，上帝指控以色列人一直搶奪祂的說法呢？
"
"175","歡迎來到舊約的最後衝刺階段！今天我們要進入希伯來聖經的最後一個部分，也就是「聖卷」。這些書卷就像網頁裡的超連結一樣，透過很多巧妙的關聯，進一步發展也擴展了律法書和先知書裡的重要主題。

《詩篇》頭兩篇反覆提到整本舊約聖經的其他部分，主要是為了回答一個問題：一個有福氣、過著美好生活的人，到底是什麼樣子呢？

《詩篇》第1篇告訴我們，美好生活是因為跟上帝還有身邊的人擁有正確的關係而來的。這樣的人能享受豐盛，不是靠著自私或是不公平的手段，而是因為他們日夜思想上帝的律法。大家回想一下，上帝在先知書一開頭的《約書亞記》1章8節，也給過約書亞類似的建議喔！另外，《詩篇》第1篇也帶我們回顧了律法書的開頭。任何反覆思想上帝話語的人，都會像《創世記》2章裡，那棵種在水源充足的花園裡、結滿果實的樹一樣。

接著來到《詩篇》第2篇，我們會學到，當大家願意投靠上帝所膏立的君王時，這種擁有正確關係的美好生活就會實現。對這位君王的描述，呼應了先知書裡非常重要的應許，就像《撒母耳記下》7章，還有《以賽亞書》9章和11章說的那樣。他就是那位大衛後裔中的彌賽亞，他會擊敗列國中的邪惡，把上帝的賜福重新帶回這個世界。

這頭兩篇《詩篇》告訴我們，作者是把整卷《詩篇》當成上帝子民的禱告手冊來編排的。當上帝的子民努力遵守律法書的命令，並且耐心等候彌賽亞國度降臨的時候，就可以去閱讀、背誦，甚至吟唱這些禱告。

接下來，請看看今天的影片，一起去發掘這本充滿詩意的禱告集裡，還有哪些超酷的文學設計吧！

反思問題

1. 請默想《馬太福音》5章3到20節。根據耶穌的說法，是誰在上帝的國度裡過著美好的生活呢？耶穌對聖經有什麼看法？耶穌說的話，可以怎麼幫助你更深體會，在他的國度裡像《詩篇》第1篇那棵樹一樣茂盛，到底是什麼模樣？

2. 請回想一下，你從聖經裡關於樹木和高山的象徵意義中學到了什麼？這兩個主題，可以怎麼幫助你更明白《詩篇》第1篇和第2篇的信息呢？
"
"176","一開始，上帝給了人類一個選擇，這個選擇就擺在兩棵樹之間。他們會選擇吃生命樹的果子，在豐盛的伊甸園裡，倚靠耶和華的智慧來生活嗎？還是他們會選擇吃分別善惡樹的果子，憑著自己的聰明度日，最終走上一條被驅逐與死亡的道路呢？

遺憾的是，人類做出了糟糕的決定，失去了伊甸園的祝福。從此以後，他們面對的生活充滿了乾旱與雜草、刀劍與鎖鍊、汗水與眼淚，最後甚至只剩下拐杖與墳墓。

但是，如果有一條路，能讓我們回到豐盛、繁榮與平安的生活呢？如果即使在伊甸園外這個嚴酷的世界裡，我們也能再次體會到伊甸園的祝福呢？又或者，如果生命樹其實並沒有被深鎖在天使基路伯那把發出火焰的寶劍後面，而是正走在大街上，親切地呼喚著你的名字呢？

讓我們來認識這位「智慧女士」吧！聖經說，對於緊緊抓住她的人來說，她就是一棵生命樹。她的懷裡抱著財富、尊榮與滿滿的祝福，並且毫不保留地，白白送給每一個願意聽從她呼喚的人。只要牽起她的手，她就會帶領你走上生命的道路。

請觀看今天的影片，一起來了解在《箴言》這卷書中，智慧女士如何熱情地邀請我們，活出敬畏耶和華的生命。

反思問題

1. 在今天的經文中，你注意到了哪些與《創世記》1 到 3 章遙相呼應的連結呢？這些關聯如何幫助你更深刻地明白，人類究竟該選擇倚靠上帝的智慧，還是倚靠自己的聰明來生活？

2. 花一點時間，回顧一下《列王紀上》3 章關於所羅門王的故事。這段經文向我們啟示了關於所羅門智慧的哪些重點？在所羅門的故事與今天的經文裡，你發現智慧有哪些共同的特徵呢？
"
"177","大家知道要怎麼體會那種充滿滿足又豐盛的美好生活嗎？答案就是，愛上智慧女士，而且要對她超級忠心喔。智慧是從上帝來的，而上帝創造了全人類。你想想看嘛，還有誰會比創造我們的上帝更了解我們呢？

在今天的閱讀裡，《箴言》裡的父親苦口婆心地勸兒子，要全心全意去追求智慧。要去追尋她，把她緊緊抱在懷裡，永遠不要放手。如果你對智慧女士保持忠心，她就會把生命跟尊榮當作皇冠戴在你的頭上喔。

不過要小心，因為還有另一個人在找你。《箴言》在這裡把婚姻裡的不忠跟信仰上的不忠連結在一起，這也是我們在聖經其他故事裡常常看到的。

就像先知以西結跟何西阿曾經形容以色列人是對婚姻不忠的人一樣，《箴言》裡的父親也警告兒子，千萬不要跟別人的妻子有染，也不要跟愚昧糾纏不清。畢竟，忠心是一件關係到生死的大事。就像今天的影片裡解釋的，再多的錢也沒辦法幫人逃避不忠所帶來的後果。

對智慧的忠心是從心裡開始的。有時候我們會以為，所謂忠心的人，就是那些想法正確或是懂很多真理的人。不過，聖經卻常常給我們看到另一種狀況。以色列人懂得跟相信的真理，比周圍大部分的國家還要多，可是他們心裡渴望的卻是錯的東西。比起看見所有人得到祝福跟平安，他們的心更想要社會地位跟自我滿足，而這最後只會帶來愚昧。

《箴言》的作者把智慧描述成一種包含生活每個層面、需要全身投入的生活方式。讓你的耳朵仔細聽從明智的教導，確保你的嘴唇只說出真理，讓你的腳轉離彎曲的道路，用你的手去醫治，而不是去傷害。要盡心、盡性、盡意、盡力來敬畏上帝，並且逃避任何形式的不忠。

來反思一下這兩個問題吧：

第一，在今天的閱讀中，你注意到有哪些內容連結到了《詩篇》1篇呢？關於智慧的道路，你從這兩段經文裡學到了什麼？

第二，你能想到聖經中其他因為對婚姻不忠而導致死亡的故事嗎？如果你需要一點提示，可以回去看看《撒母耳記下》11章，或是《耶利米書》2章。這些故事如何幫助你明白，今天經文裡為什麼要對不忠發出這麼嚴厲的警告呢？
"
"178","有些邀請，我們會很熱情地答應；但有些邀請，最好直接丟進垃圾桶。今天的經文對比了兩場你可能受邀參加的宴席：一場是淫婦辦的，另一場則是智慧女士準備的。

那淫婦躲在暗處，等著用充滿誘惑的聲音，來埋伏那些毫無防備的過路人。但千萬別聽她那些甜言蜜語，別管什麼香料酒或是灑滿香水的床榻。她桌邊的座位其實是陷阱，端出來的只有羞辱和鎖鏈。只要吃一口她那致命的飯菜，就會直接把你送進墳墓裡去。

相對地，智慧女士則是光明正大地發出邀請。她從城裡最高的地方，向每一個願意聽的人大聲呼喊：「晚餐準備好囉！」所以，坐下來好好享用這份名為明理的豐盛大餐吧，再為自己倒上一大杯的公義。智慧女士的盤子裡，堆滿了能賜給你生命、讓你的骨頭強健的食物。

畢竟，從上帝創造世界的起初，智慧女士就一直在為我們預備這場生命的饗宴。請看看今天的影片，了解在《箴言》8 章裡，智慧是如何從混亂當中建立起秩序的。

反思問題

1. 默想《創世記》1 章的創造故事。你注意到它和今天的經文有哪些相似的地方呢？你從《箴言》8 章學到了什麼新的亮光？這兩段經文如何幫助你明白聖經作者對整個宇宙的看法？

2. 你還在哪裡讀過把命令寫在心上的經文呢？如果需要提示，可以翻到《耶利米書》31 章 31 到 34 節。這個跨書卷的連結，讓你對《箴言》7 章 2 到 3 節有了什麼新的認識？
"
"179","智慧女士已經發出邀請啦，請我們去參加這場美好的生命盛宴。那我們該怎麼回應她的呼喚呢？如果把智慧和對上帝的敬畏，實際用在每天的生活裡，到底會長什麼樣子啊？

今天的讀經進度，會把我們帶到《箴言》的第二個主要部分。這裡收集了幾百句古老的格言和短句，每一句都像是一個小小的生活案例，教我們怎麼把智慧用在現實生活中。大家要記得喔，這些是「箴言式的智慧」，而不是「上帝的應許」。比如說，聖經在《箴言》10章4節下半句提到「手勤的，卻要富足」，這是一個很常見的生活法則，意思就是勤奮本來就比懶惰明智。但這可不是上帝開出的保證書，保證你只要努力工作就一定會賺大錢。

大多數的箴言都是兩個句子配對出現的對句。第二句通常會用某種方式，建立在第一句的基礎上。這兩句話之間的奇妙關係，其實就是想邀請你放慢腳步，好好去默想其中的意義。

舉個例子來說，你可以注意一下《箴言》11章16節的巧妙設計：「恩德的婦女得尊榮；強暴的男子得資財。」這兩句話一開頭，就放了好幾組對比：女性和男性、單數和複數、滿有恩德和手段強暴。當我們仔細默想這些前半段的對比時，就會發現，原來句子最後面的詞彙也是相反的耶！在這句箴言裡，「尊榮」和「資財」呈現了一種強烈的對立關係。

只要我們不把這些生活指引當成上帝的絕對保證，《箴言》確實為我們活出美好的生命，提供了超級寶貴的原則。

一起來反思一下吧

第1題：請從今天的讀經進度裡，挑選一兩句箴言，安靜默想一下它們充滿詩意的設計。你在這兩個句子之間，看到了哪些平行的概念或是強烈的對比呢？像這樣慢慢地、細細品味的閱讀方式，你覺得可能會帶來什麼樣的價值啊？

第2題：請花點時間，重新讀一次《撒母耳記上》2章裡哈拿的禱告之歌。這段經文對於驕傲和謙卑說了些什麼呢？而今天所讀到的箴言，又是怎麼讓聖經對「驕傲」的描繪變得更加生動豐富呢？"
"180","上帝創造萬物，他的心意是要彰顯公義，也就是讓我們與身邊的人、以及我們所居住的土地，都能保持正確的關係。公義能帶來真正的平安，並且把生命的福氣賜給每一個人。

今天的經文有幾句《箴言》，特別探討了公義和正直。從這些智慧的話語中，我們學到，如果要在上帝的世界裡活得有智慧，就必須活出公義。活出公義，意思就是用尊重和慈愛，來對待上帝所創造的整個世界，特別是那些擁有上帝形像的人類。

就像你之前從先知書裡學到的，做錯事的人，最終會讓自己吃苦頭，也會連累別人跟著受苦。我們在《箴言》13 章 21 節，或是 15 章 27 節裡，都能看到這個原則在運作。因為上帝早就把公義的原則，深深編織在整個宇宙運作的規律裡面了。所以，種下罪惡的人，會讓自己的生命遭受虧損。相反地，那些實踐公義，也就是努力與上帝、與他人保持正確關係的人，就更有機會享受到安穩與亨通。

這些都是關於現實世界的一般性原則。我們來看看耶穌，他是歷史上最公義的人，但他卻也承受了極大的痛苦。耶穌的經歷，並不代表《箴言》13 章 21 節所說的「禍患追趕罪人，義人必得善報」這句話是錯的。相反地，這是在提醒我們，《箴言》提供的是一種普遍的智慧原則，而不是絕對的應許。

更重要的是，聖經裡講的公義，帶有一種恢復與醫治的力量。這種公義會主動去尋找那些被欺負、被佔便宜的弱勢群體，並且向他們伸出援手。我們在《箴言》14 章 21 節和 31 節這樣的經文中，就能看到這種帶有恢復力量的公義。

上帝時刻看顧著那些一無所有、處於弱勢，以及被壓迫的人。那些渴望活出敬畏上帝生命的人，也應該效法他的榜樣，去照顧身邊有需要的人。

反思問題

1. 默想《箴言》14 章 25 節。關於《出埃及記》20 章 16 節提到的第九條誡命「不可作假見證陷害人」，你從這句箴言裡學到了什麼呢？

2. 閱讀《申命記》25 章 1 節，以及《撒迦利亞書》7 章 9 到 10 節。這兩段經文，分別如何幫助你更深地理解聖經所說的公義呢？
"
"181","我們平時說的話，其實反映了我們內心真實的光景。我們可以用話語來造就人，也可以用來拆毀人；可以用來掩飾真相，或是炫耀自己。有時候，我們也能選擇保持沉默，安安靜靜地把愚昧藏起來。不過，從今天讀到的箴言來看，這些都還只是冰山一角。就像箴言十八章21節說的：「生死在舌頭的權下」。

充滿智慧的話語帶有極大的建造與醫治能力，能在世界上成就美好的事。真誠又貼心的話，可以讓絕望低頭的人重新抬起頭來；而值得信賴的話語，無論是對君王還是對僕人，都能堅固他們的心。相反地，愚妄的話語就像傳染病一樣，會敗壞人心。殘酷的話會毒害友誼，欺騙的話會引來一連串的謊言，而報復的話語則會像洪水一樣宣洩出敵意，最後甚至演變成各種暴力衝突。

今天的箴言也告訴我們，智慧人會留心聽從真理。那些能說出智慧話語的人，也總是渴望聆聽別人的智慧，因為箴言提醒我們：「智慧人的心教導他的口」。但另一方面，愚妄人對充滿智慧的勸告一點興趣也沒有。他們只喜歡聽那些簡單、順耳的好聽話，或者是把聽八卦當作娛樂。這一句句的箴言，拼湊出了愚妄人的真實樣貌：他們刻意對真理視而不見，卻又喋喋不休地說著毫無意義、甚至會敗壞人的廢話。

當我們回想耶和華神最初的創造，神以祂大能的話語，從無到有創造了生命與一切的美好。我們人類雖然沒有神那種「使無變有」的創造能力，但因為我們是按著神的形像受造的，神賦予了我們的言語極大的影響力，能夠說出帶來生命與美好的話語。當然，因為人心的敗壞，我們也可能選擇做相反的事。箴言裡的智慧提醒我們，人所說的話總有一天會結出果子，不管是甜美的，還是腐爛的；而我們每一次的開口，最終都要向神交帳。

反思問題

1. 請花點時間讀一讀雅各書三章1到12節。雅各在這封信裡，對於話語的力量說了些什麼呢？你在今天的經文當中，有沒有看到哪些教導和雅各的話有異曲同工之妙？

2. 請默想今天讀到的箴言裡，智慧、言語和人際關係之間有什麼樣的關聯。智慧人是如何運用話語，來用心經營充滿生命力的人際關係呢？相對地，愚妄人又是怎麼做的？這兩種截然不同的說話方式，最後會帶來什麼樣的結果呢？
"
"182","君王的憤怒，就像獅子吼叫一樣，會讓人嚇得膽戰心驚。而一個總是愛挑起爭端的配偶，就像壞掉的水龍頭一樣，會一點一滴耗損美好的婚姻。至於靠欺騙手段累積起來的財富，也會像被強風吹散的霧氣一樣，轉眼成空。這些都是我們在今天的讀經進度中，會看到的詩意比喻。

就像你在影片中會學到的，比喻能引導我們運用想像力，甚至帶入情感去體會經文的思想。聖經裡有些比喻，現代讀者憑直覺就能懂。例如，你可能見過大熱天裡霧氣消散的樣子，或是聽過漏水時那種滴答、滴答、讓人心煩的聲音。可是，如果不了解聖經時代的古老背景，其他的比喻就可能會讓我們看了一頭霧水了。

就拿箴言二十一章三十一節來當作例子吧：「馬是為打仗之日預備的；得勝乃在乎耶和華。」對於大多數生活在二十一世紀的人來說，我們通常會把馬跟休閒農場、賽馬場或是馬術表演聯想在一起。所以，要把這些畫面連結起來，並且看出這句箴言背後想表達的基本概念，對我們來說確實有點難度。

不過，在古代的近東地區，軍隊常常把馬匹用在打仗上，那種殺傷力是非常可怕的。你想想看，一匹將近五百公斤重、長滿結實肌肉的戰馬，邁開步伐朝著你狂奔而來，那會是什麼感覺！在古代，由馬匹拉動的戰車，簡直就像是現代的裝甲坦克一樣。因此，當時的讀者一看就會明白，這句箴言是在提醒他們，爭戰要能得勝，靠的是信靠耶和華，而不是人類強大的軍事武力。

也就是說，這些比喻的作用不只是為了增加詩意而已。這些鮮活的畫面，邀請我們從內心深處去真實感受聖經的話語，並且讓上帝的智慧由內而外地塑造我們的生命。

反思問題

1. 請比較箴言二十章二十七節和哥林多前書二章六到十六節。這兩段經文讓我們看出，人的靈與聖靈，和上帝的智慧之間有什麼樣的關聯呢？

2. 請花點時間默想今天讀經進度裡的一兩個比喻。這些具體的畫面，如何幫助你更明白那些比較抽象的概念呢？
"
"183","遇到喜歡欺負人的惡霸時，你會怎麼處理呢？當有人不尊重我們，或是嘲笑我們的時候，我們很容易衝動，想要以牙還牙。有時候為了保護自己，去討好那些惡霸，甚至加入他們那一邊，看起來似乎挺合理的。也有些人加入他們，只是為了耐心等待報復的機會，等著看他們跌倒時，可以指著他們大笑。但我們今天讀到的《箴言》，警告我們千萬不要選擇這些做法。如果我們跟著作惡的人走上偏邪的道路，最終只會讓自己被荊棘絆住。既然「以惡報惡」不是正確的選擇，那到底怎麼做才真正有效呢？

《箴言》帶給我們的智慧，其實是邀請我們進入一種全新的自由。在那種自由裡，我們的心中不再有任何一絲的嫉妒、輕視或怨恨。當我們願意放下報復的念頭，把這一切交給上帝來處理時，我們就能夠真正體會到這種自由。

當你讀到新約聖經時會發現，耶穌更進一步擴充了這個想法。他教導跟隨他的人，要按照上帝對「善與惡」的標準來生活。這需要創造力、智慧，以及單單對上帝的信靠。請看看今天的影片，了解耶穌是如何邀請跟隨他的人，去回應那些不公義的事情。

反思問題

1. 請默想《馬太福音》5 章 38 到 48 節中，耶穌關於「充滿創意的非暴力」以及「愛仇敵」的教導。耶穌吩咐跟隨他的人要愛仇敵，因為上帝也愛他們。想想看，上帝是用哪些方式向所有人施恩典的呢？這又如何激勵我們，去展現不偏待人的愛？

2. 在今天的經文中，你在哪裡看見上帝對弱勢群體的特別關心？這些《箴言》又揭示了「智慧」與「公義」之間有什麼樣的關聯呢？
"
"184","今天的經文給了我們一個很好的示範，教我們該怎麼讀聖經，以及「不該」怎麼讀。假設我們問：「聖經說，當我遇到一個愚昧人的時候該怎麼辦呢？」這簡單。我們翻到箴言26章4節，上面寫著：「不要照愚昧人的愚妄話回答他，恐怕你與他一樣。」聽起來很容易對吧？就是不要理會，免得我們也被捲進愚昧裡面。

可是，緊接著的下一節卻說：「要照愚昧人的愚妄話回答他，免得他自以為有智慧。」這是箴言26章5節。等等，這不是互相矛盾嗎？如果我們帶著剛才的問題來看，的確會覺得矛盾。但其實，聖經並不是在回答我們預設的問題。它是在告訴我們，生活中這兩種情況都會遇到，而且至少有這兩種合理的回應方式。你必須運用智慧來行事。有時候，你需要笑一笑走開，不要被捲入混亂當中；但有些時候，你反而應該勇敢地用真理來對抗愚昧。

這兩節經文的例子，其實就是整本聖經的一個小縮影。聖經通常不會直接回答我們現代人的問題。相反地，聖經邀請我們去細細默想它那些充滿挑戰的故事和教導，就算它們看起來好像不總是能完美地契合在一起。而這兩者之間看似衝突的張力，迫使我們認識到自己的有限。這種想不通的不適感，能幫助我們保持謙卑，並提醒我們要去尋求神律法的精神。

讓我舉個類似的例子：當很多人一起幫忙時，繁重的工作感覺會輕鬆很多，這的確是真的。但在其他情況下，人多反而嘴雜，事情會被搞砸。所以，「人越多越好」並不總是對的。「正確的做法」必須看當時的處境而定。

要讓這些箴言在我們生活中培養出真正的智慧，是需要花時間的，我們需要和別人對話討論，也需要刻意用心思考。但這樣的努力非常值得。箴言告訴我們，智慧的道路會帶來美好的結果，至於愚昧的道路嘛，結果通常不太好。請看看今天的影片，聽聽耶穌對於「如何明智地運用智慧」說了些什麼。

反思問題

1. 花點時間閱讀耶穌在路加福音14章1到14節中，關於驕傲、謙卑和人際關係的教導。在這個情境下，耶穌是如何應用箴言25章6到7節的智慧呢？

2. 回頭看看箴言17章17到18節，這是另一對看起來似乎有些矛盾的句子。在哪些情況下，第一句箴言會反映出比較明智的做法？那在哪些情況下，第二句箴言反而指出了更好的應對方式呢？
"
"185","知道什麼是智慧，跟真正做出有智慧的行為，這中間到底有什麼不一樣啊？我們在《箴言》這本書裡，讀到了好多充滿智慧的句子。這些話常常提醒我們，現代人面對的困難和掙扎，其實跟古代人根本沒什麼兩樣喔。你可以留意一下，作者們是怎麼探討人的思想和意志的。直到今天，我們還是很容易被自己喜歡的，或是心裡渴望的東西牽著鼻子走，而不是被理性的思考引導。所以啦，腦袋裡想著要有智慧很容易，但要在生活裡真正活出智慧，那可就難多了。

《箴言》最後的兩篇詩歌，探討了我們該怎樣在每一天的日子裡，活出充滿智慧的生活。第一篇詩歌描寫了亞古珥，這個人很謙卑地承認自己什麼都不懂，也承認他非常需要上帝的智慧。他發現，上帝的話語可以教導他所有想知道的事喔。在亞古珥身上，我們看到了一個讀《箴言》的最佳榜樣：那就是永遠敞開心房，願意聆聽上帝智慧的人。而《箴言》的第二篇詩歌，則是講述了一位「才德的婦人」的故事。這位婦人把《箴言》裡的智慧化為實際的行動，而且在她所處的時代和環境裡，把上帝的教導完完全全地落實在每天的生活中呢。

你可以特別留意一下，《箴言》的結尾和開頭是怎麼互相呼應的喔。這本書一開頭，是一位父親鼓勵兒子，要去聆聽智慧女士的呼喚；而到了結尾，我們看到一位母親，親自示範給她的兒子看，到底要怎麼像智慧女士那樣去生活。現在，你可以去看看影片，複習一下你學到了什麼，看看要怎麼在上帝創造的美好世界裡，好好地生活吧。

反思問題

1. 請把《箴言》和《申命記》30章11到16節拿來做個比較。你有沒有注意到，這兩段經文裡有哪些共同的字眼呢？這兩段經文互相呼應的關係，揭示了上帝的教導和上帝的智慧之間，有什麼樣的關聯啊？

2. 「才德的婦人」這個稱呼，在整本聖經裡，除了《箴言》以外只出現過一次喔。那是在《路得記》3章11節，當波阿斯看到路得對婆婆拿俄米那種勇敢又忠誠的愛時，他就是用這個詞來稱讚路得的。請花一點時間，安靜默想路得的故事。你從路得的生命中，在哪裡看到了上帝智慧的展現呢？你覺得路得和《箴言》31章裡那位才德的婦人，有哪些相似的地方呀？
"
"186","《箴言》裡有許多智慧的話語，都在告訴我們一分耕耘，一分收穫。有責任感又勤奮的人，日子通常過得不錯；而愚昧懶惰的人，往往會陷入貧困。大致上來說，這很有道理，但這只在環境平順的時候才成立。如果這個世界充滿了不公不義，又會發生什麼事呢？你可能很認真工作，聰明地存錢和花錢，最後卻還是一無所有、滿心痛苦；反而那些邪惡不敬虔的人，卻囤積了大量的財富。如果遇到這種情況，我們該怎麼辦呢？

這時候，讓我們來看看《約伯記》。如果用《箴言》裡的智慧來衡量，約伯做對了每一件事。他的生活就是勤奮、正直和敬畏耶和華的最佳榜樣。他的家庭充滿了豐盛、平安與上帝的賜福。《箴言》裡的智慧法則，原本在約伯身上非常管用，直到有一天，這一切突然全變了樣。

就在眨眼之間，不公義與暴力把約伯原本繁榮的家園，燒成了一堆灰燼。失去親人的巨大悲痛，將他徹底擊垮，成了一個破碎的人，只能拿著破瓦片，刮著自己身上流膿的毒瘡。在一個由良善的上帝所創造的世界裡，怎麼會發生這樣的事呢？在整卷書的大部分篇幅裡，約伯和他的朋友們用激烈的詩歌辯論，不斷地和這個難題摔跤。約伯始終沒有得到一個直接的答案，我們也沒有。苦難的複雜與深奧，直到今天依然存在。

請觀看這段影片，一起來了解在《約伯記》中，上帝如何以出人意料的方式，來回應苦難的問題。

反思問題

1. 當你閱讀《約伯記》的開場時，請默想一下《創世記》1 到 3 章中所帶出的聖經核心主題。約伯和亞當是在什麼樣的處境下，面臨了對上帝忠誠的考驗？仇敵是如何試圖破壞他們的忠心？這兩人的妻子分別扮演了什麼角色？約伯和亞當又是如何回應這場考驗的？最後的結果又是什麼呢？

2. 請比較《約伯記》2 章 7 節和《申命記》28 章 35 節。你注意到了什麼？約伯是一個無辜的非以色列人，卻遭受了律法書中違背聖約的咒詛，你認為這背後有什麼深遠的意義呢？
"
"187","在嚇到說不出話整整七天之後，約伯的朋友們總算從眼前的慘劇中回過神來，打破了沉默。以利法、比勒達還有瑣法開始了像詩歌一樣的辯論，而這些對話也成了這卷書大部分的內容。他們三個人心裡都有個共同的想法，那就是上帝是按照超級嚴格的公義原則來管理這個世界的。簡單來說啦，如果你敬畏上帝，你就會得到獎賞；但如果你不敬畏上帝，你就會被懲罰。所以囉，朋友們得出一個結論：唯一能解釋約伯為什麼受苦的原因，就是約伯自己犯了罪啦。

約伯的每一個朋友，都用了稍微不一樣的角度來解釋這個邏輯。第一個講話的朋友以利法，試著從比較正面的角度來看這件事，他說：「你的敬畏難道不是你的倚靠嗎？你的純全難道不是你的盼望嗎？」以利法的意思是說，如果約伯真的相信自己是無辜的，那他就有理由繼續抱著希望。因為上帝最後一定會把約伯應得的還給他，讓他回到「沙龍」，也就是平安的狀態。就像你在影片裡會學到的，這個希伯來文詞彙不只是說沒有戰爭的和平喔，它還包含了生命完整、平平安安而且超級興旺的意思。

不過呢，以利法講的這些話，完全沒有安慰到約伯。約伯很堅持自己根本沒有做什麼壞事，根本不該承受現在這些苦難。所以約伯就想出了一個結論：要嘛就是上帝沒有按照公義來管理世界，要嘛，就是上帝自己本身根本就不公義。

在《約伯記》接下來的大部分內容裡，約伯和他的朋友們會在很漫長，而且越來越激烈的詩歌對話裡一直鬼打牆，拚命為自己的立場辯護。這也讓看書的我們忍不住想問：到底誰對智慧還有上帝的認識才是對的啊？

反思問題

1. 請你想一想《申命記》28-30章，摩西對以色列人最後說的話。摩西說，如果以色列人聽上帝的話，會發生什麼事呢？那如果他們不聽話，又會發生什麼事？到目前為止，約伯的故事是怎麼讓摩西提到的神學變得更複雜的呢？

2. 請你比較一下《約伯記》7章17-19節，還有《詩篇》8篇。寫詩的人對於上帝細心照顧人類這件事，到底說了些什麼？對於同樣是來自上帝的關注，你有沒有注意到約伯的反應有什麼特別的地方？
"
"188","今天的進度換約伯的第二位朋友比勒達上場了，他也展開了一場屬於自己的神學辯論。比勒達的想法其實跟以利法差不多，他覺得上帝絕對公平，而且用那種超簡單的「善有善報、惡有惡報」的原則在管這個世界。他完全相信好人一定會有好報，做壞事的人絕對會自食惡果。

之前以利法還會把這套邏輯包裝成鼓勵的話，但比勒達講話可就沒在客氣了。他直接斷定約伯的小孩會死，絕對是因為他們罪有應得。比勒達甚至問：「上帝怎麼可能不公平？」他居然拿約伯兒女的慘狀來警告這個已經心碎的爸爸。感覺就像約伯的小孩被判了死刑，而約伯現在只是勉強撿回一命。比勒達覺得如果約伯真的是清白的，上帝一定會讓他恢復原狀，但這句話聽起來根本就是在警告。他要約伯好好捫心自問，是不是自己也犯了跟小孩一樣的錯。

面對這種指控，約伯根本吞不下去，他堅持自己真的是清白的。他心裡很清楚，只用「上帝是公平的」這種簡單道理，根本沒辦法解釋他現在到底在受什麼苦，因為現實情況真的複雜太多了。約伯超心碎地感嘆說，如果上帝早就決定要定他的罪，那他再怎麼替自己辯護又有什麼用呢？

雖然約伯好像已經放棄能得到公平審判的希望了，但他還是繼續在禱告裡，向上帝大吐苦水、說出心裡的不平。他說：「你的手創造了我，造了我的全身上下，你現在卻要毀滅我嗎？」

反思問題

仔細看看比勒達講話時用的比喻，你想得到聖經裡還有哪段經文，也是用吸飽水的植物跟被風吹散的枯草，來對比好人跟壞人嗎？（需要提示的話可以去翻《詩篇》1篇喔）這種把不同經文連在一起看的方式，有沒有讓你對比勒達的想法產生什麼新發現呢？

想一想《約伯記》10章8到9節，在聖經的其他地方，你還有在哪裡看過上帝像捏陶土一樣創造人類的畫面嗎？（可以去翻《創世記》2章找提示）像這樣把經文連起來看，怎麼幫助你去體會約伯在今天的進度中，到底是用什麼眼光在看生命和死亡呢？
"
"189","有什麼比聽到爛建議更讓人崩潰的嗎？那就是連續三次聽到同樣的爛建議！在今天的進度裡，我們遇到了約伯的第三個朋友瑣法。他們幾個朋友對於苦難、報應還有上帝的公義，本來就有很多刻板印象，結果瑣法把這些想法扭曲得更誇張，聽起來也更殘忍了。

之前以利法看到約伯堅信自己是無辜的，還試著往好的方面想，想給約伯一點希望；比勒達至少也覺得約伯有一丁點可能是無辜的。但是瑣法卻一口咬定約伯絕對不可能是清白的。對瑣法來說，約伯現在受這麼多苦，就是因為上帝為了懲罰他犯的罪所降下的公正審判，根本就是鐵證如山啊。就像經文說的：「祂本知道虛謊的人；祂看見罪孽，豈不留意嗎？」

在瑣法眼裡，約伯唯一的辦法就是趕快悔改。他受的這些苦就證明了他一定做了什麼超級可怕的壞事，所以約伯現在只能苦苦哀求上帝可憐他。唉，大家想像一下，約伯心裡該有多無助、多覺得被誤會啊！他最要好的朋友們，面對生命裡這麼複雜的難題，竟然選了最簡單粗暴的答案，而且還是在約伯最痛苦的時候說出這種話，真的很傷人。

其實瑣法心裡有一個假設，他覺得既然上帝是用公義來管理這個世界，那日子過得順利平安的人肯定都在做好事，而那些窮困受苦的人一定都在做壞事。換句話說，你可以從一個人有沒有錢、日子過得好不好，來判斷他這個人好不好。所以當一個人受苦或者大富大貴的時候，你就可以一口咬定這些都是他們應得的報應。

當瑣法只看約伯的遭遇就定他的罪，說他是個壞人的時候，瑣法其實是把自己的想法當成了來自上帝的絕對真理。這真的是一個超危險的假設，而這也正是耶穌警告跟隨祂的人絕對要避免的事喔。

歡迎大家來看今天的影片，看完你就會更明白，為什麼耶穌教導跟隨祂的人千萬不要像瑣法一樣啦。

反思問題

1. 想一想《馬太福音》7章1到5節。當我們心裡有一股衝動想要批評或論斷別人的時候，耶穌鼓勵我們轉而去做的兩件事是什麼呢？

2. 回顧一下《利未記》19章15節。這節經文對於偏袒是怎麼說的呢？這條律法又怎麼幫助你理解，約伯在《約伯記》13章6到12節對朋友們的回應呢？
"
"190","在第一回合結束的時候，約伯和朋友們的神學衝突還是沒有解開。今天我們要進入第二回合，這一次大家都沒在客氣的喔！

以利法對約伯刺耳的回答覺得很不是滋味，決定把話說得更白一點。他覺得約伯以為自己是誰啊？說起話來好像全世界只有他最聰明，但其實根本是滿嘴空話。大家都覺得，那些對上帝發脾氣的人一定會被火焰和黑暗吞滅。但是大家想想看，約伯真的是在對上帝發脾氣嗎？還是說，他其實問出了一些很棒的問題呢？

讓我們回想一下《創世記》32章22到30節的故事。「以色列」這個名字的意思是「與上帝摔跤」，當雅各與上帝搏鬥並且得勝之後，上帝就把這個名字賜給了他。其實，身為上帝子民的真實身分，就包含了要誠實去面對生命中最困難的問題，並且勇敢地與這些問題摔跤，而不是只會套用一些聽起來很屬靈卻太過簡單的答案喔！

接著換比勒達對著約伯發飆了，他說，你為什麼把我們當作笨牛一樣來說教啊？你難道不知道惡人會有什麼下場嗎？大火會吞噬他們的家園，恐懼會緊跟著他們的腳步，災難還會剝掉他們的皮、啃食他們的骨頭呢。

這真的是再明顯不過了。

雖然比勒達在這段讓人毛骨悚然的長篇大論裡面，沒有直接說約伯就是那個惡人，但他暗指的警告卻非常明顯：管好你的嘴吧，約伯，你聽起來已經跟惡人沒什麼兩樣了。

不過約伯對這兩個人的回應還是沒有改變。他說，上帝無緣無故地把我的生活撕成碎片，讓我歸於塵土，然後你們這些人，我所謂的好朋友，居然還來對我說教、責備我，說這滿身流膿的毒瘡是我自己造成的，甚至把我全家人的死都怪在我頭上？

約伯朋友們的話不僅充滿誤導，也完全沒有顧及他的感受，更是對他造成了二次傷害。即使朋友們有些觀點聽起來是對的，但因為他們缺乏全面的智慧，又在非常不恰當的時機開口，這讓他們的話不但一點幫助都沒有，反而還帶來更大的反效果。

出於好意的話，如果在錯誤的時機說出口，造成的傷害往往比帶來的好處還要大。真正的智慧不僅僅是丟出幾句脫離情境的簡單大道理而已，智慧會引導我們在某些時候謹慎地對話，而在其他時候則是耐心、謙卑地傾聽。請大家看一段影片，我們一起向耶穌學習要如何有智慧地開口，以及什麼時候該保持沉默吧。

反思問題

1. 請花一點時間複習《創世記》4章1到12節裡，該隱和亞伯的故事。亞伯無辜的血在那個故事裡扮演了什麼樣的角色呢？這又如何幫助你理解，約伯在《約伯記》16章18到21節中，關於他自己流血的那些感嘆呢？

2. 耶穌曾經勸大家不要把「珍珠丟在豬前」。你會怎麼形容，祂透過這個比喻想要傳達給我們的智慧呢？
"
"191","接下來輪到瑣法想來糾正約伯了。約伯之前說的話讓瑣法超生氣，他簡直就像擠過人群，一把搶走麥克風一樣，這次他想要好好地炮轟約伯一頓。

就像比勒達那樣，瑣法也發表了一篇長篇大論，講那些壞人的下場有多可怕。不過，比勒達只是大概講一下邪惡跟詭計，瑣法心裡想的卻是一種很具體的罪。

他感覺就像在說：「約伯啊，你知道那些欺負窮人的人會有什麼下場嗎？他們做壞事得到好處，一開始吃起來覺得甜甜的，可是吞下肚以後，卻會在胃裡發酸，直到他們把每一分不義之財全都吐出來。這聽起來，不就像是發生在你身上的事嗎？所以，會不會問題其實出在你身上呢？」

到了以利法第三次發言的時候，他把瑣法暗示的事情說得更直白。他說：「聽著，約伯，大家都知道你受苦是因為你犯了罪。如果你不是壞人，這些災禍根本就不會發生。」

可是，約伯沒辦法接受這種把問題講得太簡單的說法。他反駁說：「你們一口咬定這是我應得的報應，覺得這證明了我做錯事。那世界上那些沒有得到報應的人，又要怎麼解釋呢？反過來看，那些殺人犯或暴君，為什麼反而得到他們根本不配擁有的權力跟財富呢？」

約伯的問題，其實是在邀請他的三個朋友，也是在邀請我們每個人，去誠實面對這世界上到處都有的不公義，並且在當中掙扎反思。當身邊的人都認定所有的苦難都是上帝懲罰的時候，我們要怎麼跟他們好好相處呢？更進一步來說，如果這不是上帝的懲罰，那約伯為什麼還要受苦呢？

約伯的故事之所以讓人這麼難忘，是因為它講中了我們全人類共同的經驗，也就是我們都曾在苦難跟罪惡的問題中掙扎過。良善的上帝，怎麼會創造出一個充滿這麼多壞事的世界呢？

反思問題

1. 仔細讀一下《約伯記》20章6節。你能想到聖經裡還有哪裡提到，人的驕傲高到天上的故事嗎？如果你需要提示，可以翻到《創世記》11章或《耶利米書》51章。瑣法說這句話的時候，其實是在呼應聖經裡的哪個主題呢？你覺得為什麼瑣法要在他的話裡面，把這些故事連結起來呢？

2. 請把《約伯記》21章22到26節，跟《傳道書》2章14到17節拿來比較一下。你覺得這兩段經文有什麼共同的主題呢？關於約伯在他話裡面講到的虛空，《傳道書》2章又給了你什麼樣的啟發呢？
"
"192","經過將近30章那種超有詩意的激烈辯論，約伯和朋友們的對話真的快聊不下去了。比勒達最後的發言只有短短5節經文，這可是整卷書裡面最短的一章喔。而瑣法甚至連第三次發言都放棄了。很明顯他已經完全詞窮，根本不知道還能擠出什麼話來了。

可是約伯還是滔滔不絕一直講！他用超犀利的諷刺，直接戳破比勒達那些聽起來很虛的哲學大道理。接著，他還發表了一段讚美上帝大能的超美詩歌，讓比勒達那些微不足道的陳腔濫調整個無地自容，超級尷尬。

約伯的態度就像是在說，大家聽好啦，上帝的確是全能的創造主和審判者，祂鋪張穹蒼，用狂暴的東風把壞人通通抖掉，但說真的，這一切根本沒有解決我現在受苦的難題啊。上帝擁有絕對的主權，這點絕對沒錯。上帝是無所不能的，這我也認同。我一直都很相信並且跟隨上帝，可是我的家人卻死了，我的家被燒成灰燼，連我的身體都被疾病折磨得超痛苦，這些全都是鐵一般的事實啊。拜託，上帝啊，求祢讓這一切看起來稍微合理一點好嗎。

《約伯記》28章就像是一段中場插曲，把這場辯論直接拉回現實的考驗裡。人類確實很聰明沒錯，能透過觀察和理智來探索並理解這個世界；但是，那種真正明白萬事萬物到底怎麼運作、還有事情為什麼會發生的神聖智慧，卻是單單從上帝那裡來的。我們人類只有透過認識上帝，才能找到真正的智慧喔。這個結論一出來，其實也等於同時打臉了辯論的雙方。

一方面，約伯朋友們的觀念是覺得，這個世界就是按照超嚴格的因果報應在轉的，既然約伯這麼慘，就代表他一定做了什麼壞事需要受罰。但這個想法其實錯很大啦。上帝的公義是和祂無限的智慧一起運作的，那是一種充滿活力、而且針對每個人不同處境的作為，才不是什麼死板又抽象的法律條文咧。

另一方面，約伯則是認定上帝本身一定很不公平，或者至少對這世界上的不公不義漠不關心、無能為力，不然就是心胸狹窄。不管怎麼想，最簡單的答案就是把一切都怪給上帝就對了。但這種想法同樣也是大錯特錯喔，因為上帝要拔除並最終消滅所有罪惡的方法，可能需要超長的時間，這背後的複雜程度，早就遠遠超過約伯單憑自己的觀察和推理可以看透的範圍了。

反思問題

1. 請比較《約伯記》28章跟《箴言》8章。你有注意到哪些相似的地方嗎？這兩段經文對於智慧跟創造之間的關聯，到底教導了我們什麼呢？

2. 請花一點時間默想《詩篇》37篇，看看詩人是怎麼用詩歌來探討這個超難的問題：當世界變得超級不講理、當邪惡好像佔了上風的時候，我們該怎麼辦？你會怎麼用自己的話，來重新描述詩人給我們的指引呢？
"
"193","滿身是疤、面容憔悴的約伯，最後一次站上證人席，為自己辯護。在昨天的經文裡，他發誓即使到死，也要為自己伸冤，而今天，我們就要來讀他的辯白。

約伯真的是悲痛欲絕。他的朋友用那種自以為是、卻完全偏離常理的道德標準來打擊他。所以，約伯要怎麼捍衛自己的清白呢？竟然是用詩歌！就像你在影片中會看到的，詩歌是一種語言藝術，能激發我們的想像力。今天的經文充滿了一層又一層的比喻，邀請我們放慢腳步，耐心地默想。或許，作者選擇用詩歌，不只是想交代事情的經過，更是希望我們能親身體會約伯內心那種緊繃與煎熬。

約伯一直把公義和公平當作自己的外衣，上帝怎麼會把這麼可怕的苦難，降在這樣的一個人身上呢？約伯甚至連別人的妻子都不曾多看一眼。他也從來沒有敬拜過星辰或任何偶像。甚至當他看到仇敵遭逢厄運的時候，他也絕對不幸災樂禍，或是露出輕蔑的態度。

約伯也堅稱，他從來沒有欺壓、甚至沒有忽略過窮人。當他從田裡收割麥子的時候，他會為飢餓的孤兒烤麵包；當他為羊群剪羊毛的時候，他會為冷得發抖的寡婦做大衣。他一直盡心盡力照著上帝的心意生活，那現在到底為什麼會落得這種下場呢？

約伯彷彿在自己的辯護狀上簽了名，然後重重地拍在法庭的桌子上，大喊：「願全能者回答我！」

上帝，又會怎麼回應他呢？

反思問題

1. 請花一點時間默想《約伯記》29 章 6 節。你能想到聖經裡還有哪一個故事，是提到能帶來生命的泉水從磐石裡湧流出來嗎？如果需要提示，你可以翻到《出埃及記》17 章 1 到 6 節，或者是《民數記》20 章 1 到 13 節。聖經作者透過這些故事的互相呼應，可能是想告訴我們關於上帝供應的什麼信息呢？

2. 聖經的作者常常用對句，也就是上下呼應的句子來創作詩歌，邀請我們慢慢默想。就拿約伯結案陳詞的第一句來舉例吧：「惟願我的景況如從前的月份，如上帝保守我的日子！」在第一句裡，約伯表達了他對過去的渴望；直到第二句，我們才明白約伯為什麼那麼懷念過去，因為那時候，有上帝的保護和供應。當你讀完約伯最後的這段話時，請選出一個讓你特別有感觸的對句。安靜默想這兩句話是怎麼互相搭配的。你觀察到了什麼呢？"
"194","這真是一場完全沒有交集的爭論啊！約伯的三個朋友一口咬定，約伯受苦是罪有應得，因為他絕對是做了什麼壞事。但約伯堅稱根本沒這回事，一直強調自己是清白的。朋友們說服不了約伯，約伯也改變不了朋友的想法。最後大家只好陷入沉默。

不過，這場辯論還沒完喔！有個叫以利戶的年輕人，一直都在旁邊默默觀察。他看到長輩們居然沒辦法讓約伯明白道理，心裡覺得超氣，於是就換他上場啦！

跟那三個朋友不一樣，以利戶不覺得約伯受苦是因為以前犯了錯。在他看來，苦難就像是上帝用來鍛鍊我們品格的工具。就像經文說的：「看哪，上帝兩次、三次與人行這一切的事，為要從深坑救回人的性命，使他被活人的光照耀。」你可以注意到，上帝這樣做的目的，其實是為了幫人重新回到生命的光中。

雖然以利戶和那三個朋友，對於上帝為什麼允許苦難發生的看法不一樣，但對於上帝是怎麼管理這個宇宙，他們可是有著一模一樣的核心想法喔！以利戶相信，當驕傲的人自高自大的時候，上帝會把他們打倒；當窮人呼求幫助時，上帝會親自出馬來救他們——就像今天的影片解釋的，這是聖經故事裡一直出現的超重要主題。同樣的，當暴君想要奪權上位時，上帝也會把他們從寶座上趕下來。

對以利戶來說，受苦這件事，一定得套進一個簡單的公式裡。但是，上帝真的是用這種方式來建立這個世界的嗎？

反思問題

1. 請注意，今天讀到的第一節經文，形容約伯是「自以為義」的。在聖經故事的其他地方，你還在哪裡看過有人做自己眼中看為對、或是覺得好的事呢？（如果需要提示，可以去看看《創世記》3章。）當時發生了什麼事啊？這個跨經文的「超連結」，讓我們看出來約伯在這個故事階段，他跟上帝的智慧之間到底是什麼關係呢？

2. 請比較《約伯記》34章8-9節和《詩篇》1章1節。你注意到了什麼？聖經作者可能是想透過這個「超連結」告訴我們什麼呢？
"
"195","約伯的前三個朋友已經夠會長篇大論了，但以利戶這充滿詩意、滔滔不絕的演說，也已經講了整整三章，而且他看起來完全沒有要停下來的跡象。

他並沒有指控約伯，也沒有說這些苦難是約伯罪有應得。相反地，以利戶強調，神最終一定會揭露並審判邪惡，也會為受苦的人帶來公義。他堅信神真的是良善的，他希望約伯能讓這個真理，重新塑造他對受苦的看法。

約伯啊，你一直懇求神減輕你的痛苦。但也許，這痛苦本身正在幫助你遠離罪惡。難道對你來說，逃避痛苦，比遠離邪惡更重要嗎？

儘管如此，以利戶其實沒有那麼在意約伯受苦的原因，他更在意的，是約伯那自以為義的回應中所流露出的驕傲。他心想，約伯怎麼會覺得，自己可以這樣砰砰砰地用力敲打天堂的大門，要求神非得給他一個交代不可呢？

在以利戶看來，約伯暗指神不是疏忽了，就是不公平，這種想法既錯誤又傲慢。在整本聖經裡，求神來解答我們的困惑、向神傾訴我們對祂帶領的不解，甚至求神給個解釋，這些其實都是正面的事。但是，如果我們自以為自己的看法比神還要準確？那是絕對行不通的。約伯啊，千萬別忘了，創造這一切的是神，而不是你，只有神才擁有萬物如何運作的無限智慧。

試想一下，這位在天空中堆積雲柱、用柔和的雨水滋潤生命，又能在洶湧的海洋上投下閃電的神，我們憑什麼教導祂呢？深入思考受造界與造物主的關係是一回事，但隨意批評造物主又是另一回事了。以利戶認為，我們根本沒有任何理由可以批評神。畢竟，有誰的榮光能比太陽更耀眼？又有誰如雷鳴般的聲音，能震動大山的根基呢？

那麼，神會怎麼回應約伯那充滿痛苦的抱怨呢？我們現在還沒聽到神那如雷鳴般的聲音，但很快地，我們就會聽到了。

反思問題

1. 比較約伯記35章4到8節與詩篇第8篇。以利戶和詩人都仰望宏偉廣闊的天空，體會到與人類許許多多的限制相比，神是無限的。從這個體會中，以利戶對神得出了什麼結論呢？詩人又得出了什麼結論呢？

2. 默想約伯記36章1到4節。關於自己的智慧，以利戶是怎麼說的？這和約伯記28章裡，作者對真正智慧來源的評論，有什麼不同呢？"
"196","在讀完前面三十五章的過程中，我們聽見許多人談論著上帝。

現在，耶和華在強大的旋風中震撼登場。約伯經歷了巨大的痛苦與災難，一直要求神給個交代，而現在神要直接對他說話了。不過，耶和華卻是用七十七個問題來回應約伯。這可完全不是約伯心裡所期待的對話方式。

耶和華一開場的提問，就像是帶著約伯進行了一趟宇宙的虛擬導覽。在第三十八章的第一組問題裡，神把約伯的注意力轉向了宇宙的起源和運作方式。請注意，神在這裡並不是要擺架子，也不是要羞辱約伯。神是在非常清楚地提醒約伯：創造並且維持生命的，是上帝，而不是約伯。

到了第三十九章，神的鏡頭從浩瀚的宇宙，拉近到地上生物吃喝和繁衍後代的方式。就像約伯無法明白，神是怎麼把星星掛在夜空中的；同樣地，約伯也無法真正明白，神是怎麼透過築巢的飛鳥和覓食的獅子，來餵養並延續生命的。雖然約伯是個經驗豐富的牧人，對動物非常了解；但身為一個有限的人，他還是需要這位偉大創造主的智慧，才能真正看懂這個世界是如何運作的。

神所創造的世界，展現出了我們無法想像的複雜與奇妙。那份浩瀚與威嚴，邀請約伯，也邀請每一位讀約伯記的我們，去思考人類的眼光有多麼侷限。也許，神的道路真的超過了約伯所能理解的範圍，至少目前是這樣的。

反思問題

1. 請重讀約伯記第三章1到10節。約伯在第一次發言時，是怎麼使用光與暗的字眼的？這跟上帝在今天的經文中談論光與暗的方式，有什麼不同呢？

2. 你能想到有哪一次，你因為大自然的美麗或是複雜，而感到震懾甚至不知所措嗎？花點時間回想那個經驗，並結合你目前在約伯記裡學到的事。你的經驗和約伯的經歷，有哪些相似或是不同的地方呢？"
"197","如果上帝是無限良善、全能而且公義的，更別說祂還是創造萬物的造物主，那麼，為什麼苦難還會不斷蔓延，甚至傷害這世上的每一個人呢？《約伯記》從一開始就在探討這個千古難題，可是它卻從來沒有給我們一個直接的答案喔。這就好像，某個真理已經被說出來了，但我們還是不太明白它到底怎麼說得通。

大家還記得嗎？作者把約伯描述為一個「完全人」，是一位忠心跟隨上帝的人。但是約伯因為自己眼光有限而顯得過度自信，這讓他氣憤地指控上帝做錯了事。為了幫助約伯看出自己的盲點，上帝邀請約伯來試試看，代替祂管理整個宇宙一天。你想想，約伯真的有足夠的智慧和力量，去制伏像河馬和鱷魚那樣的遠古巨獸嗎？要知道，這些生物可是象徵著世界上的危險與混亂呢！

面對這個挑戰，約伯該從哪裡開始啊？當約伯意識到這根本是不可能完成的任務時，他承認自己「說了無知的話」，就像《約伯記》42章3節說的那樣。他自以為是的東西真的太多了。他確實正確地認識到，上帝設計了一個美好又美麗的世界，但他卻錯誤地以為，自己懂得這個世界「應該」如何運作，也以為自己知道上帝「應該」怎麼做事。

整卷《約伯記》雖然沒有解釋我們為什麼會受苦，但它為我們描繪了一幅畫面，讓我們看到在經歷極大痛苦的時候，哪些與上帝互動的方式是有幫助的，哪些是沒有幫助的。我們看著約伯經歷了幾個不同，卻又讓人感到熟悉的階段。首先是序幕裡，那個信靠並且耐心等候上帝的約伯；接著，是那個向上帝抗議、與上帝摔跤的約伯；最後，是那個指控上帝做錯事的約伯。雖然這些反應都可以理解，甚至是很正常的情緒發洩，但後來證明，這些方式都沒有帶來真正的幫助。不過，在故事的尾聲，我們遇到了一個謙卑的約伯，他承認了自己的有限，並且找到了再次信靠上帝的理由。

雖然上帝從來沒有認可約伯那些過度自信的指控，但祂確實看重約伯毫無掩飾、真誠懇切的禱告喔。在書卷的最後，上帝說約伯議論祂是正確的，因為約伯是直接「對著」上帝說話；而他的朋友們卻沒有這樣做，他們只是在一旁「談論著」上帝。約伯是一位智慧人，他親自從上帝那裡學到了功課，讓他能在劇烈的痛苦中，依然信靠上帝的良善，並且坦然接受自己理解能力的極限。

大家可以去看看影片，總結並反思你從《約伯記》當中所學到的，關於上帝智慧那奇妙又複雜的深刻涵義喔！

反思問題

1. 翻開《詩篇》74篇13到14節、104篇26節，以及《以賽亞書》27章1節。關於上帝在今天經文裡提到的危險巨獸，你從這些經文當中學到了什麼呢？

2. 《約伯記》裡的智慧，和《箴言》裡的智慧有什麼不一樣？為什麼我們需要同時具備這兩種觀點，才能在上帝的世界中活出智慧呢？"
"198","你有沒有想過，生命充滿了混亂，未來也完全無法預測，這是不是代表活著其實一點意義都沒有？沒錯，聖經確實是這麼說的。不管你再怎麼努力打拚、再怎麼追求成功，生命終究是一場空。

歡迎來到傳道書的世界，來聽聽這位被稱為「傳道者」的老師，那聽起來有些灰暗的智慧。傳道者看著時間與死亡，就像無情的海浪一樣，在無盡的循環中一次又一次地沖刷著這個世界。不管人類有什麼成就，不管是財富、享樂、地位還是工作，最終都會被這股暗流拖進被遺忘的無底深淵。

每個人都會面臨死亡，每個人辛苦一生的成就最終都會歸於塵土。無論你是富有還是貧窮，年輕還是年老，聰明還是愚笨，傳道者對每個人的一生都下了一個同樣的結論，那就是「毫無意義！」

「Hevel，Hevel，」他大聲宣告：「這一切都完完全全是 Hevel！」

中文聖經通常用「虛空」或是「毫無意義」來翻譯 Hevel 這個希伯來文字。如果從字面上來看，Hevel 指的是蒸氣或是煙霧。對傳道者來說，生命就像一陣輕煙，短暫又快速，幾乎一轉眼就消散了，什麼也沒改變。

你可能每個禮拜都很努力讀書和工作，週末也不停歇，努力存錢理財，想給家人一個有保障的未來。又或者，你選擇盡情玩樂，常常參加派對，享受奢華的大餐與美酒，到處狂歡。但不管是哪一種方式，當你離開這個世界的時候，你什麼也帶不走；而且，奢華的享受只會養大你的胃口，讓你越去滿足它，就越感到飢餓。

那麼，在這個充滿了 Hevel，也就是如煙霧般虛空的世界裡，到底要怎麼好好生活？我們又該怎麼看見活著的意義呢？

請看看今天的影片，一起來認識傳道書，聽聽傳道者是如何用他的智慧，來回答這個從古至今大家都想問的問題。

反思問題

1. 請比較傳道者在傳道書3章18到21節對人類的描述，以及創世記1章26到27節還有詩篇第8篇。你注意到了哪些相同和不同的地方？你覺得為什麼聖經的作者們要把這兩種不同的觀點都收錄進來呢？

2. 請默想路加福音12章13到21節裡，那個無知財主的比喻。從生命無法預測、死亡又無法避免的角度來看，耶穌是怎麼談論金錢的？對於我們應該如何使用金錢，耶穌得出了什麼樣的結論？祂的教導和今天傳道書裡傳道者的教導，相較之下有什麼相同與不同之處呢？
"
"199","雖然《傳道書》被歸類在智慧文學裡面，但有時候啊，它對智慧的好處抱持著相當悲觀、甚至有點嘲諷的態度。你想想看嘛，如果聰明人和愚昧的人最後的結局都是步入墳墓，那追求智慧到底有什麼意義咧？

不過，隨著傳道者繼續往下說，你會發現他對智慧的看法其實有更多細膩的層次。就像《箴言》裡說的那樣，傳道者也承認，那些靠著上帝的智慧來過日子的人，通常真的會比那些只顧自己的愚昧人活得更久、更充實，心裡也更平安喔。

可是啊，就像我們在《約伯記》裡學到的，《箴言》講的那些道德原則並不能保證什麼。傳道者心裡很清楚，做好事不一定就有好結果，這中間的關係真的很不確定。無妄之災每天都在發生，好人受苦，壞人反而飛黃騰達，想要討回公道的地方到處都是欺負人的事。這徹頭徹尾就是希伯來文說的「哈費爾」，意思就是「虛空」，也就是說一點意義都沒有。

傳道者告訴我們，就算你品德再好，也沒辦法保證人生就一定一帆風順。如果我們想用其他方法去控制人生的結果，那簡直就像伸手去抓煙霧一樣，根本就是白費力氣。不過他建議我們，當我們承認自己真的沒辦法掌控一切的時候，反而可以放輕鬆，去好好享受每天跟身邊的人相處的簡單樂趣。

悲劇的確隨時都可能發生。所以，不如去跟朋友和鄰居一起好好吃一頓大餐吧！喝一口你最喜歡的冰涼飲料，在腳踏實地工作一天之後，好好坐下來休息一下。這些平凡的快樂，其實都是上帝賞賜給我們的禮物，說不定啊，這剛好就是上帝要我們體會的人生重點呢！

反思問題

1. 默想一下傳道者在今天經文裡對智慧的觀察。你覺得傳道者的觀點，有哪些地方跟《箴言》的邏輯是一致的？又有哪些地方提供了不一樣的角度呢？

2. 花點時間讀一下《雅各書》1章17節，以及4章13到17節。關於上帝美好的禮物，還有要怎麼在這個充滿不確定的世界裡充滿智慧地生活，雅各教導了我們什麼？你有沒有發現，這些經文裡有哪些跟《傳道書》互相呼應的地方呢？
"
"200","傳道者這位老師，從一開始登場後，就不斷在說明他的觀點。今天我們讀到的前幾章，更加深了他那種帶著淡淡憂傷的結論，也就是說，世上的每件事都是毫無意義，都是虛空的：「虛空，虛空！凡事都是虛空！」

災難就像殘酷的陷阱，不管你是愚昧還是充滿智慧，它都會毫不留情地把你網住。你會看到小丑懶洋洋地癱在寶座上，而貴族卻趴在地上擦地板；一個充滿智慧的乞丐拯救了他的城市，但不到一個禮拜，大家就把他忘得一乾二淨。

不過，傳道者的教導，在整卷書結束之前就停下來了。《傳道書》最後的幾節經文，把說話的聲音交還給這卷書的旁白。這位旁白看見我們人類，總是把無比珍貴的精力與情感，投注在毫無意義的事情上。他形容傳道者的話，就像牧羊人手杖末端的刺棒，傳道者正用這根尖尖的棍子在輕輕戳著你。他不是故意要傷害你，而是想要刺破你對財富、成就還有享樂的各種幻想。作者讓傳道者給了我們一記不太舒服的當頭棒喝，要我們看清現實；但同時也提醒我們，不要把傳道者的話推得太極端。

畢竟，唯有上帝能明白一切。對於我們來說，真正的智慧是去尊重一個事實，那就是我們確實無法明白所有的事；但同時我們也要承認，倚靠上帝的恩典，我們確實能效法他去愛別人、祝福別人。這正是《傳道書》12 章 13 節所說，「敬畏上帝，謹守他的誡命」的真正意思。

就像《約伯記》一樣，《傳道書》也在邀請我們，要在這個令人困惑又充滿奧祕的世界裡，緊緊信靠上帝的智慧與公義。接下來，請你花點時間看看今天的影片，想一想《傳道書》裡這位老師，為我們帶來了什麼樣直率又毫不掩飾的智慧。

反思問題

1. 傳道者對於死亡的討論，可能會讓人感到有些沉重和絕望。雖然《傳道書》提供了聖經很重要的一部分信息，但它並不是故事的全部。請讀一讀《哥林多前書》15 章，注意使徒保羅是如何因為耶穌的復活，而用全新的眼光來看待死亡，要知道，耶穌的復活是發生在傳道者教導的很久之後喔。你覺得保羅對死亡的看法，跟傳道者有什麼不一樣呢？保羅又是如何把耶穌的復活，當作我們面對死亡時真正盼望的源頭呢？

2. 請在心裡默想一下，你在過去讀過的三卷書裡，也就是《箴言》、《約伯記》和《傳道書》中，所看到對於智慧的不同觀點。這三卷書分別和你的日常生活有什麼關係呢？它們又可以怎麼幫助你，更全面地去明白聖經中所描繪的智慧呢？
"
"201","空氣中瀰漫著愛的氣息。微風輕輕吹來百合花的甜美香氣，成群的小鹿在翠綠的田野上活潑地跳躍。樹林間迴盪著清脆的鳥鳴，枝頭上結滿了當季成熟的無花果和各種果實。在香柏樹高聳的枝葉下，一對戀人相擁在柔軟的青苔上。他們對彼此那份熱情又強烈的渴望，聽了或許都會讓你忍不住臉紅呢。

這裡有新鮮的果實、生機盎然的豐盛，還有男女之間那種純潔、毫無羞恥的喜悅。你可能幾乎要以為，我們是不是回到了伊甸園呀？可是，所羅門王的車隊怎麼會出現在這裡呢？我們到底是在伊甸園？在以色列？還是在某個人的私人莊園裡呢？

《雅歌》這卷書，其實是在邀請我們去想像：如果愛沒有被罪惡、自私和羞恥感所污染，那會是多麼美麗的模樣。從某個角度來看，《雅歌》是一部充滿熱情的希伯來詩集；它讚美了兩人之間互相吸引所帶來的喜悅，也描繪了戀人們想要追求那種最深、最真實親密感的強烈渴望。

不過，《雅歌》裡頭也藏著許多超連結，把這個愛情故事，巧妙地編織進一個更大的故事裡。這個大故事關乎上帝、關乎人類，也關乎上帝如何塑造出一群全心愛他、也彼此相愛的人。所以，沒錯，這卷書的確在談論愛情、親密關係，以及人在這些關係中得到的滿足；但作者透過這些連結，把焦點拉回到整本聖經的宏大敘事。他想告訴我們，這個關於愛的特別研究，其實也指向了上帝那份更偉大的愛。上帝的愛，將要除掉我們冰冷堅硬的石心，換給我們一顆柔軟的肉心，一顆真正能夠永不失敗去愛的心。

這不禁讓我們開始想像，當這世上的一切都被更新改變，當上帝的子民都單純被愛上帝與愛人的心所驅使時，這個世界將會變得多麼美好。

歡迎觀看今天的影片，讓我們一起更深入認識這卷生動活潑又引人入勝的書卷：《雅歌》。

反思問題

1. 請看《列王紀上》6 章 18 節，以及 7 章 18 到 19 節中，關於所羅門聖殿裝飾的描述。在今天的閱讀內容裡，你是否有注意到這些畫面的迴響呢？這些連結到花園聖殿的超連結，對於《雅歌》裡與耶和華親密相交的這個主題，向我們揭示了什麼呢？

2. 試著比較一下，《雅歌》裡的女子對良人的渴望與尋找，跟《箴言》1 到 9 章裡，兒子對智慧女士的渴望與尋找。你注意到了哪些相似的地方，又有哪些不同之處呢？
"
"202","大家都很喜歡美食，喜歡支持的球隊，也愛我們的孩子、朋友，還有好天氣。這一切都讓我們不禁想問：「愛」的本質到底是什麼呢？

你已經看到，《雅歌》是怎麼回答這個問題的。它把焦點放在兩位戀人之間親密的連結上。這卷書的結尾，很自然地帶領我們去反思愛的本質。它告訴我們，愛就像一個印記，深深印刻在兩個相愛的人之間，甚至擁有一股比死亡還要強大的力量。

但奇妙的是，正是這種強大的力量，讓愛也帶著危險性。作者說，愛是一團無法熄滅的火，它可能帶來毀滅，卻也能給人溫暖和光明。所以，去享受愛那份濃烈的美好吧，不管是彼此吸引的火花、情感散發的光芒，還是那種親密無間的快樂。不過，我們也要尊重愛的力量，不需要害怕，而是要帶著智慧去面對。因為，如果錯用或濫用了愛，它可能會把一切都燒成灰燼。

同時，愛也是神聖的，是只有上帝才能賜下的禮物。沒有人能製造或操控愛，再多的金錢也買不到真正的愛。或許錢能換來一時的好感或人脈，讓人短暫覺得開心，但那絕對不是真正的愛。

當我們把《雅歌》和整本希伯來聖經放在一起讀的時候，我們會發現，這位充滿愛的上帝，創造每個人都有祂的形像。也就是說，祂希望我們每一個心思意念和行動，都是出於對上帝、對所有受造物，包括對身邊每一個鄰舍的愛。

接下來，請看看這段影片，了解《雅歌》是如何把我們對人際親密關係的深切渴望，與我們渴望和造物主有一份沒有羞愧、親密無間的聯合，緊緊連在一起的。

反思問題

1. 在聖經故事裡，你還在哪邊看過有男人的長頭髮讓他惹上麻煩的呢？如果需要提示，可以回頭翻一翻士師記第16章，還有撒母耳記下第18章9到15節。你覺得雅歌第7章第5節，可能是怎麼在呼應這樣的情況呢？

2. 雅歌第7章10節裡的「戀慕」，希伯來文是 teshuqah。這個很少見的名詞，也用在創世記第3章16節，用來形容女人對男人的戀慕。這個跨越經卷的連結，讓你看到上帝對男女關係原本的心意是什麼呢？在雅歌裡，你還有沒有注意到其他翻轉了創世記第3章咒詛的地方呢？
"
"203","昨天，我們在《雅歌》裡讀到了一個寧靜美麗的花園：有鴿子咕咕輕啼，有百花綻放，還有戀人們沉醉在愛河裡。但是今天，情況就不一樣了。《耶利米哀歌》要帶我們翻到生命這枚硬幣的另一面，去看見那更黑暗、更沉重的一面。

一翻開書卷，映入眼簾的是曾經宏偉的耶路撒冷，如今卻成了一片廢墟。城牆千瘡百孔，街道上血跡斑斑。原本充滿生機的庭院，現在崩塌荒廢了。只剩下幾個骨瘦如柴、宛如行屍走肉般的倖存者，在燒焦的街道上徘徊，在瓦礫堆中苦苦尋找著一點點能吃的食物殘渣。

而在幾百英里外，這座城市另外一批被迫流亡的倖存者，正痛苦地想弄明白這場大災難。面對戰爭、圍城、飢荒、掠奪和流亡的殘酷現實，那些表面客套的禱告，聽起來顯得多麼蒼白無力。在這種處境下，神的百姓該怎麼辦呢？是只能硬著頭皮往前走，讓過去就成為過去，也就是把痛苦埋在心底，假裝沒看見嗎？還是要開始指控神，或是把痛苦全怪罪到別人身上呢？

答案都不是。相反地，這些倖存者選擇了發出哀嘆。他們直接向神傾訴心中的痛苦，完全不勉強自己要保持樂觀。所謂的哀嘆，就是既謙卑、又毫無保留地，把自己最真實的抱怨和悲傷，全都帶到神的面前，因為祂是唯一能真正幫助我們的那一位。

《耶利米哀歌》這卷書是由五首哀歌組成的，每一首都透過充滿創意的詩歌，來抒發人心中的痛苦、困惑與悲傷。在第一首詩裡，作者把耶路撒冷擬人化，變成了一位名叫「錫安女子」的悲傷寡婦。她徹夜痛哭，卻無濟於事，沒有任何人來幫助她。

第二首詩則把焦點放在耶路撒冷遭受毀滅和百姓流亡的慘痛經歷上。但令人驚訝的是，詩人從頭到尾都沒有責怪那些摧毀城市、擄走百姓的巴比倫士兵。相反地，詩人責備的是自己的同胞，因為是他們先背棄了耶和華神。

的確，是巴比倫人揮舞刀劍，使得血流成河。然而，當人們拒絕了賜生命的源頭時，隨之而來的混亂與死亡，其實早就註定了，這甚至可以一路追溯回伊甸園裡的亞當和夏娃。從詩人更寬廣的視角來看，正是神公義的審判，才帶來了巴比倫那毀滅性的攻擊。

給你一個心理準備：這些詩歌的情感非常強烈。悲傷的語言就像悲傷本身一樣，是非常真實且起伏不定的。不過，即使《耶利米哀歌》的內容充滿了混亂與掙扎，它的結構形式卻絲毫不亂。請觀看影片，一起來了解這卷書經過精心設計的文學架構吧。

反思問題

1. 想像一下，如果你是一個流亡的以色列人，在失去了你的城市、聖殿、家園，甚至可能是你的家人之後，心裡會是什麼感覺？《耶利米哀歌》那種毫不掩飾的誠實，能如何幫助你面對並處理心中的悲痛呢？

2. 請翻到《耶利米書》31章38到40節，並與《撒迦利亞書》1章16節做個比較。在這兩段經文裡，「準繩」這個工具是怎麼被使用的呢？這和《耶利米哀歌》2章8節裡提到「準繩」的方式，又有什麼不一樣的地方呢？
"
"204","苦難、苦楚、羞辱，還有更多的苦難。《耶利米哀歌》用非常悲慘的詩句，繼續向我們描繪耶路撒冷被圍困，還有以色列人被擄流放的情景。

前兩首詩就像是用廣角鏡頭，讓我們看到整座城市在痛苦中掙扎的畫面。而今天的進度把鏡頭拉近了，聚焦在一個孤單、哀傷的人身上，他代表所有的百姓來發聲。就像《耶利米哀歌》裡大部分的詩歌一樣，3 章也是一首按照希伯來字母順序寫成的字母詩，不過，這裡出現了一個很特別的變化。

其他的字母詩，是希伯來字母表上的每一個字母配上 1 節經文。但是 3 章，每一個字母卻配上了 3 節經文。因為作者沒有雷射筆，不能把重點或是關鍵的比對指給我們看，所以他就用這種文學結構，當作聚光燈來打亮重點。

3 章的前 18 節，詳細描述了這個人在巴比倫的毀滅和流放中，所經歷的極大痛苦。就像我們在 2 章看到的，他從來沒有把這一切怪給巴比倫。相反地，他似乎是用一個更寬廣、更有智慧的眼光來看待這一切；他深刻明白，自己所受的苦，最終是為了經歷上帝那美好、能帶來挽回和恢復的公義。

在絕望之中，同時也剛好在這首詩的正中間，這個人在傾吐苦澀和悲傷的時候，想起了耶和華的屬性：「我們不致消滅，是出於耶和華的慈愛，因他的憐憫不致斷絕。每早晨，這都是新的；你的信實極其廣大！」（見《耶利米哀歌》3 章 22 到 23 節）。

這些充滿盼望的話，不代表詩人已經完全脫離了苦難。在這首詩後面的段落裡，你還是會看到許多的眼淚和恐懼，但你也會看見，他如何在這樣的過程中漸漸找到平安。

選擇透過哀訴來表達心中的憤怒和痛苦，其實是為了親近上帝，而不是遠離他。其他的做法，像是怪罪上帝或是指責別人，只會阻礙我們走向真正的平安。發出哀聲的人在受苦的時候，依然保持謙卑，並從中找到了盼望。藉著哀訴來緊緊跟隨上帝，即使走在苦難的死蔭幽谷裡，他也能找到青草地和可安歇的水邊。

反思問題

1. 請花一點時間，複習《出埃及記》34 章 6 到 7 節裡對於耶和華屬性的描述。在今天的經文中，你在哪裡看到了上帝的這些特質呢？是什麼原因，讓上帝的屬性成了這位悲傷詩人的盼望來源？

2. 仔細觀察這首詩裡面，受苦的人面對耶和華時所用的措辭。這個人什麼時候開始直接對耶和華說話，而不只是在談論耶和華呢？這樣的轉變，讓你看出這首詩的設計和信息有什麼特別的地方呢？
"
"205","今天的讀經進度帶我們來到耶利米哀歌的最後兩首詩。這卷書的第四首詩，和前兩首的設計完全一樣，都是有22節的希伯來離合詩，也就是按照字母順序寫成的詩歌。這首詩把耶路撒冷過去輝煌的光景，和被圍城後淪為廢墟的慘狀，做了一個非常強烈的對比。

到了最後一首詩，我們在前面看到的整齊結構完全崩塌了。這裡沒有字母順序，只剩下充滿詩意的混亂。全體百姓在禱告中，向耶和華傾吐心中的悲痛：主啊，難道祢沒看見我們的遭遇嗎？難道祢不能為我們做點什麼嗎？

這首詩的結尾充滿了矛盾。在禱告的最後幾句話裡，百姓先是讚美耶和華是永遠的君王，接著卻又問神為什麼忘記了他們。如果耶和華統管整個宇宙，為什麼與神立約的子民還會受苦甚至死亡呢？難道他們已經被神徹底拋棄了嗎？

這或許不是一個讓人覺得圓滿的結局。但這卻非常真實地反映了我們在受苦時的感受。深切的悲傷很少能立刻得到一個完美的解答。我們可能在前一秒，還在極度的痛苦中承認神的良善，但下一秒，又忍不住懷疑神是不是已經離棄了我們、把我們給忘了。

就像約伯一樣，這群受苦的百姓把他們極度的痛苦，直接帶到了耶和華的面前。聖經中的哀歌，包含耶利米哀歌、約伯記以及許多的詩篇，都向我們展示了一件事：神非常看重祂的子民在痛苦中，那種毫無保留、誠實向祂掙扎求問的過程。在這個破碎的世界裡，流著眼淚、甚至帶著憤怒的禱告，和那些歡呼讚美的詩歌一樣，都是真實信靠神的表現。

反思問題

1. 請比較今天讀到的經文中，對以色列人受苦的描述，與利未記26章14到39節提到不順服聖約的後果。你注意到了哪些相似的地方呢？根據利未記26章40到45節，如果以色列人在承受這些後果之後，決定回轉歸向耶和華，會發生什麼事？這段經文可以怎麼為那些因為背棄神而吃盡苦頭、並且覺得痛苦好像永遠不會結束的人，帶來盼望呢？

2. 請複習俄巴底亞書10到14節，以及詩篇137篇7節。當巴比倫軍隊入侵的時候，以東人對耶路撒冷做了什麼事？知道這個歷史背景，可以怎麼幫助你理解耶利米哀歌4章21到22節的意思呢？
"
"206","肉體的放縱。政治的陰謀。暗殺的企圖。致命的暴怒。大膽的王后。這裡充滿了情色、迷藥和殘酷的殺機。歡迎來到以斯帖記，令人驚訝的是，這卷書從頭到尾竟然都沒有提到上帝。連一次也沒有。

故事的開場，發生在猶太人被擄到巴比倫大約一百年之後。波斯帝國已經把巴比倫打得粉碎，崛起成為新的超級強國。波斯王亞哈隨魯只想著天天尋歡作樂、開派對，所以他舉辦了一場極其奢華、長達六個月的狂歡宴會。那裡美酒不斷，到處金光閃閃，每個人都對國王驚人的財富目瞪口呆。原本一切都進行得很順利，直到喝得微醺的亞哈隨魯王，想要向大家炫耀他的王后瓦實提，簡直就像在展示他的一塊昂貴地毯一樣。

瓦實提王后可不吃這一套，她勇敢地拒絕像個傀儡一樣在眾人面前任人擺佈。於是，國王廢了她的王后之位，開始尋找新的王后。這最終讓他遇見了年輕的猶太女孩以斯帖。透過一連串非常幸運的事件，以斯帖深得亞哈隨魯王的喜愛。就這樣，瓦實提王后的冠冕，戴到了以斯帖的頭上。

而且這一切發生得正是時候。就在以斯帖成為王后不久，她的堂哥末底改得罪了一位名叫哈曼的權臣，他是波斯帝國的高官。哈曼氣炸了，他不僅計畫要對末底改報仇，甚至還要除掉整個猶太民族。

現在，上帝所愛的百姓正面臨著滅族的危機。再說一次，這卷書裡完全沒有直接提到上帝，但祂那神聖的指紋，卻清清楚楚地印在整個故事裡。

請觀看今天的影片，來好好認識以斯帖記，看看她敏銳的頭腦和堅韌的勇氣。請特別留意，上帝有時是如何透過那些看似剛好發生的巧合，來拯救祂的子民。

反思問題

1. 你還在哪裡看過，有一位外表俊美的年輕希伯來人，在外國掌握了大權呢？提示一下，你可以翻到創世記39到41章，複習一下約瑟的故事。你覺得這兩個故事之間，有哪些明顯的相似之處呢？

2. 請比較以斯帖記1章19節與撒母耳記上15章28節。你注意到了哪些相同點和不同點呢？這個經文的超連結，向我們揭示了在波斯宮廷的幕後，上帝有著什麼樣的旨意呢？
"
"207","現在是波斯皇宮的午夜時分。哈曼在皇宮的庭院裡生悶氣，他因為末底改拒絕向他下拜而氣炸了，腦海裡一直幻想著要把末底改掛在他家門前二十多公尺高的木架上。這時，一名衛兵走過來，傳達了國王的召見。

亞哈隨魯王想要特別表揚某個人。於是他問哈曼，如果要尊榮一個配得這份榮耀的人，最好的方式是什麼。

哈曼一聽，眼睛都亮了！

這一天終於來了！

這正是他夢寐以求的時刻。他說：「為他舉辦一場盛大的儀式吧！給他穿上昂貴的朝服，騎上皇家馬廄裡最頂級的駿馬。還有，派一位高官在大家面前大聲讚美這個人。」

國王聽了非常高興：「聽起來棒極了！現在，你就去為末底改做這一切吧！」什麼？末底改？那個不守規矩、拒絕下拜的人，竟然得到了這份榮耀？這對哈曼來說，簡直是奇恥大辱。

哈曼從滿心優越感瞬間跌入無比的羞辱，這只是今天經文中幾個精彩大逆轉的其中之一。首先，在以斯帖第一次宴席結束時，哈曼氣呼呼地衝回家，滿心想著要對付末底改；但到了以斯帖第二次宴席結束時，卻是亞哈隨魯王氣呼呼地衝出去，滿心想著要對付哈曼。最後，哈曼竟然被掛在那個他原本準備用來謀殺末底改的木架上。

哈曼死後，以斯帖第二次來到國王面前懇求恩典。恩典的希伯來文是 khen，你在今天的影片中會學到更多關於這個詞的意思。國王再次施恩，而這次是賜給以斯帖和她的同胞。亞哈隨魯王允許末底改頒布一道新的詔書，來保護以色列人。就像當初的哈曼一樣，末底改用國王的印戒指在詔書上蓋印，並且用另一場充滿歡樂的筵席來慶祝。

末底改的計畫奏效了。以斯帖記九章1節說：「就在猶大人的仇敵盼望轄制他們的日子，局勢反轉，猶大人反倒轄制了恨他們的人。」

從聖經的整體脈絡來看，這樣的勝利只有在上帝的幫助下才可能實現。請記住，在這整個故事中，我們從頭到尾都沒有看到上帝的名字出現。這種刻意的隱藏，巧妙地激起了讀者的好奇心：也許，即使在上帝看似缺席的時候，祂依然一直在透過人做工，為了要消滅邪惡並且拯救生命。

反思問題

1. 默想詩篇三十七篇14到15節。你在今天的經文中，哪裡看到了這個原則正在發揮作用？這個模式讓你看出上帝是如何對人類的邪惡施行公義的呢？

2. 新約聖經的作者用希臘文 charis 來描述上帝的 khen，意思是「恩典的禮物」。請閱讀約翰福音一章14到17節。耶穌是如何完美地展現出上帝榮耀的恩典呢？根據以弗所書二章8到9節，以及彼得前書五章4到7節，我們應該用什麼樣的態度來領受上帝所賜的 charis 呢？
"
"208","之前，《以斯帖記》讓我們看到，在以色列人被擄的時候，上帝在幕後默默動工的畫面。而《但以理書》同樣讓我們看到上帝如何拯救祂的子民，不過，在這個被擄的故事裡，書中的人物可是常把上帝掛在嘴邊的喔。

故事的主角是但以理，他是一位大半輩子都以被擄身分住在巴比倫的以色列人。巴比倫軍隊第一次圍攻耶路撒冷的時候，把但以理和他的三個好朋友哈拿尼雅、米沙利、亞撒利雅（他們也被改名為沙得拉、米煞、亞伯尼歌）給抓走了。但是，但以理和朋友們很快就被徵召進入王宮，服事巴比倫王。你能想像嗎？這感覺就像是敵國的首領在對他們說：「沒錯，我們剛剛殘酷地傷害了你們所有的親友，但我們別去想那些不開心的事了。好消息是，現在你們得被迫來伺候我們啦。耶！」

說實在的，能被選入王宮服事，絕對比被關進大牢或是送命好得多。然而，但以理和他的夥伴們卻陷入了兩難。作者把他們描繪成非常敬虔忠心的以色列人，可是現在，他們身邊沒有祭司帶領，也沒有聖殿可以讓他們敬拜和獻祭了。他們身處在一個根本不在乎上帝安息日規定的國家，當地人也毫不在意那些關於潔淨食物的律法。雖然他們還活著，但身邊的每個人都在對他們施加壓力，要他們別再那麼死心眼地對上帝忠誠，要他們學會妥協。彷彿在說：「來吧！你們現在可是在巴比倫呢，就好好享受這些豐富的美食和新鮮的習俗吧。乖乖享受，不然就得死。」

可是，但以理和他的好朋友們，卻選擇了對上帝和祂的律法保持絕對的忠心，即使這會讓他們惹來殺身之禍也在所不惜。不管是拒絕吃那些不潔淨的肉、不肯向巨大的偶像下拜，還是勇敢地告訴國王，他的帝國其實沒有那麼不可一世；這四位年輕人都堅決不向巴比倫妥協，他們只願意向上帝獻上唯一的忠誠。

即使面臨被處死的危機，但以理和他的朋友們依然堅守對上帝的承諾，而上帝也親自介入、拯救了他們。這再次提醒我們，不要以為以色列人被擄，就代表上帝拋棄了他們。同樣地，即使以色列人因為自己的過犯而承受了嚴厲的代價，上帝依然陪伴著他們，賜下拯救與賜福。對於那些在被擄的悲傷中，懷疑上帝是不是已經不再愛他們的以色列人來說，但以理的故事為他們帶來了明亮的盼望，也就是上帝那份永不斷絕之愛的應許。

請觀看今天的影片，來更多了解《但以理書》中充滿盼望的信息吧。

反思問題

1. 你能想到聖經裡的另一個故事，同樣是一位被擄的希伯來青年，成為唯一能解開外國君王夢境的人嗎？（可以重讀《創世記》41章來尋找提示喔。）你還能在那個故事和今天的閱讀內容之間，找到哪些相似的地方呢？聖經作者可能想透過這些彼此呼應的線索，傳達關於但以理故事的什麼重點呢？

2. 請仔細讀讀《但以理書》3:17-18中，那三個好朋友面對烈火窯這個致命危機時的反應。這和《以斯帖記》4:15-16裡，以斯帖冒著未經允許就去見國王所面臨的致命危險，兩者的回應有什麼異同呢？這兩個例子向我們揭示了，在被擄的危機中，什麼才是真正的忠心呢？"
"209","在今天的經文裡，我們會看到但以理接連服事了三位不同的巴比倫統治者。對尼布甲尼撒王來說，但以理和他的朋友們簡直是怪胎，有時甚至因為拒絕參與某些巴比倫的習俗，而讓人覺得有些冒犯。不過，尼布甲尼撒還是很信任但以理，讓他來為自己解夢。後來，神使驕傲的尼布甲尼撒降卑，讓他像牛一樣在野地吃草吃了一段很長的時間。經歷這件事之後，尼布甲尼撒終於開口讚美神，承認神是公義又真實的。

到了下一任君王伯沙撒，他似乎完全沒有從尼布甲尼撒的經歷中學到教訓。伯沙撒竟然拿著從耶和華聖殿裡搶來的、原本是專門用來敬拜神的金杯，辦了一場拜偶像的狂歡派對。就在這個時候，一隻憑空出現的手加入了這場派對，在牆上寫下了一段只有但以理能解讀的信息。因為這件事，伯沙撒任命但以理成為全國權力第三大的官員，還給他穿上象徵皇室尊貴的紫袍、戴上金項鍊，就像但以理書五章29節記載的那樣。

就在那天夜裡，伯沙撒被殺了。接著，大利烏王登上了王位。但以理的表現實在太出色了，以至於大利烏王甚至計畫派他來管理全國。為了阻止這件事發生，那些心懷惡意的朝廷大臣很快就慫恿大利烏王頒布了一項新法令，強迫全國上下向大利烏王禱告

而且只能向他禱告。

如果有誰不肯照做，等待著他的就是一個充滿飢餓獅子的坑。

然而，有些法令注定是要被打破的，而這正是但以理拒絕遵守的一條規定。身為一個屬神的以色列人，他依然向耶和華禱告，並且

單單向祂禱告。

請注意，但以理現在面臨的考驗，就和他的朋友們在昨天經文裡遇到的一模一樣。當時的國王命令每個人都要敬拜他，並威脅要把不服從的人丟進火爐裡燒死。即便如此，他的朋友們依然勇敢說「不」。現在，但以理也做出了同樣的選擇。更棒的是，他毫不畏縮，反而把窗戶大大地敞開，讓所有人都能看見他在向耶和華禱告，而不是向大利烏王禱告。

藉著向耶和華禱告，但以理不僅僅是在反抗巴比倫的壓迫；他更是在把自己的生命完全託付給神。他放下了自己的性命，深信神比他自己更知道該如何保守這一切。

在巴比倫的這段歲月裡，但以理走在這條被擄流亡的道路上，為我們樹立了勇敢又忠誠的榜樣。今天的影片將會更深入地探討「流亡之路」這個聖經主題。

反思問題

1. 默想創世記一到二章、以賽亞書十一章6到9節，還有以賽亞書六十五章25節。這些經文是如何描述，人類身為神尊貴的形象，在伊甸園中原本有著怎樣的美好理想？在今天的經文裡，人類在哪裡活出了這個理想？又在哪裡失敗了？最後發生了什麼事？

2. 花點時間複習撒母耳記上第二章裡哈拿的詩歌。你在今天的經文裡，哪裡看到哈拿對神的描述真實地發生了？"
"210","說到這裡，但以理因為能幫別人解開神祕的夢，已經超級有名了。可是，如果是要解開他自己做的夢呢？那可完全是另外一回事啦！

但以理看到的異象真的很奇怪。可以說，超級無敵怪！有一隻長著老鷹翅膀的獅子，從狂風大作的海裡飛出來，最後竟然像人一樣用兩隻腳站在岸上。接著，一隻嘴裡咬著三根肋骨的熊，衝破了洶湧的水面。還有一隻長著四個頭和四對翅膀的豹，在頭頂上盤旋。最後，也是最可怕的，是一隻頭上長著十個角的巨大變種怪獸，氣呼呼地走上海灘。

如果這四隻超怪的野獸讓你聽得一頭霧水，別擔心，你不孤單，因為連但以理也被難倒了啦。所以，有一位像天使般的人過來向他解釋，說前三隻野獸代表強大的國王，他們會用暴力的手段來征服世界。那這隻長著鐵牙、有十個角的超級怪獸呢？牠很不一樣，而且更凶猛，最後會摧毀其他的國家，甚至吞掉整個世界，就像《但以理書》7章23節說的那樣。

好像剛剛那些異象還不夠怪似的，但以理又看到了更多奇特的生物。一隻橫衝直撞的公綿羊，兩隻角的長短還不一樣；一隻像獨角獸一樣發狂的公山羊；還有一隻會說話的角，最後竟然變成了一個瘋狂的國王。這讓但以理真的是想破頭也想不透，需要天使進一步的幫忙才能解開這個謎團。

對待聖經裡的異象，我們要特別小心喔。我們很容易、也很常會過度解讀，把經文沒有的意思自己加進去。有時候，這些異象好像直接跟但以理那個時代發生的事情有關；而有些時候，這些異象似乎又在遙望未來的光景。

不管我們怎麼去理解這些複雜的異象，整體的重點似乎都在告訴我們：世上的統治者和帝國會不斷地用暴力互相爭奪，直到上帝最後親自來終結這一切。上帝會透過《但以理書》7章13到14節提到的「人子」來掌管一切，他不會像野獸那樣靠暴力或欺騙來統治。而那些邪惡的統治者，最後將被上帝親自毀滅，就像《但以理書》8章25節說的，邪惡的王「至終卻非因人手而滅亡」。

儘管如此，這些像野獸一樣的帝國，終究是會被上帝制伏的啦。

接下來，請看這段影片，一起來了解人子耶穌，是怎麼擊敗這些像野獸一樣殘暴又邪惡的帝國。

反思問題

1. 試著把今天的經文拿來跟《啟示錄》13章做個比較。你有注意到哪些共同的主題和畫面嗎？約翰把這些象徵著驕傲與暴力的野獸異象，跟但以理的異象連結在一起，你覺得他可能想傳達什麼樣的信息呢？

2. 請查閱《列王紀上》21章27到29節、《約拿書》3章3到8節，以及《以斯帖記》4章15到16節。關於舊約聖經裡面披麻、蒙灰和禁食的意義，你從這幾段經文中學到了什麼？這又讓你對但以理在《但以理書》9章的禱告，有了什麼樣的體會呢？
"
"211","依靠暴力的帝國會興起又衰亡，但那些因信靠上帝而蒙恩稱義的人，卻能永遠長存。這就是《但以理書》最後幾章想告訴我們的。對於所有走在流亡之路上的人來說，《但以理書》成了一個充滿盼望的信息。

今天的經文來到了但以理的第三個，也是最後一個異象。這個異象裡出現的國家順序，跟之前一模一樣：首先是波斯，接著是希臘和亞歷山大大帝，然後是一些小君王，這一切最後都指向那位最終的北方王。

這位北方王，就是我們昨天在經文裡聽過的那位邪惡統治者，他不但玷污了耶路撒冷的聖殿，還自高自大、妄想超越上帝。但以理的最後一個異象，就結束在這個狂妄君王徹底毀滅的畫面中，他的下場和但以理其他夢境裡所看到的一模一樣。殘暴的帝國或許能揮舞刀槍、耀武揚威，但它們終究會灰飛煙滅，永遠不再興起。不過，那些帶領許多人歸向上帝，也就是引導人信靠基督而白白稱義的人，將會像天上的星辰一樣，閃耀無盡的歲月，直到永遠（請參考《但以理書》12 章 13 節；也可以看看《創世記》12 章 2 到 3 節）。

天使最後對但以理說的話，同樣也適用於正在讀這卷書的我們：要持守忠心的道路，直到最後一刻。那些像野獸般的巴比倫帝國雖然帶來痛苦，看起來無人能擋，但它們注定無法長久。因為，邪惡是永遠無法建造出任何美好事物的。

上帝創造萬物，也統管萬有。我們可以全心信靠他，因為他最終一定會永遠地撥亂反正，恢復一切的公義。

對於那些正在經歷生命中某種流亡之苦的人來說，《但以理書》能帶來極大的鼓勵。它向我們展現了一幅美麗的圖畫：不論環境多麼艱難，都要對上帝忠心到底。即使當這世界的巴比倫讓保持忠心變得困難重重、代價高昂時，更是如此。

反思問題

1. 你還記不記得，聖經裡還有哪裡提過一位沮喪的以色列流亡者，坐在河邊時，看見了一位發出耀眼光芒的人物異象？（你可以回頭翻閱《以西結書》1 到 3 章找找提示。）這個像超連結般的巧妙呼應，讓你對但以理和他所傳遞的信息，有了什麼新的認識呢？

2. 請花點時間查閱舊約聖經中其他關於復活的暗示，你可以看看《詩篇》16 篇 10 節、《以賽亞書》25 章 7 到 8 節，以及《以賽亞書》26 章 19 節。請把這些經文和《但以理書》12 章 2 節，與保羅在《哥林多前書》15 章裡關於復活的討論做個比較。舊約聖經對死後的生命帶來了什麼樣的盼望？這些盼望又是如何在耶穌身上實現的呢？
"
"212","今天，曙光終於在地平線上亮起。經過了七十多年的被擄歲月，這一切總算結束了。以色列人，終於要回家了。

在我們讀到這裡之前的「聖卷」，也就是希伯來文聖經的第三部分經卷中，箴言裡那些充滿智慧的明亮光芒，遇上了生命中痛苦、黑暗又嚴酷的現實。在那些現實裡，箴言的道理似乎不一定都能直接看見成效。接著，耶利米哀歌那哀傷的詩句，更是把我們深深帶進以色列人被擄時，那種黑夜般的絕望裡。

不過，以斯帖記和但以理書卻在被擄的困境中，閃爍著一絲盼望，告訴我們還有一條更好的路。只是，這些微光也讓人更加感受到，以色列人是多麼渴望回到家鄉，多麼期盼新的一天到來。而以斯拉記和尼希米記，這兩卷在希伯來文聖經裡原本是同一卷的書，就把這微弱的盼望，瞬間點亮成了光芒萬丈的黎明。

以斯拉記一開始，記載了一位新的波斯王登基，他對以色列人非常恩待。他不但賜給他們自由，准許他們平安地回到故鄉，甚至還非常慷慨地，為他們準備了旅途上需要的一切物資。

以色列人回家後的第一個任務，就是重建耶和華的聖殿。所羅巴伯帶領著一批人回到耶路撒冷，展開了這個工程。他們不僅帶回了當年被巴比倫人搶走的金器皿，還設立了新的祭壇，甚至從黎巴嫩運來了香柏木。這可是當年所羅門王建造第一聖殿時，所使用的同一種高級木材呢！

情況看起來相當不錯，聽起來就像是先知們曾經應許過，那個即將復興的以色列！大家都充滿了動力，同心合力參與這個偉大的重建工程。這比起過去被擄時那種永無止盡的壓迫，感覺絕對好太多了。但是，這個重建工程真的會順利嗎？這座新建的第二聖殿，真的能像大家期待的那麼美好嗎？

請觀看今天的影片，一起來了解以斯拉記和尼希米記當中，先知們的期待，以及被擄歸回後的真實情況。

反思問題

1. 想像一下，如果你是跟著所羅巴伯回到應許之地的以色列人。當你走進耶路撒冷，回到這座聖城、你的家，卻發現它只剩下被火燒過的焦黑廢墟，完全失去了昔日的榮耀，你心裡會有什麼感覺呢？雖然回到了故鄉，但依然被波斯帝國統治著，對於這樣的新生活，你又會抱著什麼樣的希望與恐懼呢？

2. 請默想箴言第21章第1節。在以斯拉記和尼希米記的故事裡，你在哪裡看見神親自引導並掌管著君王的心呢？
"
"213","以色列人終於回到了應許之地！他們正忙著建造新的聖殿，也努力建設新的耶路撒冷。聽起來這就像是被擄流放生涯的完美結局，大家從此過著幸福快樂的日子，對吧？

其實不完全是這樣啦。在今天的經文中，我們會看到衝突爆發，大家的熱情慢慢消退，連聖殿的重建工作也漸漸停擺。這麻煩到底是怎麼開始的呢？起因是有一些當初逃過被擄命運的以色列人後代，他們主動跑來，說想幫忙一起重建聖殿。

這聽起來像是個超級大好消息啊！因為先知曾經預言過會有這麼一天，到那時候，以色列各個支派會團結起來，甚至連其他族群都會一起來跟隨上帝，你可以去看看《以賽亞書》2章和《撒迦利亞書》8章喔。這些以色列同胞願意一起合作明明是件好事，感覺就像是上帝的新國度，正在耶路撒冷的廢墟中發芽長大。

但是呢，所羅巴伯卻對這個提議嗤之以鼻，他很不客氣地告訴這些想幫忙的人，重建以色列聖殿沒他們的份。所羅巴伯這種輕蔑的態度，真的讓人覺得很受傷又被冒犯，結果這些人就轉而反對所羅巴伯，甚至抵制整個重建計畫。

雖然到最後，重建工作還是回到了正軌。但說真的，這對回歸後的新生活來說，真的是個有點虎頭蛇尾的開場。事實證明，所謂的被擄或是流放，真正的重點並不在於你住在哪裡，而是你的心態，以及你內心真實的屬靈狀況。

當初那些導致以色列人被擄、彼此傷害的錯誤想法跟對待方式，已經開始悄悄地溜回來了。在《以斯拉記》和《尼希米記》的故事字裡行間，作者好像在對我們眨眨眼，想要點出一個很重要的真理：

你沒辦法單靠著搬家，就真正從流放中回到家。

趕快來看看今天的影片吧！我們一起來了解聖經故事中，流放更深層的涵義，順便看看耶穌怎麼向我們示範那條真正回家的路。

反思問題

1. 比較一下所羅巴伯為新聖殿辦的奉獻典禮，記載在《以斯拉記》6章14到18節，還有摩西為會幕辦的奉獻典禮，在《利未記》9章，以及所羅門為第一座聖殿辦的奉獻典禮，在《列王紀上》8章。你有注意到哪些一樣和不一樣的地方嗎？這些差異怎麼幫你重新看待這座新聖殿呢？

2. 耶穌是我們回家的唯一道路。請讀一下《約翰福音》14章1到6節，還有14章16到23節。根據這段經文，耶穌是怎麼為我們開路，讓我們在世上生活的時候，就能以上帝為我們的家呢？耶穌又是怎麼開路，讓上帝能以我們的內心為家呢？
"
"214","今天的進度直接把時間快轉了幾十年，帶我們來到以色列人重建家園的新階段喔！不過啊，百姓做的一些選擇，感覺卻像是倒帶一樣，又重蹈了過去的覆轍。

故事再一次從一位波斯王開始，他宣布所有的以色列人都可以自由回家囉。這一次，是由一位名叫以斯拉的律法學者，帶領大家踏上返回耶路撒冷的旅程呢。

就像之前的所羅巴伯一樣，以斯拉也有個超級順利的開始。他召集了一群被擄的百姓，準備回到故鄉，重新建立一個遵守上帝律法的群體。他甚至還找來了利未人，這樣他們就能扛抬聖殿裡的神聖物件，這部分你們可以參考《民數記》3到4章喔。在出發前，以斯拉帶著大家一起禁食禱告，懇求上帝在充滿危險的曠野旅途中保護他們。最後，他們也真的平平安安地抵達了應許之地啦。

但是接下來，以斯拉的重建工作就像所羅巴伯那時候一樣，情況整個急轉直下。以斯拉得知，居然又有很多以色列男人跟外族女子通婚了！上帝曾經在《申命記》7章3到4節嚴格禁止以色列人這麼做。上帝說，與外族通婚會導致以色列人轉去敬拜別的神明。這正是過去讓他們陷入偶像崇拜，最後甚至被擄到外地的根本原因啊。所以，以斯拉立刻做出強烈的回應，警告大家絕對不能再犯同樣的錯誤。

滿心悲痛的以斯拉轉向上帝，獻上極其懇切的悔改禱告。但他隨後居然立刻頒布了一項離婚命令，硬生生地把這些外族婦女，以及她們的孩子全都趕出家門，任由他們自生自滅。即使我們從《瑪拉基書》2章13到16節中可以看到，上帝其實是反對這種離婚的，祂也絕對不喜悅這種傷害弱勢婦女與兒童的無情行為。

這裡要特別說明一下喔，上帝禁止通婚，並不是一項針對全人類的普遍規定啦。這項禁令是有特殊背景的，主要是因為在那個時代，與外族通婚的習俗往往會直接導致以色列人跟著去敬拜偶像和別的神明。

在故事來到尾聲的時候，大家要留意兩個關鍵點喔。第一，以斯拉正面臨一個進退兩難的死胡同。無論他做哪一種決定，似乎都會違背上帝的某項教導。第二，在故事的最後，我們一定很想知道，上帝到底同不同意以斯拉的做法呢？但聖經並沒有給我們答案耶。或許，作者是想藉著這個故事來告訴我們，當我們因為犯罪而把自己陷入這種絕望又無法挽回的處境時，我們唯一能依靠的出路，真的就只有全心信靠上帝那充滿憐憫的恩典了。

要把以色列人帶出巴比倫其實很容易，只要上帝激動波斯王的心，美好的事情就自然發生啦。但事實證明，要把巴比倫的影響從以色列人的心中徹底拔除，卻是困難得多了。

反思問題

1. 你有沒有發現自己曾經陷入進退兩難的死胡同裡，無論怎麼想或怎麼做，都無法擺脫眼前的困境呢？如果從整本聖經的宏大故事來看，《以斯拉記》的結局如何幫助我們在上帝豐盛的憐憫中看見盼望？

2. 請仔細閱讀《以斯拉記》9章7到9節。以斯拉是如何描述以色列人回到故鄉之後的屬靈狀況？他的禱告又反映出，這群歸回的以色列人對於過去被擄的經歷抱持著什麼樣的信念呢？
"
"215","先是所羅巴伯，接著是以斯拉，現在換成了尼希米。俗話說事不過三，也許這第三次真的會成功吧？

今天的經文，為被擄歸回的以色列群體，介紹了另一位充滿熱情、又有遠見的領袖。尼希米原本在波斯王宮裡擔任酒政，這可是個深得國王信任的職位。當他聽說耶路撒冷城牆破敗不堪的慘況時，他決定要換個工作。他收拾好行囊，以工程主管的身分，動身前往那片應許之地。

尼希米才剛抵達耶路撒冷，把工程範圍稍微勘查了一番，那些嚴厲的反對者就開始無情地嘲笑他，甚至出面攔阻工程。但尼希米可不會讓這些侮辱和威脅停下他的腳步。他安排了武裝守衛來保護建造城牆的工人。對他來說，這是一件信靠上帝的事，他深信上帝會保護他們，並且賜給他們力量來完成這美好的善工。

乍看之下，尼希米的決心似乎很合情合理，甚至讓人有點佩服。畢竟，在那個充滿侵略與擴張的帝國時代，這座城市確實需要最嚴密的防禦。

但是，當我們把鏡頭拉遠，看看整卷書更大的文學架構時，尼希米的舉動似乎帶有比較強烈的排他性。之前，所羅巴伯對想要幫忙建殿的當地人說，他們在建造聖殿的事上無分，記載在以斯拉記4章3節；接著，以斯拉告訴那些與外族通婚的當地以色列人，他們將被逐出整個群體，記載在以斯拉記10章8節。而現在，尼希米對那些懷疑他工程的當地官員說，他們在耶路撒冷無分，記載在尼希米記2章20節。

一方面，尼希米在故事裡確實是個正面的角色。他用他認為最忠心的方式，去做他深信上帝呼召他去做的事。但另一方面，作者透過巧妙的文學設計把這些事件串聯起來，似乎在暗示著某種更深層次的問題。一種「我們對抗他們」的排外心態，其實一直困擾著這群被擄歸回的百姓。這樣的心態，正好違背了以色列人最初的呼召，那就是要成為地上萬族萬國的祝福，如同創世記12章2到3節所說的那樣。

如果我們把鏡頭拉得更遠一點，就會發現這種敵對的態度，其實並不符合先知們對於被擄歸回後的生活所抱持的盼望。舉例來說，先知撒迦利亞曾說過，上帝國度裡的新耶路撒冷，將會是一座沒有城牆的城市，周圍有上帝的同在環繞，並且會有萬國的人民一同加入，記載在撒迦利亞書2章3到11節。然而，尼希米的做法，似乎與這個願景恰好相反。

以色列人一直渴望能夠回家。但是，究竟是誰有資格決定，誰能把耶路撒冷稱作家呢？

反思問題

1. 花一點時間，回顧撒迦利亞書第2章和第8章裡，先知撒迦利亞對於新耶路撒冷的異象。對比先知對這座城市的盼望，再看看所羅巴伯、以斯拉和尼希米他們實際建造出來的景象，你注意到了哪些不同的地方呢？

2. 請查考以西結書13章1到7節，以及耶利米哀歌5章17到18節。這些經文是如何運用狐狸，或者是野狗，這兩者在希伯來文裡是同一個字，以及那種殘破、荒涼之地的意象呢？當你明白了這些意象之後，再回頭看看尼希米記4章3節裡多比雅所說的侮辱之言，你學到了什麼呢？
"
"216","新蓋好的城牆確實可以保護耶路撒冷不被外面的敵人攻擊，但誰來保護百姓不被自己人欺負呢？在今天的內容裡，尼希米發現，明明被抓去當了七十年的俘虜，以色列人竟然一點都不討厭奴隸制度耶！這些好不容易才回到家鄉的人，居然為了逼著還債，把自己的同胞賣去當奴隸，真的太扯了！

尼希米超生氣的，他馬上把城裡的領袖和官長都叫來，開了一場緊急大會，還狠狠地罵了他們一頓。他說：「我們才剛花錢把弟兄們從外族人手裡贖回來，現在你們居然又要讓他們戴上鎖鏈嗎？」聽到這些話，那些有錢的財主們瞬間都說不出話來，整個坐立難安啊。

這個故事讓我們看到，從被擄的地方回到耶路撒冷後，大家在失敗跟希望之間不斷拉扯。才不過一兩代的時間而已，以色列人居然又掉進那種不公平跟互相欺負的惡性循環裡！要知道，就是因為這些罪惡，他們當初才會被上帝懲罰，被抓到外國去啊！

不過，尼希米可不只是罵罵大家做錯事而已喔，他還逼著他們要用行動來彌補錯誤，感覺就像辦了一場小型的禧年一樣。那些靠著欺負弱勢老鄉來賺錢的人，最後都乖乖同意把他們騙來、搶來的所有東西全部還給人家了。

雖然尼希米也是有軟弱跟失敗的時候啦，但他真的很努力幫弱勢群體討回公道，而且超級認真聽從上帝的教導。就算尼希米對耶路撒冷城牆的期待，可能還沒達到先知們預言的那種完美境界，但他在這份工作上真的展現出超讚的勇氣跟正直呢。

就算是面對死亡威脅、被勒索恐嚇，甚至是被惡意抹黑造謠，這一切都完全無法動搖尼希米的決心喔。在這麼大的壓力下，他還是鼓勵大家要對上帝忠心、堅持到底。在他的帶領下，蓋城牆的人居然只花了五十二天就完工了，這速度真的讓所有人都嚇傻了！

現在城牆蓋好了，奴隸也都自由了。這會不會就是耶路撒冷一個全新的開始啊？

反思問題

1. 花點時間複習一下《申命記》22-23章裡關於社會跟公民的律法，裡面也有講到借錢利息的規定喔。在這些律法裡面，你在哪裡有看到上帝把弱勢者的需要，看得比掌權者的權利還要重要呢？在今天的經文裡，那些從被擄的地方回來的百姓，又是怎麼活出這個理想的啊？

2. 請比較一下《尼希米記》5章1-13節，還有《路加福音》19章1-10節裡撒該的故事。當一個人是靠著騙人的手段發大財的時候，關於他的悔改跟賠償，這兩個故事讓我們學到了什麼功課呢？
"
"217","今天，以斯拉和尼希米把各個年齡層、那些被擄歸回的百姓都找來，讓大家一起來聽大聲朗讀的聖經。我們看到上帝的百姓超專心聆聽，來作為他們的回應。這場連續七天的讀經馬拉松，深深打動了大家的心，讓他們下定決心要再次遵守律法書上的教導。而且這一次，他們心中可是充滿了全新的動力喔！

這只是聖經裡眾多場景中的一個，讓我們看到上帝多麼渴望跟祂的百姓溝通，並且賜下超棒的指引。從最一開始，上帝在伊甸園裡跟亞當和夏娃一起散步說話；到後來透過作夢對祖先們說話；從藉著摩西和刻上字的石版來傳達律法，到士師們勇敢的帶領，還有先知們那些很酷的象徵性行動。我們可以看見，在整本聖經裡，上帝不斷地向全人類說出賜給我們生命的話語。

大家聚在一起，大聲地把聖經讀出來，這不只是為了告訴上帝的百姓他們過去的歷史而已喔。這更是讓大家練習一起聆聽，把所有人的心思焦點一起轉向上帝。這樣做，能幫助我們在自己所處的時代和環境中，把這段故事活出來。讓我們不只是聽見聲音，更是用心傾聽，並且真正把自己融入這個最終指向耶穌的偉大故事裡。

請看看今天的影片，了解為什麼公開朗讀聖經，無論是對聖經時代的百姓，還是對今天的我們來說，都是這麼的重要。

反思問題

1. 請把今天的經文，和《列王紀下》23章1到3節裡，約西亞王公開朗讀聖經的記載做個比較。你有注意到它們之間，有哪些相同和不同的地方嗎？

2. 請複習《利未記》23章33到43節，關於住棚節的描述。為什麼上帝要以色列人每年都慶祝這個節日呢？在聽完律法書裡記載他們國家的歷史故事之後，緊接著慶祝住棚節，有什麼特別的意義嗎？
"
"218","以斯拉公開宣讀聖經，好像在這些被擄歸回的百姓心裡，點燃了改變的火花喔！在經歷了超開心的慶祝，還有難過後悔的認罪之後，大家決定辦一場更新聖約的典禮，正式宣告他們要重新委身給上帝。

以色列人發誓，要好好活出他們的呼召，成為上帝君尊的祭司和聖潔的國家。他們超認真地發誓，還請祭司跟利未人簽名蓋章當見證呢。大家也答應，會看重並且尊榮屬於上帝的神聖空間。他們會奉獻木材、最早收成的農作物，還有十分之一的奉獻，來供應上帝的聖殿。

不只這樣喔，大家還答應要尊榮上帝的神聖時間。他們每個禮拜都會在安息日好好休息。每年，以色列人會一起守節，慶祝那些講述著上帝救贖故事的節日。而且每到安息年，他們不只會讓土地休息，還會把大家欠的債務通通一筆勾銷呢！

這個屬於上帝的祭司國家，現在已經更新了他們對聖約的承諾，而且開始在應許之地重新扎根啦。不過啊，這個更新的承諾，到底比較像是一條起跑線，還是終點線呢？他們是終於達到目標了，還是才剛開始而已呀？

這些人，真的有像先知們鼓勵的那樣，把心轉向上帝了嗎？明天，我們就會知道答案啦！

反思問題

1. 請花一點時間，複習一下《利未記》23章關於以色列節期的規定喔。你覺得，這些每年的慶典，可以怎麼幫助被擄歸回後的以色列人，牢牢記住上帝的屬性，並且明白自己在上帝救贖計畫裡面的位置呢？

2. 請比較一下這次歸回的人對聖約的重新承諾，還有以前在約書亞帶領下，以色列人對聖約的重新承諾。你可以參考《約書亞記》24章1-28節喔。仔細想一想這些人和領袖說了什麼、做了什麼，還有這兩個故事各自的關鍵主題跟背景。你有沒有發現它們之間，有哪些一樣和不一樣的地方呢？"
"219","今天，我們終於讀到了以斯拉記和尼希米記的結尾，但說真的，這個結局滿讓人失望的。

尼希米去波斯出差回來後，竟然發現百姓違背了他們才剛重新立下、要跟隨耶和華的約。這可不是什麼無心之過或小錯誤，他們根本是明知故犯，甚至沒有把奉獻的穀物送去給在神殿裡服事的利未人。你要知道，利未人可是得靠這些糧食過活的啊。

不只這樣，耶路撒冷的百姓還在安息日工作、做買賣，完全不尊重神所定的神聖時間。更誇張的是，這一切就發生在剛重建好的耶路撒冷城牆旁邊。

百姓這樣嚴重的退步，讓尼希米氣炸了。他大發雷霆，甚至動手打人、拔他們的頭髮，大聲警告他們必須遵守律法的命令。這場面真的很火爆。

而尼希米記最後記錄下來的話，竟然是他的一個禱告。他求神施恩記念他，因為，唉，至少他已經盡力了。

這真是一個奇怪又讓人充滿無力感的結局。不過某種程度上，這也很符合整卷以斯拉記和尼希米記的調性。所羅巴伯、以斯拉和尼希米，他們對重建以色列國有著強烈的異象，也充滿熱情與決心要完成這份工作。但事實證明，世界上再大的熱心，也無法改變人類內心真實的光景。

以色列人在被擄之前的問題，追根究底，都是因為他們心裡剛硬。結果被擄歸回之後，問題還是一模一樣。經歷了幾十年的亡國和流放，百姓終於回家了。但他們的心，卻從來沒有真正完全歸向神，而神的榮耀也從未回到聖殿之中。

如果神立約的子民真的要愛神、順服神，他們需要的，是更深層的改變；這絕不是靠著更嚴格的法律、社會制度的改革，或是偉大的建築工程就能達成的。他們需要一顆全新的、柔軟的心。不再是剛硬的石心，而是一顆柔軟的肉心。這正是神應許要賜給人類的心。那一天，到底什麼時候才會到來呢？

反思問題

1. 請回顧耶利米書31章31到36節和以西結書36章裡，耶和華關於賜給祂百姓新心的應許。這些先知是如何描述神未來對以色列的復興？而在以斯拉記和尼希米記中，從被擄之地歸回的百姓，為什麼沒有達到這些期待呢？

2. 花點時間默想神對亞伯拉罕所立的聖約應許，讓我們一路回顧到創世記12章1到3節。在以色列人經歷被擄歸回之後，這些應許中有哪些已經實現了？又有哪些應許尚未實現呢？
"
"220","今天，我們的讀經進度來到了《歷代志》，這是原本希伯來聖經排列中的最後一卷書。一開始，作者用了整整9章的篇幅來寫家譜，記錄了從創世一直到以色列人被擄到巴比倫、後來又歸回這段期間，成百上千個名字和家族的歷史。

請記得，這長長的一大串名單，可不只是單純的流水帳喔。想像一下，如果你看到一張畫著你自己父母、祖父母還有各位親戚的族譜，對不認識的人來說，那可能只是一堆陌生人的名字；但對你而言，每一個名字背後，都代表著一段充滿故事、教訓和回憶的真實人生。而在《歷代志》裡，這些故事就這樣順著家族的血脈，一路回溯到了亞當。

對古代的以色列讀者來說，這些家譜就像是他們民族歷史的濃縮版。每一個名字都能喚起一段深刻的故事：一看到「亞當」，我們彷彿就回到了伊甸園的果樹下；讀到「挪亞」的時候，我們會想起上帝用傾盆大雨將世界重置的審判，以及雨過天晴後那道閃耀的應許彩虹；而「亞伯拉罕」這個名字，更是讓人想起漫長的旅途、在埃及繞的彎路、在夜空下數算繁星、那冒著煙的火爐、逃跑的婢女、山上的公羊，還有這當中的笑聲、失敗、應許、祝福與盼望。

如果我們用正確的眼光來看，這份長長的名單，其實能為我們展現出一幅橫跨漫長歷史的美麗畫卷。

邀請你來看看今天的影片，了解《歷代志》是怎麼透過家譜，還有許多其他的方式，來重新述說以色列過去的故事，好為更美好的未來帶來盼望。

反思問題

1. 請仔細看看《歷代志上》3章17到24節的家譜。你認得當中哪些名字呢？這部分的家譜，有沒有給你一些線索，讓你知道《歷代志》的作者大概是在什麼時候寫下這卷書的呢？

2. 當你繼續閱讀這些家譜時，請留意作者對君王和祭司職分的強調。想一想，是哪個家族的系譜，指向了大衛後裔那位彌賽亞君王的故事？又是哪些名字，和在聖殿裡事奉的祭司有關呢？"
"221","掃羅的不忠，大衛登上王位，還有耶和華對新王的祝福。今天讀到這裡的時候，你有沒有一種似曾相識的感覺呢？這很可能是因為《歷代志》的作者，大量參考了《撒母耳記》和《列王紀》的內容。事實上，他參考得非常多，以至於很多故事讀起來幾乎一模一樣。

沒錯，是幾乎。

我們有時候會很想快速翻過這些重複的故事。但如果只是走馬看花，我們可能會錯過《歷代志》作者在編輯和編排上的巧思。如果我們仔細慢慢讀，就會發現他刻意省略了一些部分，也加入了一些有趣的新細節。

舉個例子來說，我們可以看看《歷代志上》12 章 23 到 40 節裡，加入大衛陣營的名單。請留意那些名字和數字背後的關鍵細節。聚集到大衛身邊的人，包含了以色列全部的十二個支派，甚至連利未支派也來了。而且，他們不僅僅是帶著刀劍前來，他們還帶來了麵粉、無花果餅、酒和橄欖油，生動地描繪出十二個支派在耶和華受膏君王的帶領下，完全合一的畫面。這是不是讓人聯想到伊甸園那樣的豐盛呢？是不是感受到以色列全會眾的喜樂？這聽起來，簡直就像是先知書裡所描繪的美好景象！

《歷代志》的作者不單單只是在重複過去的故事，他其實是透過重新講述這些故事，來提醒百姓，我們有充分的理由對未來充滿盼望。這是一趟漫長又艱辛的旅程。但如果我們把眼光放遠，看見上帝一路走來那份愛、保護與賜下生命應許的模式，你就會發現，這個古老的故事，其實正指向一位即將掌權的新彌賽亞君王。

我們在信心與恐懼之間不斷掙扎的循環，最終將在這位君王充滿智慧與恩慈的統治下被打破，帶領我們進入一個充滿喜樂、平安與豐盛的新時代。這位君王就像大衛一樣，但卻比大衛更加美好。

反思問題

1. 你可能已經注意到，《歷代志》作者不僅在內容上，在寫作風格上也和《撒母耳記》與《列王紀》的作者不同。請仔細看看《歷代志》作者那些充滿詩意的描述和尊貴的用詞，你可以參考《歷代志上》11 章 23 節、12 章 8 節、12 章 14 到 15 節，或是 14 章 17 節。這些優美的文學修辭，如何改變了你讀這個故事的感受呢？

2. 請看看《歷代志》作者對大衛家庭的記載，在《歷代志上》14 章 3 到 7 節。作者在他的版本中，刻意省略了故事的哪些細節呢？如果你需要喚起一下記憶，畢竟距離讀《撒母耳記》和《列王紀》已經有一段時間了，你可以回去翻翻《撒母耳記下》3 章 12 到 14 節，或者是《撒母耳記下》11 章。這些省略的細節，是如何影響《歷代志》對大衛形象的塑造呢？
"
"222","如果一個人走起路來像祭司，說話像祭司，獻祭像祭司，事奉的時候也像祭司，那他可能就是一位……君王？在今天的經文裡，歷代志的作者把焦點從大衛這位受膏君王的角色，轉移到他作為君尊祭司的一面。

大衛在錫安山上建造了他的聖城。接著，他搭起一個帳幕，把約櫃安放在裡面，讓耶路撒冷成為以色列的屬靈首都。為了慶祝這件事，大衛舉辦了一場超級盛大的慶典。現場有歌唱、有舞蹈，還有吹奏樂器的隊伍。這位君王甚至親自在街上開心地跳躍旋轉，帶領著身後充滿活力的利未人，也就是祭司支派的遊行隊伍。

想想看，以色列的君王登上了一座彷彿在地如在天的嶄新山峰，把象徵耶和華同在的約櫃，帶回如同伊甸園般的帳幕裡？這真是一個不可思議的時刻啊！

不僅如此，當大衛王把約櫃帶進耶路撒冷時，他竟然做了只有祭司才能做的事。他搭起帳幕，這照理說是利未人的工作，記在民數記1章51節和4章1到33節。他穿上了祭司專用的細麻布禮服，包含了以弗得，這可以參考出埃及記28章。他甚至親自向耶和華獻祭。要知道，這項神聖的職責，對祭司家族以外的人是絕對禁止的，可以參考民數記3章。在這場耶路撒冷的壯觀盛會進入尾聲時，大衛還為以色列人祝福，就像大祭司亞倫曾經做過的一樣，記在民數記6章22到27節和申命記10章8節。

歡迎你觀看今天的影片，來更深入認識大衛這位具有祭司身分的君王，並且看看他如何預表著未來那一位，人類真正且完美的君尊祭司。

反思問題

1. 花點時間默想創世記14章18到20節和詩篇110篇。麥基洗德如何預示了大衛在今天經文中，所扮演的君王與祭司的雙重角色呢？

2. 回顧一下利未記10章1到3節。上一次有人向耶和華獻上不合規定的祭物時，發生了什麼事？而在今天的經文裡，當沒有被按立為祭司的大衛向耶和華獻祭時，又發生了什麼事？這件事讓你看出，耶和華對大衛這樣的舉動抱持著什麼樣的態度呢？
"
"223","「過了一年，到列王出戰的時候……大衛仍住在耶路撒冷」（歷代志上20章1節）。哎呀，糟了。這個故事我們之前就看過。當大衛逃避了他該負的責任時，最終帶來了可怕的災難——通姦與謀殺的罪行，讓大衛的家庭陷入了骨肉相殘與關係破裂的無底深淵。

這一次，故事直接跳過了這段大衛通姦與謀殺的悲慘歷史。看起來，寫歷代志的作者似乎想把大衛這些見不得光的秘密掩蓋起來；但其實，作者本人讀過撒母耳記和列王紀，他知道讀者們也都讀過。他之所以在這裡省略了大衛的失敗，是為了激勵我們，去期盼那位未來將要出現的彌賽亞君王。那位君王絕對不會奪取別人的妻子，更不會用謀殺來掩飾自己的罪。

不過，這並不代表作者略去了大衛所有的過錯。在今天的經文中，就記載了大衛沒有信靠耶和華，反而去核點軍隊人數的故事。在這裡，作者透過一個大衛犯下嚴重過犯的故事，將大衛描繪成一位像祭司一樣為百姓代求的人。

大衛懇求耶和華饒恕百姓，使他們免受嚴厲的審判。這就像是一個文字的超連結，把我們的思想連回到摩西在金牛犢事件後，乞求耶和華饒恕百姓的情景（出埃及記32章30到32節）。

大衛也在未來要建造耶和華聖殿的根基上築了一座祭壇。當大衛在這座壇上獻祭時，他求告耶和華，耶和華就從天上降下火來回應他。這就和以利亞在迦密山上的故事一模一樣（列王紀上18章36到38節）。

有一位君王即將來臨。祂會像摩西一樣，為了拯救百姓而代求；祂會像以利亞一樣，帶下上帝在山上所彰顯的大能；祂會像亞倫一樣獻祭，並且在大衛失敗的地方，獲得完全的得勝。

反思問題

1. 請仔細讀讀歷代志上18章1到12節。大衛是怎麼處理他在戰爭中贏得的財富和馬匹的？請把這些細節和申命記17章14到20節裡，摩西律法對以色列君王的規定做個比較。你注意到了什麼？歷代志的作者是如何運用這些經文的超連結，把大衛呈現為一位順服的君王呢？

2. 請比較一下歷代志上21章18到26節大衛買下禾場的記載，以及撒母耳記下24章18到25節的記載。你注意到這兩處有什麼不一樣的地方嗎？歷代志的作者可能想透過這些細節，來強調大衛品格上的哪些特質呢？
"
"224","嘿！你們知道是誰在耶路撒冷蓋了以色列的第一座聖殿嗎？如果你去問寫下《撒母耳記》和《列王紀》的作者，他們一定會告訴你，就是所羅門王啦！他不但進口了木材、找來了各路工人，還親自盯著整個建造工程。從放下的第一塊基石，一直到擺在祭壇旁邊的最後一個金碗，所羅門每個細節都不放過。不過，要是你去問《歷代志》的作者，他絕對會告訴你，大衛才是那個為聖殿扛下大部分重擔的幕後大功臣喔！

在今天的經文裡，我們會看到大衛為了蓋聖殿，幫他兒子所羅門準備了一個超豪華的新手大禮包！他先是招募了採石工人，囤了好多的鐵跟銅，還從皇室金庫裡特別撥出金子和銀子，甚至連祭司跟利未人都找好了，就等聖殿一蓋好，大家馬上就能進去服事。不只這樣，大衛還號召全以色列的領袖一起來挺這個計畫。簡單來說，所羅門其實只要把這些準備好的神級積木拼起來就搞定了啦！

《歷代志》的作者也告訴我們，為什麼大衛不能親自為上帝蓋聖殿。原來是因為他打過太多次仗，手上沾滿了鮮血。雖然大衛在戰場上的征戰讓他失去了蓋上帝神聖居所的資格，但他打下的這些勝仗，卻也幫所羅門的統治帶來了滿滿的安全跟平靜。所以囉，名字剛好帶有「和平」意思的所羅門，就順理成章成了代替他蓋聖殿的最佳人選。

對《歷代志》的作者來說，君王祭司和榮耀的聖殿，根本就是超級完美的組合。作者透過強調大衛在建殿過程中扮演的關鍵角色，其實是想把我們的目光引導到未來的那一天。到那時候，一位更偉大的君王跟一座更榮耀的聖殿，將會一起震撼降臨喔。

反思問題

1. 請把大衛對所羅門說的話（就是《歷代志上》22:6-13），跟上帝對約書亞說的話（就是《約書亞記》1:1-9）拿來比一比。你有沒有注意到什麼超像的地方呢？這些經文之間的互相呼應，告訴了我們大衛到底希望所羅門成為什麼樣的領袖啊？

2. 根據《歷代志上》23的記載，利未人在聖殿裡到底負責哪些工作呢？這跟他們在《民數記》3-4裡面負責會幕的工作有什麼不一樣呀？你在這兩段經文裡，有發現什麼相似的細節嗎？
"
"225","想像一下，即使以色列人當年還在艱難的曠野中跋涉，他們仍然建造了一座閃耀著伊甸園榮美與豐盛的帳幕，並且帶著它一起旅行。那麼，當以色列國力達到巔峰，擁有了豐富的資源時，他們所建造的聖殿，又會有多麼輝煌呢！

在今天的經文中，歷代志的作者繼續為我們敘述大衛帶領建造聖殿的故事。就像耶和華神當年把建造帳幕的「樣式」指示給摩西一樣，上帝也把聖殿的藍圖與樣式指示給了大衛（參考出埃及記25章9節與40節；歷代志上28章11到12節）。就這樣，這座移動的伊甸園不僅得到了一次大升級，更找到了一個永久的安息之所。

在大衛臨終前，他勉勵以色列的領袖們為建造聖殿來奉獻。他這番話，呼應了當年摩西為建造帳幕籌集物資時，對以色列群體所作的宣告（參考出埃及記35章1到18節）。而大衛的聽眾也和摩西當年的聽眾一樣，作出了極為慷慨、甚至可以說是毫無保留的回應（參考出埃及記35章20到29節）。

摩西那一代在曠野流浪的百姓，只有金飾和染色的布料可以奉獻；但大衛時代的國家菁英們，獻上的卻是成堆的金子與寶石。

聖殿雖然擁有著更多的榮耀與更宏偉的規模，但它與帳幕的基本設計卻是相同的。大衛給所羅門的詳細指示讓我們看到，聖殿裡放置了和帳幕一樣的器具，比如：祭壇、金燈臺、擺設陳設餅的桌子等等。在耶和華這神聖空間的最深處，閃耀著金光的基路伯展開雙翅，遮掩著約櫃。（你可以回想一下，當亞當和夏娃被趕出伊甸園時，上帝在園子門口安設的，正是兩個基路伯呢。）

鼓勵你去看看相關的聖經影片，多了解這些守衛著天與地交界處、充滿神祕色彩的屬靈生物。歷代志中所描繪的那座無比榮美的聖殿，其實正指向一個未來更具榮耀的空間——在那裡，天與地將會真實地相遇。

反思問題

1. 請比較歷代志（歷代志上29章10到30節）和列王紀（列王紀上2章1到10節）裡，關於大衛臨終遺言與過世的記載。你注意到了哪些不同之處呢？

2. 注意在今天的經文裡，約櫃被稱為戰車（歷代志上28章18節）。你還在聖經的哪裡看過耶和華的同在停駐在戰車上呢？（給你一個提示，可以翻到以西結書1到3章找找看。）這個發現，如何幫助你更深地理解以西結書的開頭呢？
"
"226","今天我們要開始讀《歷代志下》啦，這原本是一整卷書的後半段喔。我們現在已經進入希伯來聖經的最後衝刺階段了！《歷代志》的作者把這卷書後半部的重點，都放在住在南國猶大的大衛子孫身上。

作者特別挑選並且編排了這些故事，是為了要向我們展現，上帝在舊約時代帶領猶大君王們的一個重要規律。在當時，那些信靠而且跟隨上帝的君王，就經歷了上帝所賜的成功還有滿滿的祝福；可是那些背離上帝的君王，下場就完全相反啦。這也讓我們看見，只有耶穌基督才是那位真正完全順服的君王喔。

第一個故事回顧了所羅門王，特別展現他統治時期美好的一面。我們之前在《列王紀》中有看到，所羅門掌權的過程其實伴隨著一些血腥的暗殺和政治角力，不過《歷代志》的作者並沒有提起這些事。相反地，故事直接跳到了所羅門在基遍慷慨地獻祭，還有他向上帝求智慧的禱告。

《列王紀》花了不少篇幅，在描述所羅門是怎麼把智慧運用在生活當中的，但《歷代志》卻是直接把重點轉向了建造聖殿。所羅門遵照他父親大衛的吩咐，用他超級豐厚的財富，為上帝建造了一座榮耀輝煌的黃金聖殿。

儘管《歷代志》跟《列王紀》有很多不同的地方，但在這一點上，這兩卷書的看法卻是完全一致的：耶路撒冷聖殿的設計，其實就是一個宛如伊甸園的空間。不管是雕刻在牆上，還是編織在幔子上的黃金、棕樹、石榴和基路伯，每一個細節都閃耀著像花園那樣蓬勃的生命力呢！

所羅門順服上帝的心意來建造聖殿，帶來了上帝豐盛的同在與祝福。而且，這一切其實都只是一個影子，真正完美的聖殿跟更美好的事情，都在耶穌基督裡等著我們喔！

反思問題

1. 請把《歷代志下》1:1-13，所羅門在基遍獻祭並且求智慧的故事，拿來跟《列王紀上》3:1-15同一個故事做比較。你注意到了哪些相同點跟不同點呢？《歷代志》的作者在他的版本裡，特別強調了哪些主題啊？

2. 在今天的經文裡，我們讀到所羅門「在耶路撒冷、上帝的摩利亞山上建造上帝的殿」，這記載在《歷代志下》3:1。請花一點時間複習《創世記》22章，這可是希伯來聖經中唯一另外一個提到摩利亞山的故事喔。關於這座山的歷史，你學到了什麼呢？
"
"227","試著用短短幾個字來形容歷代志這卷書。「我們不是讀過了嗎？」「大衛：只挑好的寫。」「不會吧，又是一大串人名？」

這個說法其實挺貼切的：「整部希伯來聖經，只是短了一點。」

歷代志上開頭的家譜，追溯了從亞當到掃羅的聖經故事線，短短九章就飛快地走完了從創世記到撒母耳記的歷史。接著，腳步慢了下來，鏡頭特寫在大衛王身上，將他描繪成神所設立的君王兼祭司，也是神應許將來要來到的那位統治者。然後，歷代志下又開始快轉歷史，這一次，一路衝向了以色列被擄的時期。

今天的旅程，將把我們帶到以色列歷史上，目前為止最輝煌的一刻。

全國上下在一位君王的帶領下團結一心。在所羅門充滿智慧的統治下，百姓享受著和平、安全，還有如同伊甸園般的豐盛。最巔峰的時刻，就是耶和華榮耀的同在，充滿了剛剛建好的聖殿。全國歡慶了整整兩個星期，大家唱歌、吃喝快樂，獻上的祭物多到數不清。這一切美好得簡直不像是真的。這些華麗的描述，不僅是在慶祝過去曾經發生的事，同時也在期盼著未來將要成就的美好。

歷代志就像是希伯來聖經的濃縮版，但它不是唯一一卷這樣寫的書卷。詩篇同樣也重述了整部希伯來聖經的故事，只是用了詩歌的形式。和我們今天讀的歷代志經文很像，今天的詩篇，也帶我們看見以色列歷史的最高峰。

詩篇第七十二篇，將所羅門統治中那些忠心、美好的部分，看作是神未來那位彌賽亞君王的預表。第七十二篇也是詩篇五卷當中，第二卷的最後一首詩歌。緊接著在第三卷，局勢即將逆轉，以色列的和平時代就要開始步入黑暗。

請看看今天的影片，了解詩篇的設計與編排，如何像是一份邀請函，邀請讀者完全沉浸在整個聖經的故事當中。

反思問題

1. 我們可能已經讀過了歷代志裡關於大衛的段落，但他仍然扮演著舉足輕重的角色。在今天的經文裡，你能找到幾次提到大衛的名字呢？這樣的重複，可能暗示了歷代志作者，是用什麼樣的眼光來看待以色列的歷史呢？

2. 詩篇第七十二篇是如何描述以色列那位彌賽亞君王的品格與統治？所羅門在哪些地方達到了這些期望？又在哪些地方虧缺了呢？
"
"228","熟悉的場景總會勾起舊的回憶。在今天的影片中，你會學到作者如何利用場景來建立你的期望，或是打破你的預期。無論是哪一種情況，場景都不只是故事的背景而已，它們其實是故事情節的一部分。

就拿埃及來說吧！當亞伯拉罕的一家人來到這裡時，往往會發生一些不好的事。通常來說，當然不是每一次，但只要埃及這個場景一出現，就暗示著有些不祥、痛苦的事情即將發生。當所羅門決定與埃及結盟，像是娶了法老的女兒，這記載在歷代志下八章十一節；或是從埃及進口馬匹，記載在歷代志下九章二十八節。這一切跟埃及糾纏不清的關係，都讓人有一種不祥的預感，彷彿痛苦就要降臨。

果然，幾年的時間飛逝，所羅門跟埃及的關係開始變質，然後情況變得更糟。所羅門死後，他的兒子羅波安繼承了王位，卻立刻把整個國家搞得一塌糊塗。羅波安只花了短短三天的時間，就失去了十二個支派當中的十個。在接下來的統治期間，他不斷背棄耶和華，甚至帶領全國百姓跟著他一起這樣做。

在羅波安的管理之下，耶和華的聖殿被洗劫一空，而搶劫他們的，你猜對了，正是埃及。埃及王示撒入侵了耶路撒冷，把王宮和聖殿裡的寶物全都搜刮得一乾二淨。

不過，當羅波安在耶和華面前謙卑自己的時候，神就對南國大施憐憫。儘管羅波安對神不忠，神依然顯出祂的慈悲，並且看見猶大之中還有一些善事。

反思問題

1. 請默想歷代志下十一章十三到十七節，這是一段在列王紀中找不到的新故事。你認為，歷代志的作者為什麼要特別加入這些關於祭司和利未人離開北國、轉而支持大衛家族的內容呢？

2. 回想一下，歷代志是在以色列人被擄歸回之後寫成的，目的是要帶給他們未來的盼望。歷代志的作者在羅波安的歷史中補充了這些細節，對於那些曾經因為背棄耶和華而經歷毀滅性後果的以色列人來說，這能如何為他們帶來盼望呢？
"
"229","「上帝的眼目遍察全地，要顯大能幫助向祂心存誠實的人」，這句話記在《歷代志下》16章9節。就像這樣，《歷代志》的作者也很仔細地去研究以色列的歷史。他主要是想提醒大家，當國王全心全意愛上帝的時候，整個國家會變成什麼樣子；反過來說，如果他們不愛上帝，又會落得什麼下場。

《歷代志》的作者回顧了好多人物故事，就是為了讓後代子孫永遠記住猶大國的歷史。他希望所有上帝的子民，都能從這些屬靈前輩的經歷中學到功課。這不只能幫我們避免犯下同樣的錯誤，更希望能激發我們對上帝、對人有更多的愛，並且更願意去相信和依靠上帝的教導，也就是希伯來文說的「妥拉」。

跟大多數的聖經作者一樣，《歷代志》的作者在教這些歷史功課的時候，並不會直接告訴你這樣做到底是好是壞。相反地，他希望我們自己去看看這些國王所做所為帶來的後果，然後再來評估他們當初的決定到底對不對。

舉個例子，你可以注意一下今天經文裡的國王發生了什麼事。耶羅波安為了一對金牛犢而拋棄了上帝，他趕走所有忠心服事的祭司，還背叛了耶路撒冷大衛家的王權。結果呢？耶羅波安的軍隊被打得落花流水，就算他軍隊的人數足足是敵軍的兩倍也沒用。

另一方面，亞撒王和約沙法王在位的時候，就很努力地去打碎偶像、修復上帝的聖殿，還鼓勵老百姓要順服上帝的律法。結果呢？整個國家都太平了。他們的步兵只靠著盾牌和長矛，就打敗了敵人好幾百輛的戰車，還帶回滿滿的戰利品。連外國的國王也都帶著金銀和牲畜這些禮物，大批大批地跑到耶路撒冷來。

就像摩西一樣，《歷代志》的作者也擺出了兩條路讓我們選。一條是通往生命和祝福，另一條則是通向死亡跟災難。

反思問題

1.注意一下，亞比雅把上帝對大衛家的應許稱為「鹽約」，這記在《歷代志下》13章5節。在舊約聖經的很多地方，鹽象徵著上帝跟以色列人立下那長久不變的約，像是《利未記》2章13節和《民數記》18章19節。如果鹽代表著上帝那古老又長久、為了更新世界而給的應許，那麼把這兩件事連在一起看，能怎麼幫助你去理解耶穌在登山寶訓裡，稱呼跟隨祂的人是「世上的鹽」呢？這段話記在《馬太福音》5章13節喔。

2.請花點時間默想《耶利米書》29章13到14節。在今天的經文裡，你可以在哪裡看到這種「尋找」跟「尋見」的呼應呢？聖經裡這些互相呼應的內容，又可能會怎麼鼓勵《歷代志》的讀者，讓他們願意對上帝保持忠心呢？
"
"230","戰爭、乾涸的河谷，還有等候上帝為我們贏得勝利，這些聽起來是不是有點耳熟呢？你可能覺得有聽過，也可能覺得沒什麼印象。

你可能對今天讀到的幾個故事有點印象，像是約沙法跟亞哈結盟打仗、米該雅被假先知打了一巴掌，還有一支不知道從哪裡飛來的流箭射死了亞哈。這些故事跟我們在《列王紀》裡讀到的幾乎一模一樣喔！

不過，《歷代志》的作者加入了一些新內容，讓故事變得更豐富了。在讀《列王紀》的時候，我們大概猜得到，約沙法跟亞哈結盟是個超糟糕的決定，因為亞哈是個殺人兇手、拜偶像，而且根本是個大壞蛋。《歷代志》就證實了這個結盟，的確是約沙法在判斷上的一個嚴重失誤。事實上，上帝甚至還派了一位先知去責備他。

儘管如此，《歷代志》還是把大部分的重點，放在約沙法所做的好決定上。當摩押人跟亞捫人聯手入侵猶大國的時候，約沙法帶領全國上下來到聖殿，透過禁食和禱告來專心信靠上帝。

上帝垂聽了國王迫切的呼求。敵人根本沒能越過那條乾涸的河谷，也就是在雨季會氾濫的深谷。在水邊發生的奇蹟救援？這個故事我們還真的是聽過耶！

當約沙法帶領著由詩班跟戰士組成的軍隊抵達戰場時，戰爭居然已經結束了。他們站在河谷邊，望著滿地敵軍的屍體。這個畫面就像摩西時代的以色列人，站在蘆葦海，也就是我們常說的紅海旁邊，看著法老軍隊的屍體被沖上岸一樣。

《歷代志》不只是在重述舊故事而已。它向我們揭示了一個上帝拯救的模式：當驚恐的人們身陷極大危險、站在海邊或河邊，單單信靠上帝的拯救時，上帝是如何信守他的承諾。（要記得，在聖經中，大水通常象徵著混亂跟死亡。）這個模式一次又一次地出現，最終甚至指向了耶穌基督在約旦河的受洗與他所成就的救恩。

即使面對看似無法跨越的危險，上帝依然是值得我們信靠的，他必定會保守我們的靈魂，賜給我們在基督裡永恆的拯救。這個模式展現了上帝無比的信實，他用過往已經證明、真實展現出來的品格與作為，來邀請我們全心全意地信靠他。

反思問題

1. 比較《歷代志下》20章和《出埃及記》14章。你注意到了哪些共同的畫面、用詞和場景呢？你認為為什麼《歷代志》的作者，要用出埃及故事裡的語言，來描述上帝拯救約沙法的方式呢？

2. 你能想到其他以色列人靠著吹奏樂隊，就取得戲劇性軍事勝利的故事嗎？（可以翻到《約書亞記》6章找找提示。）去思考這兩個故事之間的連結，可以如何幫助你更深地理解今天的經文呢？
"
"231","歷代志一開始，給了我們一個充滿盼望的畫面，期待大衛家的王權可以延續下去，為全地帶來和平。可是，猶大國的君王們本來應該效法大衛美好的榜樣來治理國家，卻選擇像巴比倫那些邪惡的君王一樣，用暴政來統治。結果，他們把南國一步步推向了毀滅的深淵。

約蘭雖然是好國王大衛的後代，但他同時也是那個極其敗壞的國王亞哈的外孫。為了穩固自己的王位，約蘭竟然殘忍地殺害了自己所有的兄弟，接著又帶領整個南國去拜偶像。然而，種下邪惡的必收割邪惡，約蘭最終悲慘地死去，死得非常痛苦，又充滿了羞辱。

讓人惋惜的是，約蘭的兒子亞哈謝並沒有學到教訓，反而步上了父親的後塵。他甚至跑去跟北國的亞哈家族結盟。當耶和華神對亞哈家族降下嚴厲審判的時候，亞哈謝也跟著一起陪葬了。

接下來的國王約阿施，一開始表現得比較好。在他統治的初期，他拆毀了敬拜巴力的祭壇，還重新修建了聖殿。可是，當帶領他的祭司耶何耶大過世之後，約阿施就轉身背棄了耶和華。

我們看到，一種潛伏在暗處的邪惡，就像利爪一樣，緊緊揪住了耶路撒冷歷代君王的心，把這座原本屬神的城市，變成了充滿暴力、不公義和腐敗的溫床。請看看今天的影片，了解聖經中那個常常潛伏在城市裡的怪物，同時也來認識神那令人驚嘆的計畫，看祂要如何重新奪回這座城市，將它變成祂充滿榮耀的花園國度。

反思問題

1. 請回顧創世記10章8到10節，以及創世記11章1到4節。在這兩個故事裡面，人們為什麼決定要建造城市呢？這些早期的造城計畫，會怎麼影響你對聖經接下來提到的城市的看法呢？

2. 請比較歷代志作者對約阿施統治時期的記載，也就是歷代志下23到24章，還有列王紀下11到12章的版本。這兩邊的記載有哪些相同的內容？歷代志作者又在哪裡加入了新的資訊？你認為歷代志的作者想透過這些細節，來強調什麼樣的主題呢？
"
"232","在舊約時代，上帝常常用豐沛的雨水、成群的牛羊，或是以寡擊眾的奇蹟勝仗，來彰顯他對以色列人的看顧。如果你想知道如何能在生命中經歷上帝這份奇妙的保守，哈拿在《撒母耳記上》2 章裡，有一些很棒的提醒要分享給我們喔。

在今天的經文裡，我們看到哈拿之歌的核心信仰，再次生動地展現在猶大國幾位君王的生命中。哈拿的詩歌，頌讚了對耶和華謙卑的倚靠。這份信靠是建立在上帝無可阻擋的大能之上，因為他能戰勝邪惡，並且拯救人的生命。

當大衛的子孫把謙卑和忠心擺在第一位時，他們就親身體會到，耶和華確實會「保護聖民的腳步」，就像《撒母耳記上》2 章 9 節說的那樣。比如說，亞瑪謝選擇信靠耶和華，而不是去雇北國的傭兵，結果他打了一場大勝仗。烏西雅，也就是亞撒利雅，他也尋求耶和華，並且聽從祭司的建議，這為國家帶來了平安，甚至享受到了非常豐盛的恩典。

可是，當這些國王開始驕傲自大時，就像哈拿的詩歌裡提到的，他們就遇到了一位「折斷勇士之弓」的上帝，正如《撒母耳記上》2 章 4 節所寫的。亞瑪謝後來變得驕傲，主動去挑釁北國，最後以丟臉的失敗收場。烏西雅則是大搖大擺地闖進聖殿，企圖代替祭司獻祭，結果染上了一輩子無法治癒的皮膚病。

歷代志作者所記錄的這些真實案例，對我們來說，既是鼓勵也是警告。當年那些被擄歸回的以色列人，雖然生活貧困，還受到波斯帝國的壓迫，但耶和華會「從灰塵中抬舉貧寒人，使他們繼承榮耀的座位」，就像《撒母耳記上》2 章 8 節應許的那樣。

要記住：耶和華是一位全知的上帝，總有一天，他會審判地極。他最終必會徹底消滅一切的邪惡。

而且，耶和華是一位會扶持受壓迫者的上帝，他會恢復他們的生命與尊榮。

反思問題

1. 你能想到以色列歷史上，還有哪一位國王也是自作主張，自己跑去向耶和華獻祭的嗎？《撒母耳記上》13 章會給你一點提示喔。當時發生了什麼事呢？將這兩件事對照來看，對你了解烏西雅的性格有什麼幫助呢？

2. 請花一點時間默想《詩篇》1 篇。在今天的經文裡，你從哪裡看到這篇詩篇所提到的兩條路，也就是義人的路和惡人的路，真實地發生在這些君王的身上呢？
"
"233","一位新王登上了寶座，卻讓整個國家的道德直線墜落。說得委婉一點，亞哈斯簡直是在打造一個人間地獄。

他讓猶大遍地都立滿了巴力的神像。他封死了耶和華聖殿的大門，把裡頭的器具都砸得粉碎。他向外邦的神明燒香。他甚至在耶路撒冷東南方的欣嫩子谷設立祭壇，在那裡把自己的親生骨肉當作燔祭，燒給了偶像！

拜偶像？

獻祭兒女？

這個山谷，真的是名副其實的人間地獄。我們今天的影片會解釋，欣嫩子谷後來是怎麼被稱為基欣拿的，這個詞常常被翻譯成「地獄」。

經歷了這些令人髮指的惡行之後，這片山谷就成了受咒詛的土地。到了耶穌的時代，這裡已經變成毫無價值、專門用來丟垃圾的地方了。為了控制垃圾的數量，那裡的火總是不停地燒著。這就是一個在耶路撒冷城牆外面、日夜燃燒著的垃圾堆。

亞哈斯那種極其可怕的悖逆，和他兒子希西家全心全意的忠心，形成了強烈的對比。我們從列王紀和以賽亞書裡，已經對希西家留下了很好的印象，這些書卷強調了希西家對耶和華的信靠。而歷代志，則是特別讚揚希西家對聖殿的用心愛護。

希西家一登上王位，就立刻重新打開聖殿的大門，並派了一隊利未人去清理這個屬靈的爛攤子。他們花了整整兩個星期的時間，才把亞哈斯拜偶像所留下的惡臭，從牆壁和器具上洗刷乾淨。當耶和華的神聖空間再次煥然一新時，希西家舉辦了一場盛大的敬拜慶典來慶祝——獻祭、音樂，所有敬拜的元素應有盡有。

從那之後，整個國家的情況就開始不斷地好轉。他們舉辦了一場逾越節慶典，讓南國和北國聯合起來，展開了一場全國性的摧毀偶像運動。百姓們給出的什一奉獻非常慷慨，多出來的物品甚至在聖殿旁邊堆積如山。極大的祝福簡直躍然紙上。希西家準備好要扭轉這個國家的命運了嗎？

反思問題

1. 請重讀耶利米書七章30到34節。耶和華警告說，當上帝的神聖審判臨到耶路撒冷時，欣嫩子谷會發生什麼事呢？這個山谷的歷史，會如何幫助你更深地理解地獄，也就是基欣拿的意義，以及上帝的公義呢？

2. 請比較歷代志下三十章23到27節裡，希西家重新奉獻聖殿的慶典，以及歷代志下七章1到10節裡，所羅門時期最初的聖殿奉獻慶典。你注意到了哪些相似的地方呢？歷代志的作者，可能是想透過這些互相呼應的經文，來傳達關於希西家統治的什麼信息呢？
"
"234","寫《歷代志》的作者其實沒有在幫人粉飾太平喔，他也沒有刻意去美化那些猶大國的君王。他是很誠實地把他們好的一面、壞的一面，甚至是那些最醜陋的一面通通記錄下來。今天的經文剛好講到了大衛家族裡，那段動盪不安的四代歷史。這幾個國王不管是成功還是失敗，都為後來上帝的子民留下了超級寶貴的功課。

從希西家王身上，我們學到一件事，就是一個真正對上帝忠心的生命，是需要從頭到尾完全倚靠上帝的。希西家一開始其實做得挺好的，但是呢，當耶路撒冷城外不再被亞述大軍包圍，反而充滿了成群的牛羊時，他卻開始去倚靠他那些多到滿出來的金銀財寶，而不是繼續倚靠上帝了。

後來，當一場大病考驗著這位國王的信心，加上那些來意不善的巴比倫使者跑來拜訪這座城市的時候，希西家又更進一步跌倒了。他陷入了一種錯誤的迷思，還以為眼前的這些物質財富，就可以為現在帶來安全感，甚至為未來帶來盼望呢。

至於從瑪拿西王身上，我們學到的是，不管一個人偏離上帝有多遠，只要你願意回頭，永遠都不會太晚。拜偶像、行邪術、把自己的孩子獻作祭物，甚至跑去褻瀆聖殿，只要是律法書上嚴格規定不能做的壞事，瑪拿西竟然全都做了。我們從《列王紀》可以看到，瑪拿西這種毀滅級的邪惡行為，簡直成了壓垮南國猶大的最後一根稻草，直接把國家推向了徹底毀滅的深淵。不過呢，《歷代志》卻在他這段悲劇般的故事裡，加上了一個充滿盼望的結局喔。就在他生命的最後階段，瑪拿西在上帝面前謙卑了下來，還盡了他最大的努力，想要把國家重新拉回正軌。

接著來看看瑪拿西的兒子亞們王，從他身上我們清楚看到，上帝是絕對不容許邪惡永遠立足的。上帝一定會把這些邪惡揭發出來並且拔除掉。亞們一當上國王，就搞出一堆偶像崇拜和各種不公義的事情。而且最慘的是，他跟他爸爸完全不一樣，他根本拒絕悔改。最後，亞們就走上了一條自我毀滅的不歸路。

後來，亞們的兒子約西亞當了王，他反而為這段歷史帶來了意想不到的光明大轉折喔！當約西亞還是個十幾歲青少年的時候，在翻修聖殿的過程中，竟然意外發現了一卷律法書。於是，他馬上把所有人集合在聖殿裡，大聲地把整卷書讀給大家聽，然後帶領著整個南國猶大一起向上帝悔改。

從約西亞的故事裡，我們可以深刻體會到，上帝的話語真的有一種能讓人生命更新恢復的強大力量。這個美好的故事，其實是在一個超級黑暗的背景下展開的。災難馬上就要降臨了，約西亞心裡很清楚，我們現在讀歷史的也都知道。但是，上帝依然充滿了恩典，祂還留下了一點點時間，讓那個世代的人有機會去選擇生命。

反思問題

1. 請比較《歷代志下》32章24到31節，還有《列王紀下》20章。你有注意到哪些相同點和不同點嗎？在講到希西家晚年信心軟弱跌倒的故事時，這兩卷書各自強調了什麼重點呢？

2. 雖然寫《歷代志》的作者，是透過一連串的人物故事來帶我們看猶大諸王的歷史，但我們同樣也可以從這些故事裡，去認識上帝的性情跟屬性喔。《出埃及記》34章6到7節說，上帝是「有憐憫有恩典的上帝，不輕易發怒，並有豐盛的慈愛和誠實，為千萬人存留慈愛，赦免罪孽、過犯和罪惡，萬不以有罪的為無罪」。今天的經文，可以怎麼幫助你更深地去體會這段話真實的意義呢？
"
"235","猶大國已經走到了無法回頭的地步。約西亞王曾帶領全國徹底悔改，並以律法書為指引，努力進行了一場強烈的屬靈急救。他雖然讓百姓的心短暫地再次跳動，但猶大國病得實在太重了。約西亞過世後，百姓又重新落入拜偶像和不公義的罪惡之中。大衛家族的故事，最後就在悲劇、被擄流亡，以及無盡的人間苦難中畫下了句點。

不過，就像我們從先知書，以及以斯拉記和尼希米記中所看到的，被擄流亡並不是以色列的結局。歷代志的作者在重新講述舊約故事的尾聲，把焦點放在了以色列人從被擄之地回歸家園。作者把整卷書最後的一句話，留給了一位外邦君王。波斯王塞魯士下令說：「你們中間凡作他子民的，可以上去，願耶和華他的神與他同在。」

等等。要上去哪裡呢？

歷代志似乎就停在這樣一個沒有說完的句子裡，更別提那些數不清、還沒有實現的應許了。

創世記3章15節所應許的那位會擊碎蛇頭的人，也就是夏娃的後裔在哪裡呢？後來提到亞伯拉罕的那位子孫，那位要把上帝的祝福重新帶給全世界的人，他又在哪裡呢？這記載在創世記12章3節、18章18節和22章18節。那位比大衛更偉大，用屬神的智慧和慈愛來統治，並永遠擊敗邪惡的君王在哪裡呢？還有那座嶄新的聖殿，那充滿聖潔的耶和華居所，上帝的靈在世上安息的榮耀空間，那扇向萬國敞開大門的禱告的殿，到底在哪裡呢？

雖然這是舊約聖經的結尾，但它一直以來所訴說的這個偉大故事，卻還在繼續著。歷代志的作者提醒了我們，還有這許多美好卻還沒有實現的應許。

這卷書帶我們像旋風一樣，走遍了整部舊約聖經，從起初那光輝燦爛的伊甸園，一路走到了聖殿被燒毀後冒著煙的廢墟。這段令人心碎的人類歷史，讓我們深深渴望能找到一個出口，逃離這一切的混亂；我們渴望有人能把我們像石頭一樣僵硬的心，換成一顆充滿生命、跳動著的肉心，並且把上帝這個破碎的世界重新恢復完整。

請觀看今天的影片，來認識這位歷代志作者，以及所有舊約聖經作者們都在熱切期盼的，那位應許中的彌賽亞。

抓緊了，漫長的黑夜即將結束。太陽，就要升起了。

反思問題

1. 花一點時間重新閱讀創世記第3章。這是人類故事裡一切開始出錯的轉折點，也是上帝計畫讓萬物再次恢復正常的起點。在你讀遍舊約聖經的這趟旅程中，關於那位會擊碎蛇頭的人，你學到了些什麼呢？

2. 靜下心來默想舊約聖經裡上帝拯救計畫的故事。你可以複習幾個關鍵的經文，比如創世記12章1到3節、出埃及記19章1到8節，以及撒母耳記下第7章，這會對你很有幫助。在舊約聖經的結尾，我們還在等待上帝的哪些聖約應許實現呢？
"
"236","今天的進度來到了一個重要的轉折點。經過了好幾個世紀的等待，拿撒勒人耶穌終於登場了。這個世界稍微瞥見了整個故事的高潮。你可以透過影片來看看，新約聖經是如何延續神的工作，把祝福重新帶給這個世界。

馬太福音一開始，就用一份家譜來介紹耶穌。這份家譜告訴我們，耶穌就是整個以色列歷史一直期盼的那位主角。請注意名單上的三位外邦女性。透過特別寫出他瑪、喇合和路得的名字，馬太其實在暗示，耶穌將來也會接納外邦人。他讓我們回想起神最初對亞伯拉罕的應許：世界上所有的家庭，也就是萬國，都會因為他的後代，也就是現在的耶穌，而得到祝福，這記載在創世記12章2到3節。

另外，馬太也把耶穌放在大衛王的王室血脈中，以此來描繪耶穌就是大家期待已久的那位神聖君王。請留意馬太留下的一個巧妙細節：無論是當時的希律王，還是耶路撒冷那些有錢有勢的人，都沒有收到從東方來的博士們所送的禮物。這些博士只尊榮並敬拜耶穌，認出他才是新的君王。

你也可以留意一下耶穌出生時所發生的事，和以色列人出埃及的故事之間，有著奇妙的關聯。希律王就像當年的法老王一樣，試圖透過大肆屠殺男嬰，來阻擋神對以色列的計畫，你可以參考出埃及記1章15到22節。這也迫使一個年輕的家庭必須把自己的兒子藏起來，就像出埃及記2章1到3節寫的那樣。奇妙又帶點諷刺的是，天使竟然命令約瑟帶著馬利亞和耶穌，下到埃及去避難！

他們在那裡寄居了一段時間，直到後來耶穌就像當年的以色列人一樣，從埃及出來，進入應許之地。

反思問題

1. 在這個故事裡，有兩次提到了聖靈在耶穌成孕當中所扮演的角色，記載在馬太福音1章18節和20節。回想一下舊約希伯來聖經，你曾經在哪裡看過神的靈參與在創造生命的工作中呢？

2. 耶穌這個名字的意思是耶和華必拯救，而以馬內利的意思是神與我們同在。這兩個名字，引導你對耶穌的身分和使命有什麼樣的思考呢？
"
"237","「天國近了！」有一個超有勇氣、靠吃蟲子過日子的傳道人這樣大喊著。他把一大群人從耶路撒冷吸引到了曠野。約翰的穿著打扮，會讓人馬上想到舊約時代的先知以利亞，也就是《列王紀下》1章8節提到的那個人。約翰說的話，就像是網路上的超連結一樣，連接著舊約聖經裡豐富的經文。他正用上帝那千真萬確的話語，來當作他新宣告的穩固基礎。

為了喚醒大家對伊甸園故事的記憶，約翰警告那些宗教領袖，說他們是一群毒蛇，也就是蛇的後代。這些人不但沒有結出能帶來生命的果子，反而還在製造毒藥。接著，約翰借用《詩篇》和先知書裡常提到的農耕用語，直接指出他們就像是不結果子的壞樹，或者是收成後被丟掉、毫無用處的穀殼。約翰講的話雖然聽起來很激烈，但字字句句都是真的。

就在這個時候，耶穌來了。約翰幫耶穌施洗，而上帝的靈就像鴿子一樣降臨，停在耶穌身上。天上還傳來了宏亮的聲音，宣告耶穌就是天父所愛的兒子。

接著，耶穌走向更深處的曠野去面對考驗。回想一下，當初上帝在伊甸園也給了亞當和夏娃同樣的選擇機會，但他們卻拒絕了上帝美好的計畫，選擇去相信另一個誘惑人的聲音。從那時候開始，世界上的每個人都在犯同樣的錯，做出錯誤的選擇，直到耶穌出現才改變。

耶穌打破了人類一再墮落的歷史循環。當撒但用眼前馬上就能得到滿足的誘惑來引誘祂時，耶穌沒有聽那個聲音，反而是完全順服並且忠於天父的旨意。打贏這場勝仗之後，耶穌正式展開了祂的傳道工作。

大家可以注意一下，亞當和夏娃本來住在充滿平安、孕育生命的伊甸園，但他們錯誤的選擇導致自己被趕出去，走進會奪走生命的荒野，最後在那裡變成塵土。而《馬太福音》的作者讓我們看到，耶穌的雙腳也踏進了那片塵土裡，在荒野中為我們受苦，幫大家指出了一條回家的路。「天國近了！」這句話正是這個意思。

耶穌選擇對上帝的教導保持忠心，這個完美的選擇，為我們開出了一條通往上帝那充滿平安與生命國度的路。這不只是打敗了撒但殘酷的試探，更是耶穌拯救大家的美好起點。

在今天的影片裡，我們會先看到耶穌第一段重要的教導。這位以色列人等了無數個世代的彌賽亞，也就是救世主，到底會對祂的百姓和這個世界說些什麼呢？

反思問題

1. 在《馬太福音》記載耶穌受洗的故事裡，你是怎麼看到聖天父、聖子和聖靈分別在裡面奇妙地動工呢？

2. 回想一下以色列人離開埃及後，在曠野流浪的那段時間。你能找出哪些地方，和耶穌在曠野受試探的經歷有相似的地方嗎？你覺得為什麼馬太要把這些關聯建立起來呢？如果要再想深一點，請想想那些貫穿伊甸園故事、以色列人出埃及，還有耶穌受試探事件的「超連結」，有什麼關鍵線索把這三個事件串在一起？這些線索又暗示了我們關於人的本性、上帝的旨意，或是人類受苦的哪些事情呢？
"
"238","什麼樣的生活才算是美好生活呢？如果聽聽耶穌怎麼說，答案可能會出乎你的意料。在馬太福音的一開頭，作者馬太就讓我們看到一種顛覆常理的模式。舉例來說，一位君王竟然降生在馬槽裡；或是耶穌為了尋求保護與自由，竟然逃往埃及，那個原本象徵著奴役與死亡的地方。

在今天的閱讀中，耶穌延續了這個顛覆的模式。祂向我們啟示，上帝國度那無比榮耀、擁有無限價值的福音，竟然是特別為那些貧窮的、看似不光彩的，也就是常常被社會忽視或輕看的人預備的好消息。

在八福的教導裡，所謂有福了，指的就是快樂、豐盛，也就是過著美好的生活。這九句宣告可以歸納成三個主題：謙卑、公義與和睦。世人可能會說，美好生活來自於強壯的肌肉、掌握發言權的麥克風，或是擁有許多金錢；但耶穌卻說，美好生活是屬於哀慟的人、溫柔的人，還有憐恤人的人。上帝的國度並不專屬於社會頂層的菁英，而是屬於那些能與他人建立正確關係，並且帶著謙卑的心，努力追求公義與和睦的人。

請看看今天的影片，我們一起來探索登山寶訓這段經文精巧的設計，也聽聽耶穌的教導如何應用在我們生活的每一個層面。

反思問題

1. 八福這種顛覆常理的價值觀，告訴了我們上帝具備什麼樣的屬性呢？根據耶穌的說法，真正的美好生活到底是什麼模樣？

2. 耶穌說祂來不是要廢除律法，而是要成全律法。祂還舉了六個例子，說明祂對於正確生活的教導，是如何成全了律法和先知。這說明了舊約聖經有多麼重要呢？同時，這又告訴我們關於耶穌的權柄是什麼呢？
"
"239","耶穌用一段讓人非常震驚的話，結束了登山寶訓的教導。

耶穌說，任何聽見祂對律法書的解釋，並且實際去遵行的人，就像是把房子蓋在穩固的根基上。相反地，拒絕祂教導的人，他們的家將會被大水沖毀。這裡用的，正是洪水的意象。

耶穌關於水的比喻，會讓我們想起挪亞方舟的故事。在那裡，洪水沖走了那些不理會神的人，但挪亞一家因為聽從神，就活了下來。耶穌也呼應了過去先知的說法，他們曾用洪水來象徵敵軍像汪洋大海般追擊（可以參考以賽亞書8章7到8節，以及以西結書13章10到14節）。這些古老的故事都傳達了一個共同的主題：生命是從神而來的。那些願意聽從並按照神指示去行動的人，就能在混亂與死亡的威脅中，經歷神親自的保護。

請注意，耶穌其實是在告訴大家，聽從祂的教導，跟聽從神的教導，會得到完全一樣美好的結果。這讓當時聚集在場的群眾全都驚呆了。

過去，他們也聽過別的老師講道，無論是在猶太會堂裡、猶太地區的街道上，甚至在塵土飛揚的荒郊野外。但耶穌完全不一樣。祂沒有搬出什麼學歷背景，也沒有引用哪位著名宗教領袖的名言；祂教導律法書的時候，那話語彷彿是直接從祂心底流露出來的，就好像律法書根本就是祂寫的一樣。接著，祂走下山，做了一些只有神才能做的事。

讓我們仔細看看耶穌最先醫治的三個人：一個痲瘋病人、一個奴僕，還有一個女人。這三個人有什麼共同點呢？在當時的社會裡，他們都被當作是次等的人。可是，耶穌卻選擇首先走向他們。這就像祂在登山寶訓一開頭的八福中所說的，天國，正是為那些虛心也就是靈裡貧窮的人、哀慟的人，以及溫柔的人所預備的。

反思問題

1. 請比較馬太福音8章5到13節裡羅馬百夫長的信心，以及8章23到27節裡門徒缺乏信心的表現。你覺得，為什麼門徒要完全理解耶穌會這麼困難呢？

2. 耶穌只用一句話就平息了海上的風暴，在混亂中重新帶來了秩序。在舊約聖經中，我們曾經在哪裡看過耶和華神平息混亂的大水呢？這些經文之間的連結，又告訴了我們關於這個故事的什麼訊息呢？
"
"240","上帝的國度正走過加利利的港口、貿易中心和小村莊。耶穌愛著祂遇見的每一個人，並親自趕除邪靈、對抗疾病與死亡。今天的詩篇裡，充滿了對生命被更新與恢復的強烈渴望，而耶穌正用祂充滿愛的醫治行動，成就了這一切。

有幾個朋友帶著癱瘓的同伴來找耶穌求醫治。耶穌看見他們的信心，就對那個人說，他的罪被赦免了。旁邊的宗教領袖聽了，震驚得全都倒抽了一口氣。這膽子也太大了吧！

這簡直是褻瀆！

這些宗教領袖握有極大的權力，他們認為耶穌正在挑戰他們的權威。但耶穌絲毫不受影響，祂完全醫治了那個人，吩咐他站起來回家。耶穌的權柄，就在這一切行動中清楚地展現出來了。

我們可以想一想，在這段經文裡，疾病和罪惡是如何交織在一起的。有時候，聖經故事會把罪惡和疾病緊密相連；但在其他時候，聖經也會清楚說明兩者的不同。不管怎樣，疾病和罪惡都反映出人類目前墮落的狀態，說明我們已經遠離了上帝那賜生命的同在，失去了當初伊甸園裡的美好。

我們會經歷疾病，是因為這個世界已經整體破碎了。而耶穌的醫治事奉，讓我們看見了天國真實降臨的景象——祂正在趕走混亂、黑暗、疾病，甚至是死亡本身的力量。

反思問題

1. 在馬太福音的其他地方，你還在哪裡看過關於耶穌權柄的記載呢？這些描述告訴我們耶穌究竟是誰？這跟馬太福音九章八節裡群眾的反應，又有什麼相似或不同的地方呢？

2. 當耶穌因為和稅吏與罪人一起吃飯而遭受批評時，祂引用了先知何西阿的話說：「我喜愛憐恤，不喜愛祭祀。」這說明了耶穌傳講的信息，跟舊約聖經之間有什麼樣的關聯呢？在聖經中，你還在哪裡看過上帝的憐憫呢？
"
"241","當人們遇見耶穌時，會有什麼樣的反應呢？有些人選擇放下身邊熟悉的一切，跟隨他踏上全新的旅程；有些人遇見了耶穌，卻滿心困惑地轉身離開；還有些人，甚至對他充滿了敵意。今天的經文紀錄了人們對耶穌事工各種有趣的反應，同時也邀請我們在心裡問問自己這個問題。

我們看到，群眾通常對耶穌的奇妙作為反應熱烈，心想他會不會就是那位「大衛的子孫」呢？然而，耶穌的家人和施洗約翰看到了同樣的事情，反應卻是半信半疑，甚至感到困惑。約翰明明親眼看見耶穌受洗時那獨特的景象，也聽見上帝從天上發出宏亮的聲音來肯定耶穌。可是，耶穌接下來並沒有像約翰原本期待的那樣，帶領軍隊推翻敵人。所以，約翰忍不住想問：「你真的是那位真正的彌賽亞嗎？你到底是誰呢？」

就像往常一樣，耶穌並沒有直接回答。他引用了《以賽亞書》的話來形容自己的工作，你可以參考《以賽亞書》29 章 18 到 19 節、35 章 5 到 6 節，以及 61 章 1 節。先知以賽亞提到，上帝所差來拯救百姓的君王，是一位帶來恢復、充滿慈愛的醫治者。耶穌或許不是約翰和許多人心裡期盼的那種能在戰場上殺敵的君王，但他確實就是舊約聖經裡所應許的那位拯救者。

耶穌所要打敗的，不是那些看得見的敵軍，而是全人類共同的敵人。他透過醫治疾病與傷痛、戰勝死亡，並且把好消息傳給貧窮的人，來贏得這場真正的勝利。

反思問題

1. 在《馬太福音》12 章 7 節，耶穌引用了先知何西阿的話說：「我喜愛憐恤，不喜愛祭祀。」想一想，在《馬太福音》的其他地方，耶穌還在哪裡引用過這句話呢？你覺得這些故事之間，有什麼關聯嗎？

2. 在耶穌的時代，人們對於安息日到底可以做什麼、不可以做什麼，總是爭論不休。在《馬太福音》12 章 1 到 13 節裡，耶穌給出了什麼樣的答案呢？他又是如何將這樣的想法，與舊約聖經連結在一起的？
"
"242","以色列人當時非常渴望上帝的國度降臨。多數人以為，這會是一場戰爭，是由上帝賜下大能，徹底擊敗以色列所有敵人的勝利。然而，耶穌關於天國的比喻，卻向我們展示了一條完全不同的路。沒錯，這個國度正如大家所期盼的，擁有無限的能力，能粉碎一切邪惡。但它的起步卻微乎其微，並且緩慢地成長；它是用愛、饒恕，以及帶來祝福的醫治來戰勝邪惡，而不是透過武力與戰爭。

你可以留意一下，《馬太福音》13 章的結尾，人們對耶穌的身分充滿了懷疑；接著，14 章一開始，就提到施洗約翰被斬首。約翰深信耶穌就是那位應許的君王，是《以賽亞書》所預言的那位，也就是上帝國度臨近的印證，這點你可以參考《馬太福音》3 章。但約翰可能完全沒有料想到，自己竟然會因此賠上性命。

面對約翰的死，耶穌並沒有施展大能去消滅那些殺害約翰的兇手，反而帶著受苦的群眾退到了曠野。他充滿憐憫地運用自己的能力，用豐盛的食物賜福給眾人，就像耶和華上帝在舊約中看顧百姓一樣。最後剩下的十二個籃子，不僅讓人回想起以色列的十二個支派，也同時指向未來將要傳承耶穌使命的十二位使徒。

接著，耶穌就像《約伯記》9 章 8 節所描述的那樣，「步行在海浪上」，這可是只有上帝才能做的事喔！可以想見，當門徒看見上帝走在加利利海的水面上時，他們嚇得驚聲尖叫。耶穌安撫他們，鼓勵他們不要害怕，因為他說：「是我。」如果我們看原文，這句話更直接的意思其實是上帝的名字：「我是。」隨後，耶穌平靜了風浪。毫無疑問，如果有人因為耶穌不願意發動戰爭而感到失望，現在看到他具備掌控整個大自然與宇宙的能力，一定會重新充滿盼望。

透過餵飽群眾、在水面上行走、宣告「我是」這個充滿神聖意義的名字，以及從狂風大浪中施行拯救。關於這點，你可以參考《創世記》6 章 9 節到 8 章 17 節、《出埃及記》14 章，還有《詩篇》69 篇。透過這些行動，耶穌不僅向我們展示了天國已經降臨，更親自證明了他不只是彌賽亞，他就是上帝。

歡迎觀看今天的影片，一起來了解《馬太福音》的前半段，是如何一步一步地引導我們，看見這個關於耶穌的神聖宣告。

反思問題

1. 《馬太福音》13 章的比喻，是耶穌第三個主要的教導段落。這些比喻呼應了我們昨天的閱讀內容，當時人們對耶穌的事工有著各種不同的反應。請你想想看，這些比喻和人們對耶穌的不同反應之間，有著什麼樣的關聯呢？

2. 《馬太福音》14 章裡用到了許多詞彙，都和《詩篇》69 篇非常相似。如果你把這兩段經文拿來比較，它們分別向我們揭示了上帝的哪些特質？對於「拯救」，又帶給我們什麼樣的啟發呢？
"
"243","說到「怎樣才算是屬上帝的人」，我們心裡可能都會有一些既定的想法對吧？但耶穌卻完全顛覆了這些觀念喔！在今天的經文裡，有一群宗教領袖跑來挑戰耶穌。他們覺得自己很有權威，可以決定誰才有資格當上帝的子民，誰又該被踢出門外。結果當耶穌的回答跟他們想的不一樣時，他們竟然就把耶穌當成「局外人」，還狠狠地拒絕了祂！

緊接著在下一個故事裡，出現了一位迦南婦人來找耶穌。迦南人跟以色列人可是從古早以來就是死對頭，所以這名婦女絕對是個不折不扣的局外人啦。雖然她相信耶穌是善良的，但耶穌卻用了一個比喻來回答她，說不好把兒女的餅丟給小狗吃，好像是在暗示她的請求不太合適。一個局外人，憑什麼來奢求「局內人」才能有的恩典呢？

不過面對耶穌的考驗，這位婦人完全沒有退縮喔！她非常懇切地求耶穌憐憫她，一點都不輕言放棄。當時門徒們只想趕快把這個外邦婦女趕走，那些宗教領袖肯定也是這樣想的。但是身為上帝的耶穌，卻很有耐心地等待，還很真誠地跟她對話，這是為了要讓大家都能看見這位迦南婦人身上閃閃發光的信心。這份信心剛好證明了，她其實已經活在天國裡，成為屬上帝的人，並且領受了上帝的憐憫和生命喔。

之後，耶穌展開了一趟醫治的旅程，還用七個餅和幾條小魚餵飽了四千人。欸等一下，我們以前是不是聽過這個故事啊？不過上次好像是餵飽五千人對吧？這兩個事件真的很像，但這次紀錄的人數和聽眾可是完全不一樣的喔。這次的群眾是外邦人，也就是所謂的局外人。不過呢，耶穌依然帶著屬上帝那種充滿愛的慷慨，非常豐富地賜福給了他們。

透過這位迦南婦人和這群外邦人，我們真的會發現，耶穌不只是猶太人這群「局內人」的生命之糧，祂更是地上所有萬族萬邦的生命之糧喔！這剛好就應驗了《創世記》12章2到3節的應許呢。

接下來，請你看看今天的影片，先來預覽一下《馬太福音》的後半段，跟我們一起來認識耶穌的好消息到底是怎麼賜給每個人的吧！

反思問題

1. 請留意這些故事裡有提到食物的地方，特別是「餅」。耶穌對餅說了什麼呢？祂最後把餅給了誰？你有注意到這當中隱藏著什麼樣的主題嗎？

2. 請在心裡默想一下彼得在《馬太福音》16章16節對耶穌身分的宣告。我們是怎麼看見門徒們對耶穌的認識，在整卷《馬太福音》中不斷成長的呢？這和其他角色的理解比起來，又有什麼不一樣的地方呀？
"
"244","幾位門徒準備經歷另一個在山頂上超酷的時刻喔！就像你在今天影片裡會看到的，上山就代表我們要去一個天和地交會的地方。在聖經裡面，山一直都是非常重要的場景啦。

今天的經文會帶我們跟著耶穌上山，和彼得、雅各，還有約翰一起爬到山頂上。在那裡，耶穌的身體居然發出光芒，而且摩西和以利亞也出現了！接著，有一朵超亮的雲彩遮住了他們，雲裡面還傳出講話的聲音耶。等等，我們倒帶一下，這個時候的摩西和以利亞，不是已經過世好幾百年了嗎？這到底是怎麼一回事啊？

其實喔，摩西是以色列律法的代表，而以利亞代表著歷史上所有的先知。這個畫面讓我們看到，上帝親自證明了耶穌就是那位要來完成律法和先知使命的人。

看到耶穌和早就過世的偉人一起發光，又聽到雲彩裡傳來的聲音，門徒理所當然嚇壞啦！那個聲音說：「你們要聽從他。」這句話剛好呼應了上帝以前透過摩西對以色列人說過的話：「你們要聽從他」，這個就記在《申命記》18章15節喔。

這個跟《申命記》和摩西連起來的線索，把耶穌形容成一位全新、而且更完美的先知。他現在正在做的事情，正是摩西以前一直努力想要達成的目標啦。當門徒慢慢從驚嚇中回過神來的時候，他們眼前就只剩下耶穌了。

想像一下，如果要你把山頂上這個超級大驚喜告訴別人，你要怎麼形容那種在天地交會的地方遇見上帝，那種超震撼又充滿引導的經歷啊？當我們把這個聖經故事全部看懂的時候，就會發現，走上跟隨耶穌的這條路，就像是走進了這個天地交會的空間耶。在那裡，就像耶穌之前說過的，上帝的旨意會「行在地上，如同行在天上」，這在《馬太福音》6章10節有寫到喔。

反思問題

1. 請注意上帝在《馬太福音》17章5節登山變像的時候，還有在《馬太福音》3章17節耶穌受洗的時候說的話，這兩個地方有什麼像的地方啊？請把這些經文和《申命記》18章15節拿來比較看看喔。這個互相呼應的線索，告訴了我們關於耶穌的什麼事呢？

2. 花點時間深入想一想，「聽從」耶穌到底是什麼樣子啊？這在我們的日常生活中代表著什麼？難道這不只是聽見和記住他的話而已嗎？如果是的話，你會怎麼用自己的話來形容呢？
"
"245","哈囉！你想過在我們的世界裡，什麼才是最重要的嗎？又是什麼決定了我們在別人眼中的地位高低呢？這可能要看你生活在哪個時代和地方啦，不過有幾個基本道理，好像走到哪都一樣。

不管是古代帝國、現代共和國，還是任何社會環境，大至國家、小至小鎮或職場，有錢的人通常都站在金字塔的頂端。像是國王、總統、名人還有億萬富翁，金錢就代表著地位，而地位又帶來了權力。回顧歷史，這種有錢又有權的組合，通常都掌握在男生、男性繼承人，還有那些擁有強大軍隊的人手中。

耶穌每天都看著這些現象。不過，祂的世界，也就是上帝的國度，卻把人類這一套地位系統完全顛倒過來了！上帝的國不在乎你擁有多少物質財富，也不在乎你有多強大的控制力，因為上帝的國度，是建立在對所有人的愛之上。

你可以注意到，耶穌拒絕貶低婦女和小孩。首先，祂針對當時一個關於離婚的宗教爭議發表了看法。祂沒有選擇站在男性主導的現狀那邊，反而挺身保護婦女，讓她們免於被拋棄和陷入貧困。今天的影片會幫助我們更深入了解耶穌對離婚的教導。你會發現，耶穌從來沒有把婦女看作次等人物喔！

當門徒開始把那些沒什麼社會地位的小孩趕走時，耶穌卻張開雙臂歡迎他們。祂說，這些孩子有著最棒的態度。因為孩子們總是全心全意地信任爸媽的引導；耶穌說，像孩子這樣單純信靠上帝的人，才是最接近上帝國度的人。

接著，我們讀到一個有錢人的故事。在那個時代，他的地位可是比婦女和小孩高太多了！他想要得到耶穌賜予的美好生命，也很認真地遵守摩西律法，但耶穌卻點出這個人內心其實深愛著財富，並告訴他必須學會放下。貪愛錢財可不屬於上帝的國度；愛上帝和愛鄰舍，才是上帝國度的核心！

在這些經文裡，耶穌不斷向我們展示上帝國度這種完全顛倒過來的本質。可是門徒們那時候還沒有看懂，他們甚至還在爭論，將來在上帝的國度裡，誰能掌握最大的權力呢。

當他們跟著耶穌離開城市時，有兩個社會地位很低的盲人對著祂大聲呼喊。雖然他們肉眼看不見，但他們的心眼卻很明亮，看見了只有耶穌能醫治他們。跟門徒不一樣的是，這兩個人渴求的是上帝的憐憫，而不是權力。耶穌也徹底活出了祂的教導，祂醫治了他們，並且把他們當作無價之寶來對待！

反思問題

1. 葡萄園工人的比喻，也就是《馬太福音》20章1-16節，跟《馬太福音》19章27-30節中耶穌和門徒的對話有什麼關聯呢？這暗示了上帝國度裡有著什麼樣的價值觀呀？

2. 在聖經的其他地方，你還看過哪些故事，也特別關心那些被社會上有權勢的人所孤立或壓迫的人呢？這些故事，加上今天的閱讀進度，提醒了我們世俗對權力的看法，跟上帝對權力的定義，到底有什麼不同？
"
"246","今天啊，《馬太福音》為我們拉開了一場超猛的史詩級對決序幕喔！我們的彌賽亞耶穌，要正面迎戰那些期待另一種救主的掌權者。大家可以特別留意一下這兩章裡的寫作小巧思。你會發現一個超有趣的「三部曲」，也就是三組緊緊相連的事件。耶穌先是行了三個神蹟般的記號行動，接著講了三個比喻，最後還跟那些宗教專家發生了三次超激烈的交鋒。

這三個記號行動包含了什麼呢？第一，祂騎著驢子進入耶路撒冷，這個大家可以去參考《撒迦利亞書》9章9節。第二，祂在聖殿裡推翻了兌換銀錢的桌子，把人趕出這個神聖的空間。第三，祂咒詛了一棵無花果樹。這三件事，都超級清楚地把耶穌描繪成以色列人期盼已久的君王。不過同時，這三件事也顯示出，耶穌的作為跟當時大眾對彌賽亞的期望，其實有著超級大的落差喔。

因為當時的人們想要的，是一位能消滅所有敵人的戰士君王，而不是一位謙卑的王，還教導人要去愛、去關心自己的仇敵。今天，群眾大聲讚美祂，唱著「和散那！和散那！」

可是短短幾天後，他們就會大改口，瘋狂大喊「把祂釘十字架！把祂釘十字架！」

在這些記號行動之後，耶穌講了三個關於上帝國度的比喻。同樣地，這些比喻所描繪的國度，也完全超出了大多數人的預料。請大家特別留意每個故事裡隱含的警告，千萬不要自以為已經懂了上帝的國度是怎麼運作的，也不要把它當作一件微不足道的小事。因為這個國度是獨一無二的，而且比世界上任何事物都還要重要！

最後，那些熟悉上帝律法的專家和教師終於出面了。他們試圖用三個跟聖經有關的問題來陷害耶穌。他們精心設計了這些問題，打算無論耶穌怎麼回答，都要讓祂當眾出醜，順便毀掉祂的聲望。但是耶穌超強，祂看穿而且避開了每一個陷阱，最終證明了祂才是那位更偉大、真正精通上帝律法的超強導師。

大家可以注意看今天讀經進度的最後一個段落，也就是《馬太福音》22章41-46節。這裡把剛剛提到的三個組合，也就是三個記號行動、三個比喻和三次交鋒，全部匯聚成一個核心結論：耶穌是出自大衛家族的彌賽亞，這代表祂就是掌管萬物的主宰和君王！對許多人來說，這絕對是天大的好消息。但對於那些掌握權力的社會菁英來說，這卻是個極大的威脅，這點我們接下來就會看到囉。

耶穌已經進城了！這場史詩級的對決已經正式展開。請大家繫好安全帶，因為接下來的幾個章節，劇情將會變得超級激烈喔！

反思問題

1. 當宗教領袖試圖用納稅的問題來絆倒耶穌時，耶穌回答他們，既然錢幣上的影像是凱撒的，錢幣就屬於凱撒。那麼，舊約聖經告訴我們，誰有著上帝的形像呢？這是不是又提醒了我們，身為人類，我們到底應該把什麼歸給上帝呢？

2. 當時的群眾期待耶穌能打敗羅馬帝國，把他們趕出這塊土地，但耶穌真正要征服的，其實是一個更大的敵人。大家回想一下，耶穌做了哪些事、教導了哪些道理，清楚表明了祂的計畫跟群眾的期待其實是截然不同的呢？"
"247","昨天耶穌在耶路撒冷引發的衝突，今天還在繼續喔。大家開始變得超級不高興，特別是那些掌握最高權力的人。

耶穌超有智慧地避開了反對者設下的陷阱後，就轉過身來對大家說話。他鼓勵大家來跟隨他的腳步，而不是學那些所謂專家跟心靈導師假惺惺的作風。耶穌告訴大家，這些宗教領袖教導的道理本身是不錯的，所以要留心聽，也要照著做，可是，千萬不要學他們的行為喔。因為他們的做法，只是在增加大家的壓力跟重擔。他們讀聖經、教導聖經，根本不是為了要把祝福帶給別人，只是為了讓自己拿到好處，還故意抬高自己的地位。

今天的影片聊到了「假冒為善」這個詞，意思就是演戲或者是假裝。耶穌一再地說：「你們這些律法教師有禍了！你們這假冒為善的人！」他拆穿了一個事實，那就是他們表面上裝作很認識上帝、很愛上帝，但其實根本就不是這麼一回事啊。

要知道，耶穌是在公開的場合指責這些人，這代表他同時也是在給所有人上寶貴的一課喔。他告訴大家，真正跟隨上帝的人，會努力培養謙卑、慷慨、誠實、公義，還有愛鄰舍的心。他們絕對不會把重擔壓在別人身上，更不會用恐懼來威脅別人。

接著，耶穌對門徒聊到了未來的事情。他宣告耶路撒冷的聖殿將會倒塌，並且警告門徒，如果有人拿戰爭、戰爭的風聲或自然災害來大做文章，說這就是末日的預兆，千萬不要去理會他們。耶穌說，這些事情都是世界上一定會發生的現實，而不是用來嚇人的記號；但有很多人會假裝末日到了，藉此來恐嚇你們。就像那些假冒為善的宗教專家一樣，他們只是為了自己的利益在利用你們而已。面對這些聲音，完全不要去理會就好。

上帝國度的道路其實已經展開了喔。把你的注意力從那些「什麼時候發生」、「在哪裡發生」、「會怎麼發生」的八卦閒聊中移開吧。相反地，我們應該專注在今天可以怎麼彼此相愛、活出正確的生命。全心投入上帝今天交託給我們的美好工作，這才是最重要的事。

要為上帝那未來即將降臨、完全更新也完全恢復的國度做準備，最重要的，就是現在立刻選擇對上帝忠心，並且跟身邊的人活出美好的關係。

反思問題

1. 耶穌把公義、憐憫和信實稱為「律法上更重的事」，記載在《馬太福音》23章23節。你還在聖經的其他地方看過這樣的觀念嗎？給你一個小提示，可以去讀讀先知書，像是《阿摩司書》5章15節和24節、《彌迦書》6章8節、《以西結書》45章9節、《何西阿書》12章6節、《但以理書》4章27節，還有《撒迦利亞書》7章9到10節。這個「更重的事」的觀念，對於我們應該怎麼理解上帝的律法，帶來了什麼樣的啟發呢？

2. 請花點時間默想「為耶穌再來做好準備」這個觀念，也就是上帝國度最終實現的時刻。在《馬太福音》當中，你學到了哪些關於天國生活的事情呢？在你的想像中，真正預備好會是什麼樣子呢？
"
"248","耶穌與耶路撒冷那些精通聖經的學者以及宗教領袖之間的衝突，在今天的經文裡，已經逐漸演變成一場謀殺計謀（見《馬太福音》26 章）。不過，在那之前，耶穌又講了三個關於天國的比喻（見《馬太福音》25 章）。

這三個比喻，分別給了我們不同的視角，去想像在上帝國度裡的生活。每一個比喻都在告訴我們，能夠進入天國，比世上任何事情都還要重要。透過其中兩個故事，一個是關於十個童女，另一個是關於金錢與投資，耶穌鼓勵跟隨他的人，要保持積極、並且時刻警醒。

有些人會誤以為「保持警醒」，意思是要隨時注意世界末日的徵兆。但在這裡，耶穌所說的「保持警醒」，其實是指我們每天、每分每秒，都要專注地跟隨他的腳步，並且切實地活出他的教導。

第三個比喻是關於綿羊和山羊的故事。這可能會讓你忍不住想問：「那我們要怎樣才能成為綿羊呢？」其實，我們不是靠著做善事來成為上帝的綿羊。綿羊是那些蒙上帝恩典揀選、生命被聖靈改變的人。因為深刻經歷了耶穌這位好牧人的愛，他們自然會結出好行為的果子，學耶穌那樣，用實際的行動去愛別人，像是拿食物給肚子餓的人吃、拿衣服給沒有衣服穿的人穿、或者是去照顧生病的人。

講完這第三個比喻之後，故事的氛圍變得沉重起來。耶穌正一步步走向那為他預備的十字架。

有一個女人拿著非常昂貴的香膏來膏抹耶穌，她把耶穌看作是真正的君王，並且愛他勝過世上的一切。雖然這舉動讓耶穌的門徒感到既震驚又困惑，但耶穌卻希望門徒能看見她那美好的心意，並且明白，這個女人才是真正保持警醒，把眼光專注在對的事情上。

接著，耶穌在客西馬尼園面臨了他的考驗，這和當年亞當與夏娃在伊甸園裡面臨的考驗是一樣的。最初的人類選擇順從自己的心意，而放棄了上帝的旨意，結果帶來了死亡。但耶穌卻保持著警醒。就像你在今天的影片中會看到的，耶穌親自活出了他自己的教導，他把所有的注意力，都集中在天父的旨意上。

他禱告說：「不要照我的意思，只要照你的意思。」（見《馬太福音》26 章 39 節）這個禱告確實讓他步向了死亡。那樣的死亡，雖然暫時失去了生命，但那絕對不是生命的終點。

反思問題

1. 你會怎麼總結今天經文一開始提到的這三個比喻呢？說到「為上帝國做好準備」，這三個比喻讓你聯想到了什麼？又讓你在心裡產生了什麼樣的疑問呢？

2. 當彼得拿刀砍下一個人的耳朵之後，耶穌行了神蹟，把那隻耳朵重新接回去並醫治了他。耶穌叫彼得把刀收起來，並提醒他，凡動刀的，必死在刀下。耶穌立刻醫治那隻耳朵的舉動，可能會如何打破門徒原本對上帝國度的想像呢？這又會如何挑戰他們原本認為對抗敵人、建立上帝國度的最佳方式呢？
"
"249","被猶大出賣並交給當時的官長之後，耶穌被帶到了猶太的羅馬總督本丟彼拉多面前。他們只有極短的對話，接著耶穌就在彼拉多面前保持沉默，拒絕對任何指控做出回應，這記錄在《馬太福音》27 章 14 節。就像《以賽亞書》53 章 7 節所描述的，這位受苦的僕人不是一位精明的戰士，而是一位沉默的人，像羊羔被牽到宰殺之地一樣。

這一刻，或許是整本聖經中最震耳欲聾的沉默。耶穌一句話也沒說，這彷彿在告訴我們，人類已經完全迷失，雙眼也徹底瞎了。給再多的理由、花再多的時間對話，都無濟於事。相反地，耶穌選擇獻出他自己，好讓這個世界能夠親眼見證真正的愛。

當耶穌被掛在十字架上時，正午的黑暗籠罩了整個大地。他大聲呼喊：「我的上帝！我的上帝！為什麼離棄我？」他引用了《詩篇》22 篇 1 節。這不只是人在痛苦中的感受，而是真實發生在十字架上的事。在那一刻，耶穌背負了我們所有的罪，上帝將對罪的公義憤怒傾倒在他身上，使他代替我們承受了被上帝完全棄絕的刑罰。這份極致的痛苦與犧牲，正是為了替我們成就奇妙的救恩。

接著，完全無辜的耶穌為這個世界死了。整個世界以戲劇性的奇妙景象作為回應：那奇異的黑暗消散了，地動山搖，聖殿裡的幔子從上到下裂成兩半，而在耶路撒冷周圍，許多死去的人開始從墳墓裡復活。

雖然十二位男門徒因為害怕而逃跑了，但耶穌的女門徒卻展現出無比的勇氣，留在他身邊。她們一路跟隨到了墳墓，並在那天晚上徹夜守候。到了第三天，這些婦女成為了耶穌復活的第一批見證人。

請觀看今天的影片，一起來了解見證人在上帝國度中所扮演的重要角色。他們親眼所見，並且向其他人描述的內容，成為了改變整個世界的目擊證詞。

《馬太福音》的最後，耶穌和門徒聚集在一座山上，這是一個天堂與人間交會的地方。耶穌吩咐他們去作見證，並奉父、子、聖靈的名為人施洗。這句話不僅點出了上帝三位一體的奇妙屬性，也呼應了《馬太福音》3 章耶穌受洗的場景，就像書檔一樣，把整個故事完美地前後呼應起來。按照耶穌教導的方式去生活，就是活在上帝那天地交會的國度裡，真實經歷到與聖父、聖子、聖靈同在的美好生命。

在最後的臨別之言中，耶穌告訴門徒，他會永遠與他們同在。這讓我們回想起他在《馬太福音》1 章裡的名字，叫做以馬內利，意思就是上帝與我們同在。

反思問題

1. 請注意我們昨天和今天的經文閱讀中，婦女所扮演的重要角色：有婦女膏抹耶穌、認出彼得、證明耶穌是無辜的、親眼見證他的死，並且宣告他的復活。這卷福音書還在哪些地方突顯了婦女的出現？這又如何展現出耶穌那種顛覆世俗的上帝國價值觀呢？

2. 耶穌吩咐他的跟隨者要去使萬民作門徒。這件事是如何實現上帝在整本《舊約聖經》裡所賜下的應許呢？
"
"250","馬可有一個大好消息要和我們分享，那就是：上帝的兒子，也就是彌賽亞耶穌，已經來到這個世界了。希臘文裡有一個詞叫做「福音」，意思就是「好消息」，這通常是用來宣告一位新國王登基的詞彙。耶穌就是這位新的君王，他宣告了一個全新而且美好的國度已經降臨。《馬可福音》裡那些關於耶穌生平和服事的故事，全都在向我們證明這件事。

邪靈、疾病帶來的痛苦、各種傷害和罪惡，這一切都不屬於他的國度。在《馬可福音》裡，我們看到一個又一個耶穌趕鬼、醫病和赦免罪惡的故事。耶穌就像一位君王戰士，為了建立一個充滿平安的國度而消滅敵人。他不僅擊敗了那些轄制人的黑暗勢力，更為了拯救我們這些陷在罪惡中的人，親自擔當了我們的罪，把我們從罪惡的綑綁中釋放出來。

耶穌招募了漁夫和做粗活的工人來加入他的團隊。他沒有發給他們刀劍當作武器，反而教導他們去愛人、醫治人，並且締造和平。

當耶穌看見西門和安得烈在打魚的時候，他邀請他們來做門徒跟隨他，並且應許要使他們成為「得人如得魚」的人。在古代人的觀念裡，海洋是狂野、無法馴服的，它的力量大到可以吞噬最健壯的人，因此海洋象徵著混亂與黑暗。在這裡，耶穌呼召西門和安得烈，去拯救那些快要淹死在罪惡深淵裡的人。要記得喔，他們不是拿著釣竿，掛著誘人的魚餌來引誘人；他們是撒下福音的網，將那些蒙上帝恩典呼召的人，全都帶進上帝的國度裡。

邀請你一起來觀看這段影片，看看這上帝國度的好消息，是如何在《馬可福音》中一步步展開；看看耶穌是如何正面迎擊黑暗、疾病與死亡，並且發出邀請，呼召全人類來跟隨他。

反思問題

1. 注意經文中提到耶穌的權柄。耶穌擁有統管誰，以及統管什麼事物的權柄呢？這讓我們對耶穌有了什麼樣的認識？

2. 耶穌說，安息日是為人設立的，人不是為安息日設立的。關於工作與休息的節奏，這帶給我們什麼樣的啟發？這又告訴我們，上帝邀請他的百姓活出什麼樣的生命呢？
"
"251","耶穌到底是誰啊？為什麼當他講到上帝的國時，聽起來簡直超瘋狂的！今天我們讀的故事，全部都是圍繞著這些問題在打轉喔。

耶穌在安息日醫好了一個人的手，結果把那些宗教領袖徹底惹火了。他們立刻密謀要殺掉耶穌，後來還罵他是褻瀆上帝的人。但是超奇妙的喔，每次耶穌趕鬼的時候，污鬼竟然會跪下來大喊：「你是上帝的兒子！」接著宗教領袖甚至說耶穌是被鬼附身了，耶穌也回敬了一句很嚴厲的話，他說他們這種態度是絕對不可饒恕的，是一種永遠的罪。這事情發展得實在是太神展開啦！

這裡要注意一下喔，從上下文來看，這個永遠的罪是一個滿深的概念。它的意思是人因為內心壞透了，把上帝聖靈的工作硬說成是邪惡的，這代表他們的心超級剛硬，跟上帝的恩典完全無關。這可不是說某人不小心犯了什麼錯，上帝就狠心絕對不原諒他喔。在這些事情裡面，馬可讓我們看到耶穌闖進了宗教體系跟魔鬼的地盤，帶來了超級無敵大的衝擊。事情竟然發展到一個不可思議的地步，也就是宗教專家說耶穌是魔鬼，結果魔鬼反而大喊耶穌是上帝。

大家可能會想，認識耶穌的爸媽和兄弟姊妹，就能證明他到底是誰吧？但耶穌卻說不是喔。耶穌說，我真正的家人，是任何願意遵行上帝旨意的人。這記在《馬可福音》3章35節。這種對上帝國度家人的全新定義，對當時第一次聽到的人來說，真的是超震撼的；就算到了今天，也還是會讓我們覺得很驚訝。原來上帝家裡的人，就是那些白白領受上帝的恩典，生命被改變，然後滿懷感恩去遵行上帝旨意的人啊。

接著耶穌講了一大串的比喻。他用農夫和種子這些日常生活中看得到、摸得到的東西，畫出一幅幅小小的畫面，邀請我們對上帝的國展開超豐富的想像。大家可以去看看今天的影片，這會幫你更了解耶穌為什麼要用比喻，還有我們到底該怎麼讀懂這些比喻。

耶穌留下了一個畫面讓大家去好好想一想，這麼微小、看起來超不起眼的東西，怎麼可能產生真正的影響力呢？在這個靠著刀劍、戰馬跟強大武力來維持和平的世界裡，耶穌那看似微小，卻帶來恩典、饒恕跟愛的行動，真的能發揮什麼大作用嗎？

耶穌好像在跟我們說，換個方式重新想一想吧。大家想像一下，那個可以摧毀邪惡、根本擋不住的上帝的國，就好像一粒超級無敵小的芥菜種子，小到讓人覺得完全不重要。但最奇妙的是，隨著時間過去，因為上帝的大能，它會不斷地長大，最後變成那種超乎想像、最巨大的祝福喔。

想一想喔

1. 耶穌在安息日醫好了一個人，結果這件事激怒了一群宗教領袖。這個事件告訴我們，關於希伯來聖經裡的律法，上帝最看重的優先順序到底是什麼呢？

2. 請大家安靜想一想《馬可福音》4章26到29節關於種子發芽生長的比喻。這個故事讓你對上帝的國有什麼樣的新想法呢？"
"252","今天的讀經進度一開始，我們看到耶穌和他的門徒好像走進了一個會把自己弄髒的地方喔！他們來到完全屬於外邦人的格拉森地區，在一片滿是不潔淨豬隻的土地上，又在一個不乾淨的墳墓裡遇見了污鬼。《馬可福音》在這裡要告訴我們一個很重要的訊息，就是耶穌並沒有躲開那些不潔淨，或是生命破碎的人喔。相反的，他親自走進他們的生命裡，而且帶來了醫治！

有一個被一大群污鬼附身、受盡折磨的人，日夜不停地大吼大叫。在當時的觀念裡啊，靠近死亡的事物會讓人沾染污穢，而這段故事足足提了3次這個人就住在墳墓裡面。耶穌命令污鬼離開這個人，接著把它們趕進一大群不潔淨的豬群裡。最後這群豬衝進水裡淹死了，這其實象徵著一種徹底的潔淨喔。

後來，有一位管會堂的名叫崖魯。他苦苦懇求耶穌，趁著還來得及，趕快來醫治他快要死掉的女兒。就在耶穌和崖魯努力穿過擠來擠去的人群時，有一位孤單的婦人，也正拼命地擠向耶穌。

這位婦人病了12年，患了血漏不停地流血，這讓她在律法上被認為是不潔淨的。醫生們對她的病都束手無策，但是她聽說耶穌能醫治人，於是她偷偷摸了耶穌的外衣。就在那一瞬間，她的身體立刻康復，找回了原本的健康！耶穌感覺到有能力從自己身上流出去，就問是誰摸了他。婦人不敢承認是她做的，因為她害怕把自己的不潔淨傳染給別人會被罵。不過，耶穌卻稱讚她展現了真實的信心，還很溫柔地讓她平平安安地回去。

這時候，崖魯家裡的人趕來報信，說他的女兒已經死了。耶穌告訴崖魯只要信，然後他們就繼續走向崖魯的家。在那裡，耶穌讓崖魯死去的女兒重新活了過來喔！你看，耶穌的聖潔是充滿感染力的，他為每一個他接觸到的人，都帶來了生命跟美好的祝福。

不管是面對被污鬼附身、病了很久好不了的疾病，甚至是死亡，耶穌都能把盼望帶進那些最讓人絕望的處境裡面。

反思問題

1. 在《馬可福音》5章7節，污鬼稱呼耶穌是「至高上帝的兒子」。請你想一想我們今天讀到的《詩篇》97篇，你能在這篇詩篇裡找到哪裡有類似的描述嗎？這又暗示了耶穌擁有什麼樣的能力跟權柄呢？

2. 在《馬可福音》6章，耶穌派12個門徒出去傳道。緊接著的下一個故事，就告訴我們施洗約翰的死，這也是今天影片的主題喔。你覺得為什麼這兩個故事會被安排在一起呢？這又告訴我們，身為耶穌的跟隨者，我們應該準備好面對什麼樣的道路呢？
"
"253","不知道你有沒有注意到，在馬可福音第一到第八章裡，十二個門徒好像一直處在困惑當中？在四卷福音書裡，馬可特別強調了這群跟耶穌最親密的跟隨者，在想要明白耶穌和祂的使命時，遇到了多大的困難。馬可筆下的門徒，可以說是最遲鈍的一群人了。

在一場讓門徒們摸不著頭緒的洗手爭議之後，耶穌遇到了一位敘利亞的腓尼基婦人。從文化或宗教的角度來看，她完全沒有資格和耶穌說話，甚至連靠近都不行，但她還是鼓起勇氣去了。她是一位絕望的母親，苦苦懇求耶穌醫治她的女兒，但起初，耶穌似乎沒有理會她。她是個局外人，不但是個外邦人，還是一個帶著被鬼附著的孩子的女人。不過，她卻是馬可福音裡，唯一一個稱呼耶穌為主的人。耶穌最終完全接納了她，這打破了當時社會的每一個傳統規範。

不久之後，耶穌在一個外邦人的地區，讓四千人吃飽了餅，就像祂之前為五千個猶太人所做的一樣。馬可福音把這些故事串連在一起，為了強調一個重點：兒女的餅也是要給外邦人的。但在這奇妙的經歷之後，門徒們竟然以為，這位剛剛才供應餅給四千人的耶穌，是在責備他們忘了帶餅。他們實在是搞不清楚狀況。

整個故事的張力，在馬可福音第八章22到38節的關鍵時刻達到了最高潮。耶穌醫治了一個瞎子，祂先是治好了一部分，然後才讓他完全看見。這個分成兩個階段的醫治過程，其實暗示著那群遲鈍的門徒，一直以來都只片面地認識耶穌，但接下來，他們將會看得更清楚。

接著，耶穌挑戰彼得說：「你們說我是誰？」記載在馬可福音第八章29節。彼得相信耶穌真的是基督，也就是彌賽亞，但他的反應卻顯露出，他根本不知道這意味著什麼。彼得，或許還有當時的每個人，現在都需要更清楚地明白，耶穌身為彌賽亞到底代表著什麼意義。

在今天的影片裡，我們一起來看看，四卷福音書是如何用不同的方式，來述說和編排耶穌的故事。每一卷書都有不同的重點，其中也包含了馬可福音如何強調：當我們用需要被醫治的遲鈍眼光，去試圖真正看見並理解耶穌時，會遇到多麼大的困難。

反思問題

1. 今天的影片談到了四卷福音書是什麼，以及為什麼我們需要有四卷。請比較馬太福音第十五章21到28節，還有馬可福音第七章24到30節裡，關於這位敘利亞的腓尼基婦人的故事。你注意到這兩位作者的敘述有什麼不同嗎？你觀察到他們各自想要強調的重點是什麼呢？

2. 耶穌在馬可福音第八章31到38節裡，談論到了祂的受死與復活，你認為這對於神的國，以及跟隨耶穌的真正意義，帶來了什麼樣的啟發呢？
"
"254","在幾個耀眼的瞬間，彼得、雅各和約翰短暫瞥見了耶穌完全的榮耀。他們發現自己和摩西與以利亞一起站在高山上。摩西和以利亞過去在山頂上，也都曾親眼見過神的榮耀，經歷了生命的改變。然而，門徒們卻誤會了這個時刻的意義。

彼得以為神的國現在就要帶著大能降臨了，他想藉著搭帳棚，把這份榮耀的體驗永遠留住。耶穌再一次向他們解釋，祂必須先受苦、被殺，然後才會從死裡復活。更大的榮耀還在後頭呢。可是，門徒們的腦袋就是轉不過來。他們心想，既然已經看見了榮耀，為什麼耶穌還必須受苦呢？

請注意馬可福音九章30到36節，以及十章32到45節的經文發展。耶穌第二次、第三次向門徒解釋，祂必須受死並從死裡復活。但是，門徒們是怎麼回應的呢？在這兩段經文裡，他們都在爭權奪位，想要自己高高在上，而不是效法耶穌謙卑的榜樣。他們一次又一次地只想要榮耀，卻不想要苦難。耶穌很溫柔地對他們解釋，在祂的國度裡，真正的偉大，是謙卑地去服事別人，而不是追求權力或名聲。

同樣地，偉大和榮耀也不在於擁有多少財富。在今天讀經進度的後半段，耶穌遇到了一位富裕的年輕人。就像門徒一樣，他的眼睛只盯著世界上的人事物，而不是神的國。請看看今天的影片，了解耶穌對於財富的教導。在這兩個故事裡，耶穌向我們展現了天國的價值觀，那就是慷慨給予和犧牲自己，而不是去追求權力、名望或財富。

反思問題

1. 默想馬可福音九章21到25節。關於這位父親和耶穌的對話與互動，你注意到了什麼？耶穌是怎麼回應他軟弱掙扎的信心的？

2. 今天的影片是關於耶穌對財富的教導。請注意馬可福音十章17到22節中那個富裕的年輕人。他跟耶穌的互動，與耶穌其他關於金錢的教導有什麼關聯呢？
"
"255","當耶穌說上帝的國近了，他的意思是，上帝終於要建立他應許的和平國度，讓彌賽亞登上寶座，來終結所有的邪惡嗎？沒錯，就是這樣！不過，「終結所有邪惡」的方式，可能和大家原本期待的很不一樣喔。

在今天的經文裡，耶穌挑戰了我們對「強大國度該怎麼運作」的想法。耶穌光榮地來到聖城，但他卻是騎著一匹小驢子進城，身邊還跟著十二位門徒。很多人可能會以為，君王就應該騎著戰馬衝進城裡，指揮軍隊去消滅敵人。但耶穌是一位完全不同的君王。他謙卑地進城，不僅醫治、關心身邊的人，他真正對抗邪惡的方式，是最終走向十字架，用他毫無保留的捨己與代贖，來徹底擊敗罪惡。接著，他揭露了當時的腐敗，指控聖殿的宗教領袖，竟然把上帝那「萬國禱告的殿」，變成了只顧做生意的商業場所。

耶穌推翻了商人的桌子，把錢幣全倒在地上。他的舉動讓人回想起《希伯來聖經》裡許多先知曾宣告過的話：欺壓弱勢是一種黑暗的力量，而上帝一定會帶來公義的真光。接著，耶穌對那些犧牲窮人來中飽私囊的宗教領袖，發出最嚴厲的批評。這些人在金錢上榨取可憐的寡婦，卻又在公開場合作很長的禱告，假裝自己超級敬虔。

在《馬可福音》12 章 44 節，我們看到一個領袖們掠奪窮人的真實例子。一位貧窮的寡婦，把她賴以養生的最後一點錢，全都投進了聖殿的奉獻箱裡。這暗示著，當時的聖殿體制不但沒有祝福和照顧她，反而正在奪走她的生命。這位寡婦為我們示範了在上帝國度裡對上帝毫無保留的奉獻；但她的貧窮，卻也同時揭露了領袖們的腐敗。如果其他人也能像這位寡婦一樣慷慨，她就不會落入這麼貧困的處境了。

就像我們在今天影片裡看到的，在耶穌的國度裡，人們會因為經歷了上帝的恩典而彼此相愛、互相照顧，並且用我們的一切，活出上帝最核心的命令，也就是全心愛上帝，而且愛鄰舍，甚至去愛我們的敵人。上帝那種犧牲、代贖的愛，而不是屬世的暴力或控制，才是真正能完全且永遠建立上帝國度的力量。

反思問題

1. 今天經文裡關於經濟欺壓的主題，是怎麼呼應《希伯來聖經》裡的主題呢？你會怎麼總結《聖經》對於慷慨和財富的教導？

2. 請默想《詩篇》100 篇。詩人對上帝的國有什麼看法呢？這跟你的想法有什麼相似或不同的地方？這和耶穌到目前為止對上帝國的教導相比，又有什麼關聯呢？"
"256","門徒們看著耶路撒冷聖殿上那些又大又亮的石頭，還有閃閃發光的黃金，心裡真的是充滿讚嘆啊。對當時的以色列人來說，這座超宏偉的聖殿，就像是上帝站在他們那一邊的鐵證。可是，正當門徒們看得入神的時候，耶穌卻對他們說出了一個超殘酷的真相，就是這座聖殿很快就要被徹底拆毀了。

聽到這話，門徒們全都嚇壞了。於是，耶穌給了他們一些很實際的教導，告訴他們在聖殿被毀，一直到祂再次降臨的這段期間，到底該怎麼生活。耶穌提醒門徒必須隨時保持警醒。他們不需要去擔心別人散播的那些悲觀和恐慌的言論，因為那些都只會讓人分心。他們真正該做的，是專心一意地跟隨耶穌的腳步來過生活。

在昨天的進度裡，我們讀到一位窮寡婦把她僅有的一點點生活費，全都奉獻給了聖殿，這其實暴露出當時宗教體系有多麼腐敗。而在今天的經文裡，我們看到一位婦人，把超級昂貴的香膏直接倒在耶穌的身上。耶穌的身體就像是一座聖殿，婦人這麼做其實是為了耶穌的安葬提前作準備。這兩座聖殿最後都會面臨毀壞，但是上帝的良善與生命，絕對不會受到任何損傷。那座用石頭砌成的聖殿，最後可能會變成一堆廢墟，但冷冰冰的墳墓，是永遠無法困住耶穌的。

接著，耶穌和門徒們吃了最後一頓逾越節晚餐。在這個時刻，祂對大家說的話，處處都呼應著舊約聖經的內容，就像是藏了超多超連結一樣喔。你可以放慢速度，仔細地去體會一下。耶穌為這個古老的節期注入了全新的意義，開啟了上帝與人之間那份建立在愛裡面的新約。沒過多久，竟然有一群帶著刀劍和棍棒的人來逮捕耶穌，這畫面實在是非常諷刺。那些宗教領袖找人來作假見證，想要藉此把耶穌定罪；不過，當這些人指控耶穌曾經說過要毀壞聖殿，並且在三天內重建的時候，他們其實是在無意之中說出了真實的預言喔。

面對這些不實的指控，耶穌始終保持沉默，這不禁讓我們想起了《以賽亞書》53:7裡提到的那位受苦的僕人，祂「像羊羔被牽到宰殺之地」。接著，那些人質問耶穌，到底是不是彌賽亞，是不是那位當受稱頌者的兒子？耶穌的回答，就像是回應了《出埃及記》3章裡，上帝在燃燒的荊棘中對摩西說的話。耶穌超堅定地說：「我是。」

反思問題

1. 在舊約聖經裡，逾越節是一個用來紀念上帝拯救以色列人脫離埃及奴役的節日，你可以參考《申命記》16:1-8。這樣的歷史背景，如何幫助我們更深刻地理解最後的晚餐的意義呢？

2. 當耶穌在客西馬尼園禱告的時候，祂並沒有假裝堅強，也沒有帶著不滿去反抗祂將要面對的苦難。相反地，祂真的非常哀痛，在極大的痛苦中向上帝呼求。這告訴我們，耶穌經歷了什麼樣的情感呢？當我們自己也面臨痛苦難熬的情緒時，這又帶給我們什麼樣的啟發呢？
"
"257","當耶穌面對死亡的時候，祂的十二個男門徒因為太害怕就躲起來了，只剩下亞利馬太的約瑟還有幾位女門徒留下來安葬祂。這些婦女真的為我們示範了什麼叫做忠誠和勇氣，她們用行動證明了對耶穌的忠心。到了第三天，她們帶著香料來到墳墓，準備要膏抹耶穌的身體。那時候她們心裡還以為耶穌一定死透了，畢竟死人通常是不會再活過來的呀。

結果她們竟然發現墳墓的門被打開了，裡面有一位穿著白袍的年輕人，告訴她們不要驚恐。這感覺簡直就像叫一個在湖裡游泳的人不要弄濕身體一樣，遇到這種事，她們怎麼可能不害怕啦！那個年輕人吩咐她們，去告訴其他門徒耶穌已經復活了，而且很快就會在加利利跟他們見面。婦女們顯然是嚇壞了，於是就逃跑了。《馬可福音》的故事，就在這個充滿驚訝的情況下忽然結束了。

雖然這樣突然的結局，可能會讓你覺得好像有點不過癮，但就是因為這份沒有說完的懸念，反而能激發我們停下來，好好默想這卷書到底想要傳達什麼信息。在我們進入《約翰福音》之前，今天的影片會帶我們回顧《馬可福音》的重要主題。邀請你再次跟著影片，走進這個奇特的故事，體會這份特別的結局。

反思問題

1. 請比較《馬可福音》15章16-20節裡面，耶穌被人嘲弄的加冕場景，和《以賽亞書》53章裡那位受苦的僕人。你觀察到它們之間有什麼關聯嗎？你還能想到舊約聖經裡有什麼其他的相似之處嗎？這對我們明白整本聖經都是一個指向耶穌的連貫故事，有什麼幫助呢？

2. 你覺得，為什麼天使在《馬可福音》16章7節裡，要特別點名提到彼得呢？這展現了上帝國度裡，關於饒恕與挽回的什麼重要價值觀？"
"258","《約翰福音》一開頭就用了「太初」這兩個字，這剛好跟《創世記》1 章講述創造故事的第一句話一模一樣。約翰其實是想透過這個方式告訴我們，他接下來要講述關於耶穌的故事，是一個全新創造的故事。

在一開場的詩歌裡，約翰把耶穌介紹為上帝的「道」，也就是「邏各斯」。他過去是上帝，現在也是上帝。這段精心設計的宣告，帶出了一個奇妙的真理：永恆的「道」，也就是聖子，一直以來都是完全的上帝，但同時又跟父上帝有所區別。這永恆的道後來道成肉身，成為一個有血有肉的人，也就是名叫拿撒勒人耶穌的這位真實的人。你可以看看今天的影片，進一步探索約翰在編排福音書序言時，用了哪些巧妙的設計。

隨著《約翰福音》的故事繼續發展，耶穌開始呼召門徒。他先問了一個問題：「你們要什麼？」當門徒也用問題來回答他的時候，耶穌邀請他們「來看」，親自來看看他正在做的事。這個「來看」的邀請，在下一個場景也出現了。當時腓力邀請講話很直白的拿但業來認識耶穌。你可以留意一下，拿但業本來只是要來看耶穌，但真正把拿但業看透的，其實是耶穌。

首先，耶穌看出了拿但業最真實的品格，接著還說出他那天稍早坐在無花果樹下的情景。拿但業坐在無花果樹下的這個畫面，會讓人聯想到舊約先知的預言。在《彌迦書》4 章 4 節裡提到，以色列人經歷復興的時候，每個人都要安然地坐在自己的無花果樹下。拿但業因為轉向了耶穌，找到了真理與生命，他自己就像是以色列復興的縮影。

後來，耶穌和他的母親以及門徒，一起去參加在迦拿舉行的一場婚宴，沒想到婚宴上的酒竟然喝光了。耶穌的母親請他幫忙，於是耶穌就把水變成了大量上好的美酒，數量多到遠遠超過他們的需要，算起來大約相當於七百五十瓶呢！耶穌把水變成酒，是他在《約翰福音》裡所行的七個主要神蹟記號當中的第一個。這個神蹟應驗了《以賽亞書》25 章 6 節那豐盛的景象，這段經文形容彌賽亞來臨的時代，會有充滿陳年美酒的豐盛筵席。約翰其實是在告訴我們，這位耶穌，就是先知們一直以來所應許的那一位彌賽亞。

所以，《約翰福音》一開始就對耶穌發出了震撼人心、打破傳統觀念的宣告：他道成肉身，是完全的上帝，也是完全的人。接著，耶穌所行的七個神蹟記號，都指向了以色列的復興。而且我們慢慢會發現，這更是上帝在萬國萬民中施行拯救、帶來恢復與更新的起點。

反思問題

1. 默想 1 章後半段用來稱呼耶穌的七個頭銜：上帝的羔羊、上帝的兒子、拉比、彌賽亞、拿撒勒人耶穌、以色列的王，以及人子。這些頭銜會讓你聯想到舊約聖經裡的哪些豐富連結呢？

2. 你覺得耶穌為什麼要用問問題來開始他的服事？這告訴了我們耶穌是個怎麼樣的人，以及他是怎麼看待別人的呢？
"
"259","當你在讀《約翰福音》的時候，可以稍微留意一下大家對耶穌有什麼反應喔！有些人二話不說就放下一切跟著祂走；有些人遇見祂，卻聽得一頭霧水就離開了；更誇張的是，還有一些人聽完祂的教導反而超恨祂，甚至想把祂殺了！

尼哥德慕是一位法利賽人，也是一位大家都超尊敬的宗教領袖。他特別挑在大半夜跑來找耶穌，八成是不想被別人發現啦。他對耶穌說，他看得出來耶穌是從上帝那裡來的。不過耶穌卻回他，人如果沒有重生，也就是從水和聖靈而生（你可以參考《創世記》1:2，還有《約翰福音》1:33），就沒辦法真正看見上帝的國喔。其實我們需要的，不只是新的方向或是什麼新鮮的大道理，我們真正需要的是一顆全新的心（這可以看看《申命記》30:6，還有《耶利米書》4:4），也就是說，我們需要經歷重生！

尼哥德慕聽完真的是滿頭問號。畢竟，哪有人能塞回媽媽肚子裡再生一次啊？耶穌就告訴他，人子必須被舉起來，就像當年摩西在曠野舉起銅蛇，救了那些被毒蛇咬傷的以色列人一樣（可以去看看《民數記》21:8-9喔）。在那個故事裡，百姓因為得罪了上帝，結果招來了一堆毒蛇。不過，上帝給了他們一個超特別的拯救方法：那些中蛇毒、快要死掉的人，只要抬頭看一眼掛在竿子上的銅蛇，就可以活命！這就好像耶穌早就看穿尼哥德慕的疑惑，對他說：「如果你想得到永生，只要把眼光專注在我身上，並且相信我！這比你現在非要弄清楚所有細節還重要多啦。」你可以看看今天的影片，跟著我們一起找找貫穿整本聖經的「永生」主題喔！

後來，耶穌路過撒馬利亞，就在雅各井旁邊停下來休息。趁著門徒們跑去買東西吃的時候，有個撒馬利亞婦人跑來井邊打水。耶穌主動跟她搭話，但她根本搞不懂耶穌想幹嘛。畢竟，一個猶太人幹嘛跑來跟她扯上關係啊？接著，耶穌邀請她去認識一種全新的生命！沒錯啦，我們喝的井水雖然能讓人活著，但耶穌要給的「活水」，卻能帶來她從來沒體驗過的超豐盛生命喔！

這裡說的「活水」其實是個雙關語，本來是指猶太人宗教潔淨儀式裡用的那種流動的水，也就是「活生生的水」。所以囉，耶穌說的活水不只能帶來潔淨，也呼應了希伯來聖經裡的意象，象徵著那種源源不絕的生命之水。當耶穌把這位婦人的過去全都說出來，甚至連那些只有上帝才會知道的超私密細節都說得一清二楚的時候，她就完全相信耶穌真的是祂所說的那位了！她興奮到直接衝回城裡，把這個超讚的好消息告訴大家。沒想到這位不屬於以色列群體的撒馬利亞婦人，竟然懂了連猶太宗教大師尼哥德慕都錯過的真理！原來啊，這賜給人永生的活水，不只是流向那些受過高等教育的領袖，更是免費送給每一個內心覺得乾渴的人喔！

反思問題

1. 當你在讀今天的經文時，請留意一下提到「水」的地方喔。在《約翰福音》的其他篇章裡，你還在哪裡看過水呢？這跟希伯來聖經裡的主題又有什麼關聯啊？

2. 請安靜思考一下《約翰福音》4:46-54裡面關於「相信」的意義。這位大臣是怎麼展現出他的信心的？這又會怎麼影響我們對「相信耶穌」的看法呢？
"
"260","耶穌到處走，不管到哪裡都醫治病人。可是，那些宗教領袖卻被祂惹毛了，甚至偷偷計畫要殺掉祂。為什麼會這樣啊？醫病救人明明就是超讚的好事，但因為耶穌是在安息日做這些事，在那些領袖眼裡，這根本是直接違反上帝的律法。而且在他們看來，耶穌醫治人的舉動，還犯了另一條更嚴重的律法喔。

就在耶穌行了神蹟，治好一個癱瘓病人的背之後，「猶太人越發想要殺祂，因為祂不但犯了安息日，而且稱上帝為祂的父，將自己和上帝當作平等」。這段話記在《約翰福音》5章18節。

面對這個指控，耶穌不但沒有否認，還超明確地承認了。耶穌說，祂跟天父本來就是合一的。祂是在告訴大家，永遠的生命是透過祂來的，而且《舊約聖經》裡的話，正在祂身上實現喔。你可以注意一下耶穌在這裡展現的勇氣，這不是那種愛逞英雄的態度，也不是故意要去挑釁反對祂的人。這是在面對充滿殺意的仇恨時，完全不怕地說出真理。耶穌說出的每一個字都充滿了愛，祂超想拯救跟醫治每一個人，甚至包括祂的敵人。

跟宗教領袖的反應完全相反，一般老百姓通常都很喜歡耶穌，也很開心接受祂賜下生命跟醫治的禮物。在《約翰福音》6章，當逾越節快到的時候，大家跟著耶穌走進曠野，心裡超希望可以從這位會行神蹟的先知身上得到幫助。在那邊，耶穌用餅和肉餵飽了肚子超餓的一大群人。這畫面讓人想到，上帝過去也曾經在曠野裡，用餅（也就是嗎哪）還有鵪鶉肉來餵養以色列人喔。

那大家的反應是什麼呢？他們看到耶穌的能力，就想利用這份能力來為自己拿好處。他們心想，耶穌可以讓我們的夢想成真，所以我們乾脆抓住祂，逼祂來做我們的王。這記錄在《約翰福音》6章15節。後來，耶穌退到海的對岸，但緊追不捨的人還是找到了祂，要求祂給個說法，而且還要更多的食物。這時候，耶穌的回答卻把大家，甚至大部分的跟隨者都嚇跑了。最後，彼得代表留下來的少數人說出這句話：主啊，我們還能去跟從誰呢？只有祢，耶穌，才有永遠生命的道。

反思問題

1. 耶穌在今天的閱讀進度中，對自己做出了哪些宣告？祂所行的神蹟奇事，又是怎麼證實這些宣告的呢？

2. 請默想《約翰福音》6章25到29節。你覺得這段經文，跟《約翰福音》4章那位井邊婦人的故事，有哪些很像的地方呢？
"
"261","在今天的讀經進度裡，耶穌繼續說出一些讓人跌破眼鏡的宣告。這些話使得有些人願意接受並相信他，但也讓另外一些人拒絕了他。約翰福音第7章提到的住棚節，也就是搭帳棚的節日，是猶太人每年最重要的三個節慶之一。這個節日是為了紀念以色列人在曠野流浪、住在帳棚裡的時候，耶和華神對他們的奇妙供應。

就像當年神在曠野中，讓堅硬的磐石流出水來一樣，耶穌也在節期的最後一天站起來，大聲邀請所有口渴的人來到他面前，從他這裡喝水。耶穌就是與他們同在的神，他自己就是那塊流出活水的磐石。他正是神為人們預備、能賜下生命的豐盛供應。歡迎你觀看今天的影片，更深入地了解聖經是怎麼談論這帶來更新生命的活水。

請留意一下，當耶穌和宗教領袖爭論自己的身分時，他不斷重複說「我是」這句話。還記得在燃燒的荊棘中，神告訴摩西祂的名字就是「我是」嗎？耶穌在這裡，可以說是非常直接地宣告他自己就是神。如果這不是真的，那可就是嚴重的褻瀆了。但如果他的宣告是真的，那麼信靠並跟隨耶穌，就等於是信靠並跟隨神。不僅如此，所有跟隨他的人，都會發現他們內心的乾渴，被這位彌賽亞賜下的生命泉水給解渴了。只要跟隨這位偉大名叫「我是」的神，他們就會真正明白，什麼才是充滿意義的活著。

反思問題

1. 在約翰福音7章19到24節中，你認為耶穌為什麼會說這些宗教領袖是按外貌斷定是非呢？這個故事如何幫助你更清楚地明白，什麼才是正確的判斷與分辨？

2. 請默想約翰福音7章45到52節。這些宗教領袖堅稱他們當中沒有任何人相信耶穌。然而，在約翰福音第3章裡，那位曾經在夜裡暗中拜訪耶穌的宗教領袖，也就是法利賽人尼哥德慕，卻溫和地建議大家，至少應該先聽聽耶穌怎麼說。如果連尼哥德慕都能稍微看出耶穌真正的身分，這是不是暗示了其他領袖有多麼地盲目呢？
"
"262","我們今天讀到《詩篇》107篇，裡面寫到有些人因為自己做了錯誤的決定，結果就惹上了麻煩。在耶穌那個時代，大家常常斷章取義，以為生病或殘疾都是上帝給的懲罰。其實到現在，還是有人會這樣想喔。就連耶穌的門徒也是這麼以為，他們看到那個瞎眼的乞丐，還以為不是他自己做錯事，就是他爸媽做錯事才這樣。

不過，耶穌直接說這兩種猜測都不對，這可把大家舊有的觀念都打破了！耶穌說，這個人只是瞎了眼而已，但這剛好是個超棒的機會，可以展現上帝的大能是如何照亮世界，並且讓瞎子重新看見。後來耶穌真的醫好這個瞎子，結果又把那些宗教領袖氣得半死，因為耶穌是在安息日醫好他的，他們覺得這樣根本是犯規。

於是，這些領袖開始瘋狂盤問這個被醫好的人，想要證明耶穌是個不守規矩的罪人。可惜他們的如意算盤打錯了啦！因為耶穌根本不理他們，他們就一口咬定耶穌是靠著邪惡力量在做事。結果沒想到，一個沒念過什麼書、窮得要命的乞丐，竟然在神學辯論上直接打臉他們。那些宗教領袖被嗆得啞口無言，惱羞成怒之下，就把他趕出了會堂。

這次醫治的事件，剛好為《約翰福音》10章前半段耶穌說「我是好牧人」鋪了梗，也帶出耶穌就是上帝真正兒子的終極宣告。耶穌是好牧人，也是羊的門，祂同時就是上帝自己。祂超愛護自己的小羊，完全不像那些只會把人趕出會堂的宗教專家和權貴。

在整本《舊約聖經》裡，牧羊人的形象常常被用來形容以色列的領袖，裡面有好牧人，當然也有壞牧人。耶穌透過親自照顧這個瞎子，還勇敢對抗那些超瞎的領袖，親自向我們證明了，真正的牧羊人絕對不會傷害自己的羊，反而會為了羊群連命都不要。

反思問題

1. 默想《詩篇》107篇。在這首詩歌裡，詩人描述上帝做了哪些事？在《福音書》中，你曾在哪些地方看過耶穌做過一模一樣的事呢？可以從字面上或是比喻上來想想看喔。

2. 當你讀到耶穌對好牧人的描述，也就是《約翰福音》10章1-18節的時候，你能發現哪些連回《舊約聖經》的線索呢？如果你需要提示，可以去翻翻《以西結書》34章或是《撒迦利亞書》11章看看。這些經文的連結，告訴了我們哪些關於耶穌使命的事情呢？
"
"263","到了這個時候，耶路撒冷的宗教領袖想要殺害耶穌，早已經不是什麼秘密了。但是，當住在耶路撒冷旁邊的拉撒路生了重病，耶穌和門徒們面臨了一個抉擇：到底該避開耶路撒冷的死亡威脅，還是該勇敢面對，去陪伴拉撒路呢？

門徒們對於要前往拉撒路的家鄉，也就是伯大尼，感到有些退縮。伯大尼的意思是「受苦之家」。多馬甚至認定，他們這趟去一定會沒命；但是，耶穌願意為他的朋友捨命，所以他選擇迎向威脅。於是，門徒們也跟著去了。

在耶穌刻意多留了兩天之後，他們抵達了伯大尼。那時門徒們才知道，拉撒路已經死了好幾天。請留意耶穌和拉撒路的姊妹，也就是馬大和馬利亞對話中相似的地方。這兩位姊妹一開始都帶著極大的痛苦說：「主啊，你若早在這裡，我兄弟必不死。」馬大表達了她的悲傷，同時也展現了她的信心；她相信耶穌是彌賽亞，也相信她的兄弟總有一天會復活。而馬利亞則是徹底心碎，撲倒在耶穌的腳前，耶穌也陪著她一起哭泣。

即使耶穌知道拉撒路的生命將會延續，他依然為拉撒路的死感到深深的悲痛。即使上帝最終會醫治，但這並不代表死亡和受苦只是一件小事。耶穌哭了。接著，耶穌大聲命令說：「拉撒路，出來！」

這個神蹟是耶穌在《約翰福音》中的第七個主要記號。這些記號從將水變成酒開始，並以這次賜下生命的復活作為最高潮。儘管如此，當拉撒路復活的消息傳開時，那些心懷不軌的宗教領袖卻依然無動於衷。他們明明知道只有上帝能使死人復活，這個記號理當讓他們謙卑下來，但他們屬靈上的盲目卻驅使他們走向仇恨。他們甚至開始密謀，要把剛復活的拉撒路也一起除掉。

從這裡開始，耶穌啟程前往耶路撒冷。當他騎著驢進城時，群眾像迎接君王一樣地讚美他。然而，他心裡明白，自己必須如同《以賽亞書》6 章 1 節所說的，作為那受苦的僕人被高舉。耶穌知道，前往耶路撒冷就意味著要捨棄自己的生命。請觀看今天的影片，來回顧耶穌在這場顛覆世人眼光的凱旋進城之前，所成就的一切。

反思問題

1. 請默想耶穌對馬大說的話：「復活在我，生命也在我」，這句話記載在《約翰福音》11 章 25 節。耶穌對馬大和馬利亞的回應，告訴了我們死亡的本質是多麼令人悲哀？這兩位婦女又如何為我們示範了在悲痛中依然抱持盼望？

2. 耶穌在《約翰福音》12 章 23 到 26 節中，對於跟隨他的人的生命說了什麼？這揭示了跟隨耶穌需要付上什麼樣的代價？
"
"264","在他上十字架前一天的晚上，耶穌拿著水盆和毛巾，跪在門徒面前，為他們洗去沾滿灰塵、因旅途勞頓而骯髒的腳。按照當時的習慣，替客人洗腳是僕人的工作，絕對不該由一位備受尊敬的老師來做。彼得嚇壞了，結結巴巴地想要阻止，但耶穌卻堅持要洗。彼得一聽，又立刻跳到另一個極端說：「主啊，如果祢要洗我的腳，乾脆把我的手和頭也都洗了吧！」

耶穌溫柔地告訴他，那是不需要的。耶穌這麼做，是為了給我們留下一個可以效法的榜樣。祂在向彼得，也是向我們所有人展示一種全新的生活方式。這種生活不是為了往上爬、爭取地位，而是要我們謙卑下來，彼此服事、互相照顧。在上帝國度的心態裡，從來沒有人會因為地位太高，而不需要去顧念別人的需要。謙卑的愛與服事，正是我們活出上帝心意的方式。

大家可以留意一下，約翰福音在第12章之後，故事的節奏明顯放慢了下來。第13到17章，記載了耶穌上十字架之前，給門徒們最後的教導，這段話通常被稱為「樓房講論」。在這裡，耶穌告訴大家，想要尋求天父的人，只要跟隨祂就能找到。祂也承諾，當祂離開後，聖靈將會降臨，引導他們明白一切的真理。最重要的是，只要他們願意順服耶穌，就會深深扎根在祂的愛裡，就像枝子緊緊連在葡萄樹上一樣。

順服的具體表現，就是彼此相愛。這不是那種軟弱、只停留在感覺裡的浪漫，而是一種會付諸行動的愛。這種愛非常強大，它要求我們放下過去的舊生命，真實地活在上帝賜下的新生命裡。在今天的影片中，你會看到耶穌為我們示範了，祂願意為了這份愛付出多大的代價。作為耶穌的跟隨者，我們身上真正的記號，就是結出那常存之愛的果子；這顆果子種在順服的土壤裡，由聖靈來澆灌，最終綻放出來的，是十字架的形狀。

反思問題

1. 耶穌應許聖靈會降臨並引導我們，這件事如何實現了舊約聖經中先知們的盼望？在聖經的其他地方，上帝還曾在哪些事上，展現出祂渴望與人同在的心意呢？

2. 在約翰福音15章1到11節裡，耶穌形容自己是葡萄樹，跟隨祂的人是枝子。這個生動的比喻，告訴了我們哪些關於屬靈生命成長的秘密呢？
"
"265","今天的閱讀進度，來到了耶穌和門徒在樓房裡談話的尾聲。這段內容，記載在《約翰福音》13 到 17 章。當我們繼續往下讀，會發現耶穌正準備面對即將到來的死亡。這時候，時間彷彿變慢了，空氣也顯得很沉重，直到耶穌作了一個特別的禱告，也就是記載在《約翰福音》17 章裡的「大祭司的禱告」，才結束了這場談話。這段珍貴的禱告，只有《約翰福音》有記錄下來喔。耶穌知道，當門徒們親眼看見他被害的時候，很可能會開始懷疑他以前說過的話。所以，耶穌特別提醒他們，他真的是從天父那裡來的，而且很快就要離開這個世界，回到天父那邊去了。不過，這絕對不代表耶穌會拋棄他們。

耶穌告訴他們，聖靈將會與他們同在，並且會引導他們明白耶穌所說和所做的一切。聖靈會繼續帶領他們，朝著一個美好的目標前進，那就是與聖父、聖子、聖靈親密地相交。有些人覺得，耶穌的這個禱告，就像是一扇大門，帶領我們走進與三一上帝相交的生命裡。耶穌渴望他的子民能夠完全合而為一，就像他與天父、聖靈完美合一那樣。這樣一來，這個世界就會知道耶穌是真實的，並且相信天父真的差遣了他。這段話記錄在《約翰福音》17 章 20 到 23 節。

接著，故事的場景變得黑暗了。因為猶大的背叛，耶穌被抓了起來，並且被帶到猶太地區的羅馬總督本丟彼拉多面前受審。當耶穌告訴彼拉多，他來到這個世界是為了見證真理的時候，彼拉多卻嘲笑說：「真理是什麼？」這裡其實隱藏了一個奇妙的關聯，就像網頁上的超連結一樣，把前面的教導串連了起來。耶穌在《約翰福音》17 章 17 節說過「你的道就是真理」，而且在 1 章 14 節也提到「道成了肉身」。彼拉多在那邊嘲笑真理到底是什麼，卻不知道，真正的「真理」此刻就站在他的面前。

反思問題

1. 請安靜默想《約翰福音》17 章裡，耶穌為跟隨他的人所作的禱告。這個禱告告訴我們，耶穌邀請我們進入的是一種什麼樣的生命呢？

2. 耶穌和門徒前往客西馬尼園的路上，也就是猶大後來背叛耶穌的地方，他們越過了汲淪溪。這條路線，正好和舊約時代大衛王遇到兒子押沙龍叛變、被拒絕作王時逃跑的路線一模一樣。這段歷史記載在《撒母耳記下》15 章 23 節。這個跨越時空的「超連結」，如何讓我們看見耶穌成就了整個以色列歷史的故事呢？
"
"266","想像一下，耶穌遍體鱗傷、滿身是血地站在彼拉多面前，頭上還戴著刺破皮膚的荊棘冠冕。他忍受著大家無情的嘲笑，笑他「還真以為自己是猶太人的王啊」，接著，耶穌聽到了死刑判決。「釘他十字架！釘他十字架！」這場原本應該是為世界真正君王舉行的加冕典禮，竟然變成了史上最醜陋的儀式。耶穌曾經說過他將要「得榮耀」，但他指的應該不是這個意思吧？看著眼前這位受盡屈辱、感覺徹底失敗的人，有誰會相信他竟然是一位君王呢？

其實喔，在《約翰福音》描寫十字架的場景裡，到處都藏著連回舊約聖經的「超連結」！這些細節都在告訴我們，耶穌並沒有被打敗。從士兵分了耶穌的衣服（《詩篇》22篇18節），到拿酸酒給他喝（《詩篇》69篇21節），還有使用牛膝草（《出埃及記》12章22到23節，《利未記》14章49到53節），以及最後刺透耶穌的肋旁（《撒迦利亞書》12章10節），約翰在這些黑暗的場景中巧妙地把經文串聯在一起，暗示著整本聖經其實一直都在期待這一刻的到來。

這裡最大的重點是，耶穌並不是一個心不甘情不願的受害者喔。他因為愛所有的人，甚至愛他的仇敵，所以選擇主動迎向這樣的命運，這就是一個顛覆世界價值觀的國度所展現的樣子。那樣的愛，最後戰勝了死亡本身，也帶來了整件事最不可思議的時刻：這位君王復活了，而且他回來了！

耶穌在一個園子裡找到了抹大拉的馬利亞。這其實呼應了《創世記》裡的伊甸園，在這裡，上帝再次跟人類在園子裡並肩同行。當耶穌溫柔地呼喚馬利亞的名字時，她相信了這個超乎想像的奇蹟，並跑去告訴其他人。你想想，彼得才剛剛經歷了懷疑、不認主還有撇棄耶穌，但現在，他相信了自己親眼看見的這一切。他拔腿奔向耶穌，宣告他對耶穌最真誠的愛。就像你在今天的影片中會看到的，這是一個充滿饒恕與恢復的超棒時刻，完全代表了天國最核心的意義。

在結束這卷顛覆我們想像、甚至有點讓人難以置信的福音書時，約翰很明確地告訴大家，他寫下這些故事只有一個目的：「叫你們信了他，就可以因他的名得生命。」約翰邀請我們親自來看看，並且相信耶穌，好讓我們也能得到真正的生命。

反思問題

1. 當士兵刺透耶穌的肋旁時，有血和水從他身上流出來。在《約翰福音》或者是舊約聖經的其他地方，你還在哪裡看過關於水的記載呢？這個時刻跟其他提到水的關鍵經文，又有些什麼樣的關聯呢？

2. 復活之後，當耶穌向聚在一起的門徒顯現時（《約翰福音》20章19到23節），他的第一句話是：「願你們平安。」你覺得他為什麼要用這句話當作開場白呢？這又告訴了我們哪些關於饒恕的真理呢？
"
"267","你可能會想，為什麼我們的讀經計畫是先讀完《約翰福音》，才接著讀《路加福音》呢？其實啊，作者路加一開始在寫作的時候，就把《路加福音》和《使徒行傳》設計成上下兩集的史詩巨作喔！這樣安排，讓我們可以把《路加福音》和《使徒行傳》連在一起，當作一個超有氣勢的故事來體會。這個故事從耶穌降生開始，一路演到早期教會建立的那些日子。

今天你在讀經和看影片的時候，可以注意一下路加的寫法，看看跟我們之前在舊約學過的內容有什麼關聯。有些故事細節可能會讓你想到更早以前的聖經故事喔！路加超喜歡用典故，把大家的心思拉回舊約裡的觀念、場景像是埃及，或是人物像是摩西。這些巧妙的設計就像是尋寶線索，引導我們發現路加真正想講的重點。他想告訴我們，現在發生的事情跟過去上帝做過的一樣，但更酷的是，現在耶穌正在翻轉並且更新這一切。

舉個例子，想想開頭伊利莎白和撒迦利亞的故事。天使加百列對撒迦利亞承諾，雖然他們夫妻倆年紀很大、沒有小孩，但伊利莎白會生下一個兒子。這裡就是一個超棒的典故，呼應了舊約聖經裡那些奇蹟懷孕生子的故事。這些奇蹟都展現了上帝奇妙的作為，就像撒拉、利百加、拉結和哈拿的故事一樣。

雖然上帝在歷史中一次又一次實現了這些應許，撒迦利亞一開始還是有點懷疑。不過，他後來找回了對上帝的信心，從他堅持要給兒子取名叫約翰就可以看出來喔！他顯然已經完全相信，上帝賜給他兒子的應許是真的。接著，撒迦利亞超開心地唱出一首很有意境的詩歌，這首歌就像是用舊約聖經的經文編織出來的美麗掛毯，傳遞出一個超清楚的信息：上帝正在行動，而且上帝拯救的大能已經來臨了。

反思問題

1. 注意一下伊利莎白和馬利亞懷孕的故事，它們之間有很多平行的安排喔！你在哪裡看到了相似和對比的地方呢？你覺得路加為什麼要把這兩位女性的故事放在一起對照呢？

2. 請比較《路加福音》1章46-55節馬利亞的詩歌，還有《撒母耳記上》2章1-10節撒母耳出生後哈拿的禱告。你能從裡面找到哪些主題上相似的地方呢？這對於上帝關心貧窮和軟弱無力的人，傳達了什麼樣的信息呢？
"
"268","當我們想到皇室，或是歷史上那些充滿榮耀的君王時，腦海裡通常會浮現出華麗的寶座，還有數不清的金銀財寶。不過，耶穌可不是世上那種一般的君王。祂確實擁有一切的權柄和君王的榮耀，但表現出來的樣子卻完全不一樣。就像你在今天的影片裡會看到的，就連耶穌降生的方式，也完全顛覆了我們對榮耀和君王統治的想像。

後來，當馬利亞和約瑟順服上帝的吩咐，帶著小耶穌來到聖殿時，他們遇見了兩位先知，就是西面和亞拿。西面一輩子都在苦苦等待彌賽亞的到來，當他一看到耶穌時，就發出讚美，話語中充滿了以賽亞先知曾經說過的應許：上帝拯救的大能已經來到以色列，萬民都將看見真光，連外邦人也包含在內。亞拿則是屬於以色列的亞設支派，這是北國以色列滅亡後，被迫分散各地的十個支派之一。這裡特別提到亞設支派，其實是在暗示那些流亡在外的以色列人終於要回歸了。先知們曾經預言這件事一定會發生，但最令人震撼的是，他們竟然是在耶穌基督裡重新聚集在一起。

透過這些故事，路加想讓讀者們知道，耶穌確實是大衛王的後代。不過，跟《馬太福音》強調那顯赫的君王血脈不一樣，路加在記錄耶穌的家譜時，卻是沿著一條看似微不足道的家族路線來追溯。你可能會想，路加為什麼要這麼做呢？

其實，路加是要強調一個事實，那就是耶穌出身卑微，降生在大衛故鄉裡的一個貧苦家庭。在這份家譜裡，還有一個很有意思的細節喔。從亞當到耶穌總共經歷了七十七代，而七十七這個數字在聖經其他地方，代表著完全的意思。《馬太福音》是用家譜來強調耶穌跟大衛君王血脈的關聯，而《路加福音》雖然講著相同的故事，卻劃出了不一樣的重點。這條血脈貫穿了亞當、亞伯拉罕和大衛，也走過了以色列人被擄的日子，最終在這位世界真正的君王耶穌降生時，達到了真正的完全。

反思問題

1. 在這幾章的經文裡，路加顛覆了許多我們對君王、榮耀還有權力的想像。其中，哪一個反差最讓你印象深刻呢？這又如何提醒我們，在上帝那看似翻轉世界的國度裡，真正權力的本質到底是什麼？

2. 試著比較一下《路加福音》的開頭，跟《馬太福音》、《馬可福音》還有《約翰福音》有什麼不同。路加帶出了什麼獨特的觀點呢？你從中觀察到了哪些相似或是彼此呼應的地方？
"
"269","耶穌現在真的很需要吃點東西。他連續四十天獨自在曠野挨餓，這其實是在重演當年以色列人在曠野流浪四十年的經歷，那段日子深深考驗著他們是否真的相信上帝會供應一切。

就在耶穌身體最痛苦、最脆弱的時候，撒但來試探他了。毫無疑問，耶穌經歷了極其強烈的誘惑，但他並沒有屈服。他深信上帝能夠，也一定會保守他的生命，即便死亡在耳邊咆哮說上帝根本不會管他。

當古代的以色列人在受苦中面對同樣的考驗時，軟弱的他們只能在一次又一次的失敗中不斷掙扎。可是，耶穌堅定地持守著信心，忍受住了試煉。耶穌在這次試探中的得勝，正式宣告要徹底摧毀那從一開始就一直壓迫人類的失敗循環。

後來在會堂裡，耶穌把自己的使命和以賽亞書六十一章的預言連在一起。那是關於耶和華恩年，也就是禧年的預言，這是一個要把好消息傳給窮人、讓被擄的得釋放、瞎眼的得看見，並叫受壓迫的得自由的時代。耶穌說的話不僅非常美好，而且十分具體。

耶穌不只是在告訴大家，他就是以賽亞預言裡提到的那一位；他更是要表達，這就是上帝摧毀邪惡並統治世界的方式。上帝不是用暴力的戰爭，而是透過慷慨的賜福、醫治，並且把自由還給受壓迫的人和窮人。正如你在今天的影片中會學到的，這裡說的窮人，不單單是指沒有錢的人，更是指被社會邊緣化、地位低落的人。

接著，耶穌真實地把他的教導活了出來。他呼召貧窮的漁夫來作他的門徒，他接納被社會排斥的稅吏作朋友。他醫治病人，讓瞎子重新看見，並且赦免人的罪。

耶和華恩年的好消息已經來到，現在正穿著一雙涼鞋，一步一腳印地走遍這片土地。

反思問題

1. 在聖經中，人們還面臨過哪些其他的考驗呢？你認為耶穌為什麼必須面對這些在曠野裡的考驗？他成功通過了這些考驗，向我們顯明了關於他的什麼特質呢？

2. 想一想耶穌所挑選的十二個門徒，他們代表著以色列的十二個支派。你能想像嗎？在貧窮的漁夫、為羅馬帝國效命的稅吏，以及曾經對抗羅馬統治的叛亂份子之間，會發生什麼樣的衝突呢？耶穌選擇了這些背景完全不同的人，這如何展現出他國度裡關於饒恕、和好與合一的價值觀呢？"
"270","耶穌在曠野的一場講道中，發表了一份天國君王的宣言。這段經文有時被稱為「平原寶訓」，記載在路加福音6章17到49節。祂點出了追求金錢和地位有多麼愚昧。相反地，祂呼召跟隨祂的人，去和身邊的所有人建立美好和睦的關係。要追求這樣的關係，我們必須學會饒恕、慷慨待人、拒絕暴力和報復，並且用不偏心的愛去接納別人，尤其是那些常被排擠的邊緣人。你可以看看今天的影片，裡頭詳細解說了耶穌的教導，讓我們明白隨便論斷別人是很愚昧的，而謙卑地去愛人，才是真正的智慧。

在今天的經文裡，耶穌不僅是教導，祂更親自活出這些道理。祂醫好了一個手枯乾的人，接著又賜福給兩個被當時社會視為外人的角色，一位是羅馬的百夫長，另一位是貧窮的寡婦。百夫長在軍隊裡的高階地位，或許能為他帶來財富和權力，但這些都無法挽救他僕人的性命。於是，他把全部的希望都放在耶穌身上。耶穌說，這種為了生命而完全倚靠祂的態度，展現出極大的信心，甚至耶穌稱讚說，這麼大的信心，就是在以色列中，祂也沒有遇見過。這段話記載在路加福音7章9節。

讓我們花點時間好好體會一下這句話。耶穌的身邊，圍繞著許多自認對上帝非常忠心的以色列人，他們肯定覺得自己比任何外邦人都還要敬虔。但耶穌卻公開宣告，這位被視為敵人的外邦人，一個羅馬軍官，竟然展現出在以色列中見過最深厚、最真誠的信心。聽到這番話之後，當時的人們不得不重新去思考，他們過去對信心的一切認知。

後來，耶穌走到另一個城鎮，遇見了一位正在痛哭的寡婦，她唯一的兒子過世了。在當時的文化裡，這代表她失去了生活依靠，也沒有了未來。耶穌對她動了慈心，讓她死去的兒子重新活過來。再後來，施洗約翰派人傳了個信息來問：耶穌，你真的是那位上帝應許要來的彌賽亞嗎？如果耶穌當時正在帶領大家打敗敵人，約翰大概就不會問這個問題了。

但耶穌怎麼回答呢？祂指向了祂眼中真正的最大勝利，也就是那些證明上帝國度已經降臨的神蹟。耶穌說，瞎子看見了，死人復活了，窮人聽見了福音。就在那個當下，祂正在實現祂曾經在家鄉會堂裡讀過的以賽亞書61章的應許，也就是路加福音4章的內容。充滿恩典與釋放的禧年，已經來臨了！

沒錯，耶穌就是那位得勝的君王，是真正的彌賽亞。祂確實正在爭戰，但祂對抗的不是人類，而是那讓人瞎眼、使人墮落，並且奪走生命的黑暗勢力。這種作戰方式，對當時的施洗約翰來說非常震撼，對今天的我們來說，也是一樣。

反思問題

1. 在路加福音耶穌的講道裡，祂說「貧窮的人有福了」；而在馬太福音中，祂說「虛心的人有福了」，也就是靈裡貧窮的人有福了。你認為路加為什麼特別想要強調經濟上貧窮的人呢？

2. 耶穌引導我們放下想要論斷別人的衝動，轉而給了我們一個深刻自我反省的機會。你能回想起聖經裡有哪些故事，是因為主角願意自我反省，而幫助他們避開了危險的陷阱嗎？你還能想到其他聖經人物因為誠實面對自己的缺點，最後學會謙卑的時刻嗎？
"
"271","門徒們總是抓不到重點。他們聽過耶穌的教導，也親眼看過他行的神蹟，但每次面對新的挑戰，他們就像突然失憶了一樣。

當耶穌差遣他們到各個村莊去傳遞信息時，耶穌賜給他們權柄，卻不讓他們帶上任何物資。因為他們必須單單倚靠上帝，而上帝會透過其他人的熱情接待，來供應他們的飲食。

後來，他們非常興奮地回來，迫不及待地想跟耶穌分享他們經歷的一切，包含上帝那絕對可靠的供應。可是，當群眾追上了他們，天色越來越晚，大家都餓了的時候，門徒卻想像不出上帝的供應會從哪裡來。他們甚至建議耶穌，把群眾遣散，讓大家自己去買東西吃。

耶穌的回答讓他們嚇了一跳，耶穌說：「你們給他們吃吧。」沒錯，門徒應該把先前體驗到的熱情接待分享出去，並且像剛才外出傳道那樣，繼續信靠上帝。儘管那位能行神蹟、使人死裡復活、為世界帶來禧年的上帝的兒子，明明就站在他們面前，他們還是回答說自己擁有的食物根本不夠。

於是，耶穌使用了他們僅有的一丁點食物，餵飽了成千上萬的人，直到大家都吃飽了，甚至還剩下許多零碎，而且是非常多的零碎食物。

要完全明白耶穌的使命，門徒還有一段很長的路要走。但對於這位彌賽亞來說，現在是時候定意走向耶路撒冷，邁向十字架了。正如你在今天影片中會看到的，耶穌預言了自己的死亡和復活，他解釋說，跟隨他意味著每天都要放下以自我為中心的想法，並且轉而去愛身邊的人。

儘管如此，耶穌的跟隨者卻還是常常陷入無聊的爭執裡，像是吵著誰才是最偉大的人。他們試圖去阻止別人趕鬼；甚至當他們因為不受某個村莊的歡迎時，還愚蠢地問耶穌，是不是該從天上降下火來燒毀那個村子作為報復。

門徒們總是抓不到重點，但耶穌仍然充滿耐心地為他們指引前方的道路。

反思問題

1. 在今天的經文裡，耶穌差遣十二個門徒前往附近的村莊，去執行他部分的使命。這顯示了人們在上帝的使命中扮演著什麼樣的角色呢？在聖經的其他地方，你還看過哪些上帝差遣他的百姓去完成使命的例子呢？

2. 在今天的經文裡，彼得稱呼耶穌為彌賽亞，也就是「受膏者」的意思。請你默想《以賽亞書》42 章 1 節以及 61 章 1 到 3 節，想想看，耶穌在哪些方面實現了人們對彌賽亞的期待？而他又在哪些方面和人們原先的期待不一樣呢？這又會如何影響門徒對耶穌使命的了解呢？
"
"272","跟隨耶穌，可不只是單純跟在後面走而已喔，而是要實際參與他的工作。你可以看看今天的影片，我們先來預覽《路加福音》的後半段，看看耶穌是怎麼完成上帝國度的工作，同時，他也張開雙手，歡迎其他人一起來參與。

耶穌和門徒們繼續沿著蜿蜒的道路走向耶路撒冷。他差遣了七十個，或是有些古卷說的七十二個門徒出去，傳揚上帝的國、醫治病人，並且趕除邪靈，就像他之前差遣十二個門徒一樣。後來，這些門徒滿心歡喜地回來，因為他們親眼看見，上帝竟然透過他們充滿愛的行動，成就了這麼奇妙的事。

在這裡，路加向我們展示了什麼叫做「用行動活出信仰」。你要留意喔，門徒的生活除了服事別人，也包含了學習和禱告。就像耶穌來到馬利亞和馬大的家時，馬大忙進忙出地服事耶穌和門徒；而馬利亞則是安靜地坐在耶穌腳前，聆聽並學習他的教導。

馬大那份熱情接待的心，其實非常美好。她藉著實際照顧耶穌的生活起居，來與上帝同工。可是，當她被忙碌壓得喘不過氣的時候，耶穌很溫柔地邀請她，放下手邊的工作，和馬利亞一起來向他學習。在聖經的原文希臘文裡，「門徒」這個詞的意思就是「學習者、學生或是學徒」。所以，成為耶穌的門徒，就是要成為一個不斷學習的人。

帶著這樣的觀念，我們來讀《路加福音》10 章到 11 章。門徒們必須學習怎麼禱告；而那些熟讀律法的宗教專家也必須學到，他們其實並沒有自己想像的那麼「專業」。的確，全世界最終都必須藉著與耶穌同工，來學習耶穌的道路。

《路加福音》一次又一次地為我們描繪了一幅與耶穌同工的美麗圖畫，這包含了對窮人拿出實際的愛，加上用心的禱告，以及謙卑的學習。耶穌的門徒已經準備好要跟隨他，積極地服事別人，同時也安靜地坐在耶穌腳前。

反思問題

1. 在今天的經文中，你在哪裡看到人們盡心、盡性、盡力、盡意愛上帝呢？可以參考《路加福音》10 章 27 節，以及《申命記》6 章 4 到 9 節。在今天的社會和你的生活中，這樣全心全意的愛，又會是什麼模樣呢？

2. 當耶穌對哥拉汛、伯賽大和迦百農這些以猶太人為主的城市發出警告時，他特別提到了推羅和西頓這兩個古老的外邦城市。請默想《約珥書》3 章以及耶穌的信息，你認為他為什麼要把這些城市連在一起講呢？關於上帝國度裡的「局外人」和「局內人」，耶穌想要教導我們什麼樣的功課呢？
"
"273","有一次，有人跑來請耶穌幫忙解決他和兄弟之間分家產的爭吵，耶穌回了他兩件事。第一，他拒絕了。他說，我不會幫你解決這個問題，因為這不是我來到世上的目的。第二，他提醒對方，要放下心中的貪婪。貪心或許能讓你賺進大把鈔票，但它絕對沒辦法帶給你真正美好的生活。

接著，耶穌講了一個比喻，故事裡有一個只顧自己的富翁，你可以留意一下這個富翁心裡到底說了多少次「我」。這個人不斷囤積財富，活著就是為了吃喝玩樂。他以為有了錢就有了安全感。結果，他卻突然死去了。這個世界上再多的錢，都沒辦法阻止這件事發生。

所以，耶穌告訴我們，與其為了金錢感到壓力，天天煩惱吃什麼、穿什麼，不如試著做個慷慨的人，並且深深相信上帝會豐豐富富地供應我們。真正的聰明人，會單單依靠上帝來過每一天的生活。

今天的影片提醒我們，當你為了金錢、衣服或食物感到壓力大到快喘不過氣時，要安靜下來思想上帝。就像《詩篇》118 篇鼓勵我們的，要把信心建立在上帝身上，而不是依靠經濟或政治的力量；耶穌同樣教導跟隨他的人，要把生活完全以上帝為中心。

耶穌也試著給當時的宗教領袖上了類似的一課，可是他們根本聽不進去。耶穌勸他們回頭，離開現在錯誤的道路，仔細看看他是如何活生生地在他們面前應驗了聖經。當他們因為耶穌在安息日治病而定他的罪時，這顯示出他們根本不願意，也無法體會上帝的好消息。耶穌向他們宣講天國的福音，他們卻因為心裡剛硬，拒絕了耶穌。因為他們更相信自己的想法，而不是上帝的想法。

看到這一切的拒絕，耶穌忍不住為耶路撒冷哀哭。他深深愛著這座城市，也愛著裡面所有的人，他多麼渴望能牽著他們的手，帶他們回家。

反思問題

1. 在聖經的其他地方，你是否也看過有人因為追求財富，反而失去了慷慨與愛心？你可以想想《撒母耳記上》25 章的拿八、《約書亞記》7 章的亞干，還有《列王紀下》5 章的基哈西。

2. 在聖經中，你還看過上帝在哪些地方為他的百姓預備食物和衣服？這些經文對你理解耶穌的教導有什麼幫助？"
"274","在一場豪華的晚宴上，耶穌拒絕加入那種爭奪社會地位的常見遊戲。在耶穌時代的宴會裡，那些大人物可以坐在尊貴的大位上，享用最棒的食物。而地位最低的客人，只能拿到最差的位子，吃桌上剩下的飯菜。至於其他人，就排在兩者之間。當賓客們紛紛展現自己的重要性，想盡辦法搶個好位子時，耶穌給出了一個充滿智慧的建議：永遠去選那個最不起眼的位子坐。

那些關於身分地位的東西，其實都不是真實的。

在群體中彼此相顧，是上帝國度裡一個非常重要的原則。推動我們活出真正人性的，是對上帝和對人的愛，而不是自以為有多了不起。接著，耶穌描述了另一場宴會，在那裡，那些有頭有臉的菁英拒絕了主人的邀請；反而是社會上那些被人瞧不起的人，像是窮人、病人、殘障人士，還有在街上閒晃的人，他們接受了邀請，開心地享受了這場豐盛的筵席。

上帝的國就像這場宴會一樣，屬於每一個蒙他恩典呼召、憑著信心接受邀請的人。在這裡，社會地位根本算不了什麼。

後來，耶穌講了一個聽起來有點奇怪的比喻，是關於一個不義的管家。這個管家發現自己快被老闆開除了，竟然在帳本上動手腳，用一種聰明的方式來使用這筆不義之財。他把錢花在建立人際關係上，而這些關係，後來變得比任何數目的金錢都還要寶貴。

就像你在今天影片裡會學到的，瑪門，也就是我們的金錢和財物，有一種力量會把我們拉進黑暗裡。耶穌呼召我們要聰明地管理我們的瑪門，千萬不要被它控制。我們絕對不可能同時事奉瑪門又事奉上帝。如果連一個只為了自己前途著想的不義管家，都能學會看重關係勝過金錢，那麼，我們這些追求上帝國度的耶穌跟隨者，豈不更應該善用金錢，來跟身邊的人建立美好的關係嗎？

反思問題

1. 在今天的影片中我們學到，瑪門也就是金錢、財富或物質，有一種奇怪的力量，會困住並傷害我們。在你自己的生活經驗裡，你曾在什麼地方看過貪愛錢財造成了腐敗和傷害呢？你覺得耶穌為什麼會建議我們，用慷慨給予來當作對付這種威脅的解藥呢？

2. 請安靜默想《路加福音》15 章裡的幾個比喻。它們共同傳達了什麼樣的主題呢？這點出了上帝有多麼願意主動尋找人？你又如何在整本聖經裡，看見上帝不斷在尋回他的百姓呢？
"
"275","如果耶穌在《路加福音》17章一開始的教導沒有深深地震撼你，那我建議你最好再仔細讀一遍喔！在這裡，耶穌正在教導門徒如何裝填、瞄準，並且發射上帝那用來摧毀邪惡的終極武器，這個武器就是「饒恕」。

我們中文說的饒恕，在聖經希臘文原文裡其實帶有一種「放手」的動作。耶穌並不是教我們去忽視或淡化別人犯的錯，好像饒恕就代表著算了吧，或是假裝沒事發生過。祂教的是一種放手的方式。意思是說，我們拒絕緊抓著別人的過錯不放，也不把這些過錯當作他們比我們糟、或是比我們差勁的證明。

不久之後，當羅馬士兵正在十字架上殘酷地殺害耶穌時，我們卻看見耶穌主動饒恕了他們。耶穌拒絕把他們的惡行算在他們頭上，反而充滿憐憫地體恤他們，說他們所做的他們不曉得，這正如《路加福音》23章34節所記載的。

《路加福音》17章一開始的段落，讓我們看到耶穌教導跟隨祂的人，要永遠且無止盡地去饒恕。隨後在他們蜿蜒前往耶路撒冷的路上所發生的故事，更讓我們看見耶穌和跟隨祂的人，是如何一步一步活出這條饒恕的道路。

在這條路上，他們遇見了十個患痲瘋病的人。這些病人懇求耶穌可憐他們，於是耶穌吩咐他們去把身體給聖殿的祭司檢查。當他們憑著信心走向耶路撒冷時，他們就經歷了醫治，從疾病的折磨中得著釋放了！然而在這十個痲瘋病人裡，只有一個人跑回來找耶穌。這個人在當時的社會裡是個被排斥的撒馬利亞人，算是一個局外人。他大聲讚美上帝，並且滿懷感恩地俯伏在耶穌腳前。在這裡，作者路加再次突顯出一個我們已經見過的模式，那就是局外人領受了上帝的國，而原本的局內人卻反而錯失了。

在接下來的一連串比喻中，你會看到同樣的模式不斷出現，這些比喻都在向我們傳達一個核心觀念，就是上帝的憐憫是不偏待人的，無論是不是以色列人都能得著。上帝賜下了無止盡的醫治與饒恕，這正好呼應了耶穌在《路加福音》17章一開始教導的真理。

反思問題

1. 請比較《路加福音》18章9-14節以及《路加福音》14章7-11節。你能在這兩個故事之間發現什麼關聯呢？這對於耶穌的跟隨者該如何與上帝以及與他人建立關係，又帶來了什麼樣的提醒？

2. 請比較耶穌醫治痲瘋病人的事蹟，與《列王紀下》5章裡乃縵將軍的故事。你注意到了哪些相似的地方呢？這告訴我們，上帝對於那些被視為局外人的人，抱持著什麼樣始終如一的態度？"
"276","雖然門徒們已經從耶穌身上學到，謙卑、愛與關懷弱勢群體，有著摧毀邪惡的力量；但他們還是開始猜想，上帝的國是不是就要帶著強大的軍事與政治力量降臨了呢？聖經的作者路加並沒有說，耶穌在這時候無奈地翻了個白眼，但我們感覺很有這個可能喔。

於是，耶穌很有耐心地，想透過一個貴族準備要去作王的比喻，來幫助他們看清現實。這個刻意安排的故事，聽起來有時候滿尖銳的，粉碎了門徒對於軍事勝利或偉大建國的幻想。耶穌想表達的重點是，雖然宗教領袖會拒絕祂，但上帝會賜給跟隨祂的人力量，讓他們能繼續完成祂的工作，直到祂再次降臨。

耶穌並沒有否認祂是那位真正得勝的君王。只是，祂那場偉大的勝利，並不會像門徒想像的那樣發生。他們將要用慈愛和醫治來打這場仗，而不是靠著刀劍或是爭奪王位。

就像一位謙卑的君王一樣，耶穌騎著一匹小驢駒，而不是雄赳赳的戰馬進入耶路撒冷。在那裡，人們揮舞著棕樹枝，用讚美來迎接祂全新的統治。耶穌正在宣告自己君王的身分。舊約先知撒迦利亞在撒迦利亞書九章九節就曾經預言，以色列的王會用這樣的方式來到。通常，一位國王會熱烈慶祝自己的加冕時刻。但這位君王卻沒有。

當耶穌騎著驢進城的時候，祂竟然哭了。因為祂知道，羅馬帝國最終將無可避免地摧毀聖殿、踏平耶路撒冷。祂也知道，今天在人群中，大聲高唱路加福音十九章三十八節說的「奉主名來的王是應當稱頌的！」這些人當中，有許多人在短短一週內就會倒戈反對祂，改口大喊路加福音二十三章二十一節的那句：「釘祂十字架！釘祂十字架！」

邀請你看看今天的影片，預覽耶穌在耶路撒冷的最後一週。祂與以色列宗教領袖之間，那場帶著極大愛心的衝突，最終變成了一場與死亡本身的正面對決。

反思問題

1. 耶穌「凱旋」進入耶路撒冷的畫面，是如何反映出祂神國度裡的價值觀呢？你覺得為什麼祂那帶來和平的信息，對跟隨祂的人來說會這麼難以理解呢？

2. 試著比較耶穌君王般的進城，跟列王紀上一章二十八到五十三節裡所描述的君王遊行。所羅門王的進城和耶穌的進城，有哪些相似或是不一樣的地方呢？這讓你對耶穌作王這件事，有什麼新的想法或疑問呢？
"
"277","聖殿山上矗立著那座榮耀輝煌的建築。它本該充滿上帝的靈，並由那些「披上救恩、蒙恩歡樂」的人來事奉，就像《歷代志下》6章41節所說的那樣。

然而，今天的經文一開頭，卻是一位貧窮的寡婦，把她一切養生的都獻上了，這是記錄在《路加福音》21章4節。在那節經文裡，路加用了一個希臘文單字來表達「養生」的意思，也就是她賴以維生的全部。這代表這位婦人僅存的兩個小錢，是她活下去的唯一依靠。可是，聖殿的領袖們卻毫不客氣地收下了。他們沒有祝福像她這樣窮苦的寡婦，反而完全漠視她的困境，這等於是扼殺了她活下去的機會，也就是她的肉身生命。

這一幕就發生在文士和祭司的帶領之下。他們把良善與救恩拋在腦後，只顧著剝削窮人，追求自己的名聲和地位。其實，過去以色列的先知們，在他們的時代也曾經責備過一模一樣的問題。

到了今天經文的最後，這同一批領袖竟然聚集在一起，密謀要將耶穌釘在十字架上。耶路撒冷和裡頭的權貴，看起來反而更像是古埃及的法老王，把人當作物品來利用和踐踏；他們一點也不像是一個要完成耶和華的使命、去祝福全世界的祭司的國度。

夾在這兩個故事中間的，是耶穌與門徒最後的逾越節晚餐。路加把這個場景安排在中間，是為了提醒我們：長久以來，即便在那些吞噬生命的暴政之中，上帝依然持續在動工。眼前的現實看起來或許十分黑暗，但上帝不僅與我們同在，他也正在積極作為。耶穌就像一位新的摩西，要把被擄的人從宗教壓迫中釋放出來，使他們的生命得到恢復。

當耶穌揭穿那些隱藏在暗處、充滿殺意的動機時，光明與黑暗、生命與死亡、良善與剝削，這些強烈的對比就在今天的經文裡一一浮現。以色列需要被拯救。雖然現在的聖殿領袖們正在吞噬人的生命，但耶穌卻正在建造一座全新的聖殿。就像摩西一樣，耶穌將要帶領上帝的百姓走出腐敗與死亡，進入全新的生命裡。

反思問題

1. 關於耶穌與門徒共進最後一次逾越節晚餐的故事，這如何呼應了聖經是一個指向耶穌的連貫故事這個觀點呢？在舊約的希伯來聖經裡，還有哪些其他的故事和經文，也同樣指向了耶穌為全人類所獻上的犧牲呢？

2. 請默想保羅在《哥林多前書》11章17到34節所說的話。在耶穌升天離開之後，初期的教會是如何繼續參與這個具有象徵意義的晚餐呢？
"
"278","耶穌被釘在十字架上的時候呀，整個場景真的讓人覺得世界整個大反轉了呢！羅馬的十字架，本來是留給那些罪犯跟愛用暴力的狂熱分子的。可是耶穌超無辜的，祂從來沒有對任何人動過粗喔。上帝所愛的百姓，好幾個世紀以來一直超期待上帝派那位說好的榮耀君王來。結果現在君王就站在他們面前，他們居然選擇要除掉祂！這一切真的徹底大翻轉啦。

不過呀，路加給我們看見了一件超驚訝的事。某種意義上來說，這其實就是耶穌的加冕典禮，而祂的寶座就是那個十字架喔！也就是說，祂那種神聖又榮耀的能力，是展現在祂那超級堅定的愛裡頭，而不是靠武力去打敗敵人呢。耶穌的國度，真的充滿著另一種無極限的大能喔。

當耶穌從死裡復活的時候，一切都變得不一樣囉。一開始耶穌走向死亡的時候，愛敵人這件事看起來好像滿軟弱的。可是，當我們看到敵人給的死亡，根本沒辦法造成永久傷害的時候，你就會發現愛敵人其實展現出了超震撼的強大力量呢！

耶穌的復活，剛好證明了上帝那種賜給我們生命的愛，真的是充滿大能！這也讓我們看到，以前那些說會打贏戰爭的假彌賽亞全都失敗啦！但耶穌完全不一樣，祂是真正的彌賽亞，而且祂用了一種大家都沒想到的方式贏了這場爭戰喔。在路加看來，耶穌就是《以賽亞書》53章7節裡答應過的那位受苦僕人，也是《出埃及記》12章1到37節裡那隻全新的逾越節羔羊，更是一位不靠武力，而是自己願意承受暴力來拿走勝利的得勝君王啦！

後來在去以馬忤斯的路上，有兩個門徒走在耶穌旁邊，居然完全沒認出祂來耶。他們還在聊著一位偉大的先知，說本來超期待這位先知能救贖以色列的，結果統治者卻超殘忍地殺了祂。不過，他們又聽到一些超怪的傳聞，說祂竟然還活著呢。

於是呀，耶穌就開始跟他們講解律法和先知的書，告訴他們其實整本聖經就是一個完整的故事，而且從頭到尾都在講祂自己喔。後來他們坐下來一起吃東西。就在耶穌把餅剝開的那一刻，他們終於認出祂了！結果耶穌忽然就在他們眼前消失不見了。

再後來，耶穌向所有的門徒顯現，還答應要給他們從天上來的能力。接著祂就升天啦。直到這個時候，門徒們才終於搞懂祂的國度到底是長什麼樣子喔！於是他們超級開心地回到耶路撒冷，準備去領收他們能想像到最棒的一份禮物了。

反思問題

1. 耶穌在《路加福音》一開始的時候，就用了《以賽亞書》61章來宣告祂的任務，也就是要向貧窮人傳福音、宣告被抓的人可以被釋放、瞎眼的可以看見、讓被欺壓的人得自由。回想整卷《路加福音》，特別是今天讀到的內容，你覺得耶穌是怎麼真正做到這些事的呢？

2. 《路加福音》的結尾，是怎麼幫下一卷書做準備的呀？你覺得接下來還會發生什麼事呢？
"
"279","使徒行傳的故事，就從路加福音結束的地方開始。當時，耶穌應許要將聖靈的能力賜給門徒。在升天之前，耶穌邀請他們遵守這帶來生命的吩咐：要在耶路撒冷、猶太全地和撒馬利亞，直到地極，作我的見證。你可以看看今天的影片，了解這個使命是如何成為整卷使徒行傳的發展藍圖。也就是說，耶穌正透過聖靈，帶領祂的子民帶著上帝的祝福，勇敢地走向世界。

這個「走向世界」的行動，是從七七節，也就是五旬節開始的。這是猶太人的三大節期之一，吸引了世界各地的朝聖者來到耶路撒冷。耶穌的門徒遇見了這些旅客，但他們說的都是外國語言。這些人到底要怎麼互相溝通呢？

當大家聚集在一起的時候，一陣屬神的強風吹進了他們聚會的地方。接著，有火焰出現在他們的頭上。這個畫面應該會在我們腦海中開啟一個「超連結」，因為這不是上帝的同在第一次以火的形態，神祕地向人們顯現。你可以回想出埃及記19章18節、40章38節，以及歷代志下7章1到3節。這時候，上帝的靈充滿了這個空間，並且做了一件不可思議的事：門徒們竟然能用這些旅客的母語來和他們溝通了。過去，上帝曾在巴別塔變亂口音、分散列國，但現在，祂似乎要在耶穌基督裡，將萬民重新聚集在一起。

聽見門徒說著外國語言，發出大家不熟悉的聲音時，許多人開始嘲笑他們，以為他們是喝醉了。彼得立刻站出來反駁，並且向大家解釋，整本聖經是如何一直指向耶穌，甚至早就預言了這個時刻。就在那一天，跟隨耶穌的新群體增加了三千人，他們都選擇脫離過去被罪惡奴役的舊生活，轉而順服在上帝的掌權與治理之下。

反思問題

1. 請花點時間重新閱讀但以理書7章9到14節。在今天的經文中，你注意到有哪些可以連回那段經文的「超連結」呢？這些字眼和畫面，可能向我們揭示了耶穌升天具有什麼樣的重要意義？

2. 請比較聖靈在五旬節降臨在門徒身上的故事，也就是使徒行傳2章1到4節，以及上帝的同在降臨在西奈山、會幕和聖殿的故事，記錄在出埃及記19章18節、40章38節，還有歷代志下7章1到3節。從這些經文中，你認為五旬節是如何實現了上帝在以西結書43章1到9節裡，關於祂榮耀同在與新聖殿的應許呢？
"
"280","有一天，在去聖殿的路上，彼得和約翰注意到一個無法行走的人。因為身體的殘疾，他沒辦法工作賺錢，只好每天在聖殿門口乞討。彼得和約翰看見了，心裡充滿憐憫，便求神醫治他的雙腳和腳踝。結果，這個人立刻跳了起來，大聲讚美神！

今天的經文讓我們看到，聖靈正在動工，祂透過耶穌建立的新群體來祝福這個世界。你可以看看今天的影片，更多地認識聖靈，正是祂賜下能力，讓耶穌的國度不斷地擴展。

門徒施展的醫治神蹟，引起了群眾的好奇心，於是彼得藉機教導了大家。但正如我們前面所看到的，許多宗教領袖誤解了聖靈的工作，還以為這些是神會反對的事。有些人甚至試圖逮捕門徒，逼他們閉嘴。但他們還沒搞清楚，過去他們想盡辦法要讓耶穌閉嘴，這一套現在根本就行不通。

彼得依然堅守耶穌的道路，他問了一個非常犀利的問題：我到底該順從神，還是該順從你們呢？

想當初，彼得在面臨生死關頭的時候，曾經不認這位彌賽亞。但是，如今在聖靈裡的生命已經使他剛強起來；現在推動他前進的，不再是恐懼，而是愛。

隨著信徒群體不斷成長，他們把財產集中起來，透過凡物公用的方式互相供應。這群充滿聖靈的神子民，展現出無比勇敢的慷慨，而這樣的慷慨，是深深扎根在對神豐盛供應的信靠上。結果就是，他們當中沒有一個缺乏的人。這讓人想起申命記15章4節的應許：在你們中間必沒有窮人，因為耶和華必在你所要得為業的地上賜福與你。

這個由聖靈所帶領的神國度，對全人類，特別是窮乏的人來說，真的是個大好消息。

反思問題

1. 請讀一讀馬太福音3章16到17節關於耶穌受洗的記載。試著比較一下這兩個場景：一個是聖靈停留在耶穌受洗的水面上，另一個是創世記1章1到3節中，聖靈運行在起初混亂的水面上。這樣的比較，如何幫助我們看出耶穌正是一個全新創造的開始呢？在今天的經文中，你又在哪裡看到耶穌的門徒靠著聖靈的大能，繼續從混亂與衰敗中帶來新的生命呢？

2. 請花點時間，回顧一下耶穌在路加福音4章16到21節中公開宣告的使命。在今天的經文段落裡，教會是如何將這份使命繼續傳承並發揚光大的呢？
"
"281","想像一下，靠著聖靈大能建立的這群耶穌跟隨者，就像是一座全新的聖殿，天與地在這裡奇妙地交會！每天都有越來越多的人加入這個超有活力的新社群。不過呢，麻煩總是來得猝不及防，不管是內部還是外部，問題都開始大爆發了。

首先是內部的危機。有一對夫妻叫亞拿尼亞和撒非喇，他們賣了土地，原本說好要把錢全都捐給教會使用，結果他們居然私下串通撒謊，偷偷把一部分的錢藏進了自己的口袋。這種欺騙的行為，完全違背了耶穌教導的真理啊。所以，上帝親自介入，降下了超嚴厲的審判，直接清除了這個可能會敗壞教會的嚴重威脅。

接著，外在的壓力也越來越大。耶路撒冷的聖殿領袖把使徒們通通抓了起來。但超神奇的是，使徒們居然奇蹟般地被釋放了！當他們再次跑出去傳福音時，那些領袖又把他們抓回來，還狠狠地鞭打了他們一頓。可是你猜怎麼著？這不但沒有嚇倒使徒，反而讓他們變得更勇敢，帶著滿滿的熱情繼續宣揚耶穌！看看今天的影片你就會發現，有時候這種外在的威脅，反而會加速耶穌好消息的傳播喔。

可是啊，隨著教會人數不斷變多，另一個內部的挑戰又冒了出來。大家發現，說希伯來話的寡婦在日常的物資發放上，好像得到了比較好的照顧，而說希臘話的寡婦卻被冷落了。使徒們知道自己必須專注在傳講耶穌國度的信息上，於是他們就請教會的大家一起來解決這個不公平的問題。後來，說希臘話的信徒選出了七位超可靠的代表，而且他們都有希臘名字喔。這樣一來，就確保了那些需要幫助的婦女們，全都能得到平等又充滿愛的關懷，再也不會有人覺得自己被當成次等人對待了。

就算困難一個接一個來，這座屬靈的新聖殿還是不斷地在成長茁壯。真的沒有任何東西能熄滅聖靈的烈火，耶穌的國度就跟祂預言的一模一樣，在耶路撒冷大大地傳揚開來啦！

來思考一下吧

1. 請花點時間，讀一讀《利未記》10章1-11節，關於拿答和亞比戶的故事。你覺得這跟《使徒行傳》5章1-11節裡，亞拿尼亞和撒非喇的故事，有什麼很像的地方呢？在聖經裡，這些前後呼應的關聯，能不能幫助你更深地體會到，身為上帝同在的神聖空間裡的代表，我們肩負的責任有多麼沉重又神聖呢？

2. 你可以比較一下司提反受審問的故事（在《使徒行傳》6章），以及耶穌受審問的故事（在《馬可福音》14章53-65節）。你有沒有注意到什麼共同的特徵？這些互相呼應的細節，是怎麼幫助我們看出，在《路加福音》和《使徒行傳》裡，耶穌的使命跟祂門徒的使命，其實是完全一脈相承的喔。
"
"282","你知道嗎？當耶穌告訴門徒，跟隨祂就必須背起自己的十字架，甚至跟祂一起面對死亡的時候，司提反真的把這些話牢牢記在心底喔。在《使徒行傳》6章的結尾，我們看到一個畫面，這跟耶穌當初受苦的經歷簡直一模一樣。司提反在大家面前教導上帝的真理，還像耶穌一樣行出奇妙的神蹟。可是那些宗教專家們都氣壞了，他們捏造謊言、做出虛假的指控，在背後偷偷策劃了一場黑暗的謀殺陰謀。

來到《使徒行傳》7章的開頭，司提反被指控，面臨著死亡的威脅。這時候他開口說話了，但他不是為了替自己辯護，而是為了教導大家關於耶穌的真理。他的這段演講，重新講述了舊約聖經故事裡幾個重要的時刻，特別點出以色列人常常犯一個錯誤，那就是對抗那位明明想要拯救他們的上帝。司提反希望他們看出來，現在發生的事情也是一樣的。他們又一次把上帝美好的工作當成是壞事了。

等司提反一講完，那些氣炸的領袖就把他拖出城外，用石頭打死。司提反的死，讓人想起先知撒迦利亞被謀殺的故事。撒迦利亞在被殘忍殺害之前，大聲呼求上帝報應，他說：「願上帝鑒察報應！」這記錄在《歷代志下》24章20到22節。不過，司提反沒有求上帝為他報仇，反而懇求上帝憐憫那些殺害他的人，這記在《使徒行傳》7章60節。他的禱告，就像耶穌對那些釘死祂的人一樣，充滿了憐憫與饒恕。耶穌在被殺害的時候，也是這樣為他們禱告的，大家可以去看看《路加福音》23章34節。司提反通常被稱為基督教的第一位殉道者，他真真實實地跟隨了耶穌的腳步。

當時，有一個名叫掃羅的年輕人在場，他親眼目睹並且贊同殺害司提反。掃羅因此變得更加大膽，他開始在整個耶路撒冷挨家挨戶地搜捕，帶頭把跟隨耶穌的人抓進監獄。大家可以看看今天的影片，來多了解一下掃羅的故事。他一開始雖然非常粗暴，但後來卻經歷了一場超級特別的生命大翻轉喔。

因為掃羅帶頭的這場迫害，許多跟隨耶穌的人只好離開耶路撒冷，四處分散到猶太和撒馬利亞各地。這剛好應驗了耶穌在《使徒行傳》1章8節所說的福音擴展路線。腓利來到了撒馬利亞，這是一片被猶太人視為外人的土地。他在那裡宣揚耶穌，並且行了許多神蹟。

反思問題

1. 回顧一下《約翰福音》4章。從這個故事中，你學到在使徒時代，猶太人（也就是南國的後裔）和撒馬利亞人（北國的後裔）之間，有著什麼樣的關係呢？腓利在撒馬利亞順利傳福音，這件事可能會讓當時的早期教會感到多麼驚訝？這個事件，對於教會以及上帝在《以西結書》37章15到28節中承諾要恢復以色列的應許，又揭示了什麼意義呢？

2. 花一點時間，複習一下摩西五經裡的規定，看看有哪些人是被排除在上帝神聖空間的服事與敬拜之外的，這記錄在《利未記》21章16到23節，以及《申命記》23章1到6節。衣索比亞太監受洗的這件事，如何展現出上帝在早期教會中，將祂「君尊的祭司」這個身分，擴大並賜給了那些原本被視為外人的人呢？"
"283","你有注意到嗎？在《使徒行傳》9:2的地方，路加寫到掃羅想要去抓那些「信奉這道的人」。他沒有說他們是「耶穌的跟隨者」或是「基督徒」喔。因為掃羅當時根本打從心底看不起這些照著特定方式生活的人。

為什麼會這樣啊？因為掃羅是受過嚴格訓練的宗教領袖啦。照著當時那些宗教權威的教導，如果他真的愛上帝，就一定要去阻止這群不守律法的耶穌跟隨者。你要知道喔，掃羅才不是那種單純喜歡暴力或心懷惡意的人，相反的，他是一個超級熱心又敬畏上帝的猶太領袖，只不過他學到了錯誤的觀念。

就在他去大馬士革，準備要對付耶穌跟隨者的路上，復活的耶穌突然向他顯現！那道強光甚至讓他雙眼都瞎了。不過掃羅還是跌跌撞撞地走到了大馬士革，他一路上又驚嚇又看不見。當他到了之後，這位原本超有權勢的迫害者，竟然發現自己需要向那個他原本想毀掉的群體求救。結果現在，掃羅自己反而想要加入這條「道」了。

同一時間，彼得舊有的想法也徹底被打破了！因為上帝給了他一個讓他大開眼界，甚至覺得有點被冒犯的異象。彼得身上也有著跟掃羅一樣敬畏上帝的熱心，對了，掃羅加入這個群體後就改名叫保羅囉。但是光有這種熱心還不夠啊，彼得心底還是覺得，上帝愛某些人一定勝過愛其他人。就在這個時候，異象出現了。

異象裡面有一塊大布降下來，裝滿了各種動物，這些可都是敬虔的猶太人連碰都不敢碰的食物耶。但這時候竟然有聲音叫彼得起來宰了吃，還告訴他，上帝所潔淨的，不可以再當作不潔淨。

這個異象的神學意義超深的，更別說彼得接下來還遇見了羅馬百夫長哥尼流，整個過程真的超值得我們花時間去好好研究。經歷了這一切之後，彼得學到了一個超重要的功課，他開口宣告說：「我現在真看出上帝是不偏待人的」，這句話就記在《使徒行傳》10:34。

你想像一下，當你發現上帝竟然愛著那些你從小被教導要去排斥、甚至討厭的人，你會有多震驚啊？在經歷那個異象之後，彼得的視野變得比以前任何時候都還要寬廣。

恩典的大門已經打開啦！原來上帝的救恩是不分國界跟種族的，他完全不偏心地接納，並且愛著各國各族中所有信靠他的人。

反思問題

1. 試著比較《使徒行傳》10章裡彼得去哥尼流家的任務，還有《約拿書》1到4章裡約拿去尼尼微的任務。你有注意到什麼共同的主題嗎？在今天的經文裡，彼得又是怎麼表現得像一個「反向的約拿」呢？

2. 在今天的閱讀內容裡，你從哪裡看見早期教會透過實際去接待別人的行動，進而推動了耶穌的使命呢？
"
"284","說到以色列人，他們的起源可以一路追溯到亞伯拉罕，以及上帝一開始給他的吩咐，就是要他們成為地上每一個家庭，也就是萬國萬邦的祝福（見《創世記》12 章 2 到 3 節）。所以，成為以色列人的真正意義，就是與上帝一起活出這份美好的心意。

不過，在漫長的歷史中，他們就像我們一樣，漸漸忘記了上帝的吩咐。他們開始以為，上帝揀選他們不是為了去祝福別人，而是讓他們高高在上地去統治別人。這也解釋了為什麼彼得會被那些宗教領袖責罵。不是因為他做了什麼壞事，而是因為他去愛、去接納那些在別人眼裡應該離遠一點的人。

我們之前讀到的《使徒行傳》10 章裡，提到彼得做了一個夢。上帝那不偏待人的愛，用最美好的方式打破了他原有的觀念。彼得現在明白了，走在上帝的道路上，就是要毫無偏私地去愛每一個人，就像耶穌所說的，要愛鄰如己。

就在這個時候，在熱鬧繁華的安提阿城裡，人們正熱切地傳揚耶穌。福音在那裡生根發芽，不管是猶太人還是外族人，大家都開始信靠耶穌，並且跟隨他的腳步來生活了。

但危機也在悄悄逼近。當權的領袖第一次下毒手，殺害了十二使徒之一的雅各。希律亞基帕王為了展現自己的權力，企圖打壓跟隨耶穌的人。如果我們只看著福音廣傳的激動時刻，就會忽略了作者路加想要告訴我們的完整故事。隨著故事發展，耶穌那句要背起十字架跟從他的教導，在我們耳邊也變得越來越響亮了。

沒錯，美好的事情確實正在發生。但美好的定義不是讓自己過得舒服，而是為了愛上帝和愛人甘願付出。門徒為了傳揚福音而受苦甚至流血，見證了他們對上帝真實的愛。雖然他們會經歷苦難，但這一切都是在跟隨耶穌的腳步，因為耶穌早就為了赦免我們的罪，在十字架上流出寶血，成就了那最偉大無私的救恩。

在今天這段經文的最後，希律亞基帕王錯把自己的權力當作是神明般的特權，甚至竊取了那唯獨屬於上帝的榮耀。就在他展現出這樣的驕傲之後，上帝就審判了他，讓他氣絕身亡。與此同時，福音的腳步依然大步向前；耶穌的跟隨者無論走到哪裡，都繼續在那裡傳揚上帝的國度。

反思問題

1. 你能想到還有誰是在逾越節期間被捕的嗎？（如果需要提示，可以翻到《路加福音》22 章。）你覺得彼得在這時候被捕的細節，有什麼特別的意義呢？

2. 請花點時間回顧一下，《使徒行傳》5 章 33 到 39 節裡，迦瑪列對公會提出了什麼建議。在今天的經文中，那些與上帝作對的人（可以參考《使徒行傳》5 章 39 節）最後下場如何？你還能想到《使徒行傳》裡有哪些例子，是有人企圖對抗上帝，最後卻面臨嚴厲審判的嗎？
"
"285","福音的腳步正在向前推進，目標就是直到地極喔！大家回想一下《使徒行傳》1章8節，早期的見證人接下了一個超有挑戰性的任務，就是要把耶穌的福音從耶路撒冷、猶太全地和撒馬利亞，一路傳到全世界啦。

今天的影片會帶我們看到，見證人到底是怎麼把福音傳遍耶路撒冷、猶太和撒馬利亞的。配合今天的經文，我們的焦點會轉向一個全新的階段，也就是最後的邊界，直到地極喔！

保羅和巴拿巴變成了超強搭檔，展開了一場驚險刺激的大冒險。他們一下搭船一下走路，深入當時被羅馬帝國統治的超遠地區。他們告訴遇到的每一個人，有一位更偉大的新君王已經登上寶座囉！而且啊，每到一個城市，他們都有固定的宣教SOP。他們會先去猶太會堂向猶太人傳講信息，接著，當他們遇到不意外的反對時，就會轉向外邦人，跟他們分享福音。

這個故事讓我們看到，福音的力量根本不需要靠武力來推進。它總是可以巧妙地越過各種障礙，真的超猛，而且還能在最讓人意想不到的地方生根發芽呢。

舉例來說，看看保羅和巴拿巴在今天經文裡的第一站塞浦路斯。那邊有一個會行法術的猶太人，成了阻擋他們的黑暗勢力。可是保羅卻帶著愛，藉著聖靈的大能行了一個神蹟，讓這個人暫時看不見。大家還記得嗎？耶穌以前也用過同樣的方式讓保羅暫時失明，這可不是為了要傷害他，而是為了教導他認識真理喔。

這個超神奇的事蹟立刻引起了羅馬省長的好奇。他聽完關於主的教導之後，就真的信了耶！

接著他們來到彼西底的安提阿，我們又看到了超熟悉的場景。猶太人的領袖看到保羅傳福音這麼成功，就開始嫉妒，甚至還開口毀謗、反對他。於是保羅就轉向外邦人傳道，而這些外邦人聽見之後，都超級開心又充滿喜樂地接受了這個信息喔。

這樣的模式一次又一次地不斷重複。每到一個新城市，新的教會就像雨後春筍一樣不斷建立起來。那些想要撲滅這場耶穌運動的人，反而帶來了反效果。真理的道早就已經傳開了，而且沒有任何人可以阻擋喔！

反思問題

1. 請仔細默想《使徒行傳》13章1到3節中，教會差派保羅和巴拿巴的經過。你覺得這個故事是要告訴我們，在教會中禁食和禱告的目的到底是什麼呢？

2. 試著回想看看，在《使徒行傳》裡，還有誰曾經醫治過沒辦法走路的人呢？給大家一點小提示，這件事是發生在他們剛開始傳講耶穌好消息的時候喔。你可以去複習一下《使徒行傳》3章1到10節。你覺得這兩個故事之間，還有哪些相似的地方呢？作者路加把這兩件事連在一起，可能是想告訴我們什麼信息啊？
"
"286","猶太人和外邦人，這兩個在歷史上本來根本就不往來的群體，到底要怎麼合一呢？在今天的進度裡，我們看到耶穌的教會正努力想要解開這個大難題。說真的，這還真是不容易啊！

有些猶太背景的基督徒覺得，外邦人必須要遵守摩西律法裡關於割禮的規定，才算真正屬於上帝。他們雖然也信耶穌，但對他們來說，不願受割禮的人就像是不敬虔的信徒。不過換個角度想，外邦信徒卻覺得這些律法規條根本是不必要的枷鎖。

這時候保羅就像個打破枷鎖的人出面了！他告訴大家，那些不是絕對必要的事，千萬不要變成我們合一的障礙。雖然在某些情況下，遵守猶太傳統或許不錯，但這絕對不是得救的條件啦！得救是唯獨倚靠耶穌基督的恩典。如果你是猶太人，想帶著愛心持守傳統來愛人，那超棒的；如果你是外邦人，決心跟隨耶穌，但對割禮沒什麼興趣，那也很好啊。不管是猶太人還是外邦人，都可以自由地用不同的方式來尊榮上帝。

為了解決這個爭議並恢復教會的和平，保羅和他的同伴決定去請教使徒，讓他們來做決定。大家可能還記得，彼得曾經做過一個很特別的夢，記在《使徒行傳》10章9到16節。那個夢讓他明白上帝不偏待任何人，這也為外邦人開出了一條全新的路。現在彼得提醒大家，聖靈同樣降臨在猶太人和外邦人身上喔！所以，不要求外邦人受割禮，並不是對上帝的旨意妥協，相反地，這正是上帝的旨意。

那麼，對於罪惡的問題又該怎麼辦呢？難道為了保持教會合一，我們就應該對罪惡睜一隻眼閉一隻眼，只要大家和和氣氣的就好了嗎？

保羅肯定會說，絕對不是這樣的啦！我們這群屬耶穌的人，不會把合一建立在外在的宗教傳統上，更不能包容罪惡。我們的合一，是建立在基督的救恩還有聖靈的引導上。既然上帝用恩典讓我們成為一家人，我們就應該倚靠聖靈，一起努力遠離罪惡，活出聖潔的生命。

為了這件事，耶路撒冷大會就召開了，他們為整個信仰群體定下了一些以耶穌為中心的倫理規範。那些跟隨主道的人，必須拒絕拜偶像，不可以有淫亂的行為，也不可以吃血。

有趣的是，後來提摩太竟然跑去受了割禮，這聽起來是不是有點奇怪？但請注意喔，提摩太之所以願意受割禮，並不是因為他覺得自己有義務這麼做，更不是認為這樣做能讓他稱義；而是因為他深愛著猶太群體。他打算繼續進入猶太人的會堂裡去傳揚耶穌。保羅和提摩太這麼做，就是為了盡量消除別人認識福音的障礙啦。

把這些事情處理好之後，保羅和提摩太就出發前往腓立比。在那裡，他們繼續向猶太人和外邦人傳福音。上帝正在招聚一群彼此合一的子民，把我們緊緊連結在一起，為的就是要共同服事耶穌這位榮耀的君王喔！

反思問題

1. 在今天的進度裡，你從哪裡可以看出來，福音以及教會全新的生活方式，完全顛覆了當時猶太人和希臘羅馬人的文化期待呢？

2. 請花點時間想一想保羅在《哥林多前書》9章19到23節所說的話。雖然保羅一直反對強制外邦人受割禮，但他卻堅持要盡量消除傳福音的障礙；這點要怎麼幫助你理解，他當初決定讓提摩太受割禮的用意呢？
"
"287","保羅和他的同伴們出現在人群裡的時候，大家的反應總是很兩極。有些人覺得他們講的道理是超棒的好消息，但也有人跑來罵他們，說他們破壞了羅馬帝國的社會秩序。

「你們簡直把世界搞得天翻地覆啦！」

當時跟隨耶穌的這群人，很不認同希臘羅馬宗教跟政治裡那些主流的想法，像是「世界是由很多神明一起統治的」這種觀念。在今天的讀經進度裡，保羅走進了雅典這座城市，他發現當地有超多宗教活動，根本到處都是偶像。

他對大家說：「各位雅典人啊，我看你們各方面都超級敬畏神明的。我甚至在城裡看到一座祭壇，上面寫著『獻給未識之神』，這代表你們也承認，可能還有一位你們不認識的上帝存在。我想告訴你們，這位上帝是真的存在的！祂是獨一的上帝，是創造萬物的主宰，祂不住在任何人蓋的廟宇裡面，也不會被限制在那些雕像裡喔。」

有些人聽了覺得很有意思，但另外一些人卻以為保羅在嘲笑他們最愛的神明。你看吧？

真的是超兩極的啦。

不過，保羅其實不是在嘲笑他們，他是在愛他們。他知道雅典人會去拜羅馬神明，其實主要是因為心裡害怕。大家會在今天的影片裡看到，在這種到處拜一堆神明的環境下，人們禱告的時候通常都很焦慮，而且他們拜的那些神明，對人根本就冷漠又不在乎。

保羅想告訴他們一條更好的路。他邀請大家來敬拜那位創造了我們、讓我們擁有上帝形像，而且把我們當作家人一樣疼愛的上帝。保羅邀請他們，從那些要求一堆、給得又少、甚至根本不關心他們的神明中，徹徹底底地得到自由。

保羅最後的結論，就跟我們猜的一樣。

他說，世界各地所有的人都必須回轉，就是要悔改啦，不要再去拜羅馬的神明了，而是要轉向這位獨一的上帝。你看吧？

反應又是很兩極。

保羅的確打算把世界翻轉過來，但他靠的不是強大的軍隊或是政治力量喔。羅馬官員平常習慣看到的，都是那些拿著武器的革命份子，而不是像保羅這種傳講著滿滿愛意信息的人。或許，保羅這個人會這麼引人注目，就是因為他總是帶來這種兩極化的影響吧。

他的動力是來自於愛，他靠著聖靈的能力堅持下去，並且把這個超讚的好消息帶給大家：有一位更好、更真實、更慈愛的上帝，值得我們去敬拜。這就是保羅的目標啦！

反思問題

1. 花點時間複習《以賽亞書》44章。對比以賽亞的詩歌，還有保羅在這裡提到關於羅馬神明、獨一的上帝，以及拜偶像雕像的講道，你注意到了哪些相似的地方呢？

2. 在今天《使徒行傳》的故事進度裡，家庭跟家族扮演了什麼樣的角色呢？這些細節怎麼讓我們看到，耶穌的福音是怎麼傳開的呢？
"
"288","在保羅的那個年代啊，基督教看起來根本不像是一個宗教。那時候的基督徒既沒有神像，也沒有廟宇，更沒有任何獻祭的儀式。說真的，當一個人決定要跟隨耶穌、不再去拜其他神明的時候，在旁邊的人看來，他們簡直就是超叛逆，甚至覺得他們超級不虔誠的啦。

對當時的人來說，不拜這些神明，就等於沒了保護日常生活和社會治安的大靠山。這種行為根本就像是在背叛，大家都覺得這會給家庭、城市，甚至整個羅馬帝國帶來神明的懲罰。所以囉，敬拜耶穌不只是一件很怪的事情，在外人眼裡，這根本就是在破壞他們賴以生存的整個世界啊。

所以當福音傳到以弗所的時候，簡直就像是點燃了大家焦慮的火藥庫！城裡的銀匠們超怕自己做神像的生意會做不下去，就利用了以弗所人的恐懼，煽動出一場大暴動。一群人超激動地喊了兩個小時，在那邊讚美他們所謂的創造女神亞底米。好不容易人群總算冷靜下來了，可是暴民的威脅根本還沒完，保羅和他的朋友們還是面臨著超大的痛苦。在今天的影片裡，你會看到保羅是怎麼看待這些苦難的，他把這當作是跟耶穌一起受苦的一種方式喔。

《使徒行傳》的作者路加超厲害的，他巧妙地記錄了保羅的工作，讓我們看到保羅跟耶穌有多像。大家可以注意一下今天的經文，有人把保羅碰過的手巾拿去治病，這就讓人想到《馬可福音》5章21到34節裡面那個去摸耶穌衣服邊邊的女人。而且啊，一個超兇的邪靈認識耶穌，也認識保羅，卻根本不認識那些隨便奉耶穌的名字去趕鬼的人。保羅甚至還像耶穌一樣，讓死人復活了呢！透過這些小細節，路加就是想告訴我們：一個完全把自己獻給耶穌的人，他最後的生命真的會活得越來越像耶穌。

在跟以弗所教會的長老們超捨不得地道別之後，保羅就出發前往耶路撒冷了。保羅對耶穌的那份忠誠，帶著他回到了耶穌遇害的城市，而且在那裡，一樣有人想要保羅的命。當福音的光明正面對決邪惡又充滿殺意的黑暗時，到底會發生什麼事呢？

反思問題

1. 默想《耶利米書》23章1到8節和《約翰福音》10章。這幾段經文是怎麼幫助你更明白，教會的領袖應該要是什麼樣子，才能真正好好地照顧他們的羊群呢？

2. 花點時間複習一下《約珥書》2章28到32節，彼得在五旬節講道的時候，也引用了這段經文，就記在《使徒行傳》2章14到36節裡面喔。在今天的閱讀範圍裡，你在哪裡看到上帝傾倒聖靈，並且展現了神蹟奇事呢？路加引用約珥關於復興還有耶和華日子的預言，這又是怎麼幫助你理解《使徒行傳》整體的寫作架構呢？
"
"289","經過好幾年到處奔走、傳揚福音，甚至面對超大的逼迫，保羅最後決定動身前往耶路撒冷，去面對那些一心想要除掉他的人。其實啊，多年前耶穌也做過一模一樣的事，而保羅心裡非常清楚，當時耶穌的遭遇有多慘烈。

當你讀到《使徒行傳》最後這段記載時，可以留意一個不斷重複出現的模式喔！保羅一次又一次地受審，一次又一次地為自己申辯，即使他是清白的，最後還是被關進了監牢。今天你可以看看影片，先了解一下他這段經歷，看看保羅為了跟隨耶穌，是多麼奮不顧身、在所不惜！

耶路撒冷的教會領袖們非常歡迎保羅來，也很支持他把福音傳給外邦人的使命。不過呢，他們希望保羅能有一些具體行動，來證明他還是很尊重那些遵守摩西律法的猶太基督徒。於是他們想出了一個計畫：當時有幾個人許了願，很可能是《民數記》6章裡提到的拿細耳人的願，為了把自己分別為聖，他們不剪頭髮。現在他們還願剪髮的時間到了，領袖們就請保羅跟這些人一起進行潔淨的禮儀，還幫他們付剪頭髮的費用，好向大家公開表達他對猶太習俗的支持。

保羅答應了這個提議。沒想到，有些愛惹事的人卻在人群裡煽動大家攻擊他！羅馬士兵趕過來維持秩序，但他們卻認定保羅才是製造混亂的麻煩人物，反而放過了那些真正惹事的人。就這樣，士兵們把保羅給逮捕了。

在被士兵帶走之前，保羅抓緊機會分享了自己信主的經歷，特別強調上帝是多麼愛外邦人，而且交給他向外邦人傳福音的特別使命。沒想到，這番話立刻點燃了群眾的怒火，大家竟然開始大喊，要求處死保羅！

那些總是想維持表面和平的羅馬官兵，決定先把保羅毒打一頓再說。就在鞭子快要打下去的那一刻，保羅提到了一個超重要的事實：他擁有羅馬公民的身分！按照規定，這個身分讓他有權利在被鞭打之前，先接受一次正式的審判。

羅馬長官一聽，意識到自己差點就犯下大錯，嚇得冒出一身冷汗，於是趕緊停手，暫時把保羅給放了。

反思問題

1. 當你讀今天的經文和《使徒行傳》接下來的章節時，請仔細留意保羅跟羅馬法律制度互動的方式。在古代，這套法律制度可是讓羅馬人感到非常驕傲的呢！那麼，到底是保羅，還是政府當局，更認真在遵守羅馬法律呢？路加把保羅的故事記錄下來，有沒有可能是在暗諷羅馬人所謂的正義呢？

2. 你能想到聖經裡還有沒有其他先知，也像這樣用實際行動把預言表演出來嗎？如果需要一點提示，你可以去讀讀《以賽亞書》20章、《耶利米書》19章，或者是《以西結書》4章。了解這個背景之後，對於你明白《使徒行傳》21章10-11節裡，先知亞迦布的舉動有什麼幫助呢？"
"290","「希望這次考試能及格！」「希望我支持的球隊會贏！」「希望明天體育課不要下雨！」生活中我們超常把「希望」掛在嘴邊的對吧？那你們知道，聖經裡說的「盼望」，到底是什麼意思嗎？

今天的影片區分了「樂觀」和「真正的盼望」。樂觀就是期待事情有好結果，不管會不會發生，反正盡量往好處想、保持正向就對了。但在聖經中，盼望可是百分之百絕對會發生的事喔！因為那是上帝親口給我們的保證。

換句話說，盼望需要耐心，需要我們帶著期待，去等候上帝展現祂的信實。就像《詩篇》130篇裡描寫的那個守夜人，他在黑夜中等候早晨，因為他心裡非常清楚，黎明一定會戰勝黑暗。

保羅在基督裡，就擁有這種真實的盼望。他知道這跟很多猶太宗教領袖的想法完全不一樣。所以他超機智地抓住了一個機會，讓法利賽人和撒都該人互相爭論。本來這兩派人都對保羅充滿敵意，但保羅這時開口說，他所盼望的，是死人復活。

盼望上帝帶來死人復活嗎？法利賽人竟然同意保羅的看法，甚至在《使徒行傳》23章9節說：「我們看不出這人有什麼惡處。」但撒都該人卻覺得保羅錯得離譜，現場立刻陷入一片混亂。

為了保護保羅，羅馬士兵只好強行把他帶走。不久後，他被帶到更高的掌權者，也就是羅馬巡撫腓力斯面前受審。

保羅再次表達，他深信上帝的信實，也盼望上帝應許的死人復活。腓力斯其實滿喜歡聽這個好消息的，不過，他也很喜歡收賄賂啦。於是他把保羅軟禁了兩年，在這段期間，腓力斯常常找保羅談話。

值得我們注意的是，當保羅跟他談到公義、節制或是將來的審判時，腓力斯就變得越來越坐立難安了。對腓力斯來說，盼望只是一個聽起來很高尚的觀念，他根本沒打算真的去信靠耶穌，也不願意讓自己的生命被改變。

儘管如此，保羅依然耐心地等候，他不是被動地放棄，而是充滿期待地盼望著。因為保羅內心深處非常清楚，耶穌的復活早就證明了，黎明終究會戰勝黑暗！

反思問題

1. 你能想到還有誰，曾經把腐敗的宗教領袖比喻成粉飾的墳墓，外面看起來很乾淨，裡面卻充滿了腐敗嗎？如果你需要一點提示，可以翻到《馬太福音》23章27-28節。這個背景故事，怎麼幫助你更明白保羅對他們的批評呢？

2. 請默想《詩篇》130篇。詩人很確定，如果上帝真的要追究我們的罪，沒有人能站立得住，這真是一個讓人害怕的想法。不過，上帝的哪些特質，為詩人帶來了安慰呢？詩人期待並且盼望，能從上帝那裡得到什麼呢？
"
"291","在今天的經文裡，保羅的經歷讓人聯想到約瑟和耶穌。保羅雖然是無辜的，卻被關進監牢這座深坑裡，因為他的猶太同胞對他充滿仇恨。就像當年約瑟的哥哥們一樣，他們拒絕了他，把他扔進了坑中。

約瑟從監牢中被提拔、掌握權力，這讓他有機會見到法老，並且在法老面前高舉耶和華。現在，保羅從監牢裡被帶出來，站在腓力斯總督和亞基帕王面前，他同樣高舉了耶穌。我們看到，這樣的歷史軌跡不僅再次上演，甚至影響得更深遠。

雖然腓力斯和亞基帕覺得，保羅傳講的信息簡直是瘋言瘋語，難以置信，但他們也承認保羅是無辜的。回想耶穌的故事，當時的羅馬總督彼拉多，以及亞基帕王的叔公希律王，同樣找不到可以定耶穌罪的證據。作者路加想要告訴我們，保羅就像耶穌一樣，明明是個真正無辜的人，卻默默忍受了不公平的監禁和惡意的指控。

像這樣不斷重複的經歷，引導我們去思考更深層的屬靈意義。在這個事件中，我們看到邪惡的勢力似乎總是不斷透過虛假的審判和暗殺的陰謀來發動攻擊；但我們也看見，上帝最終一定會為無辜的人伸冤。

約瑟、耶穌和保羅這三個人的故事，都見證了一件事：邪惡的勢力企圖毀滅和吞噬一切；但上帝的旨意，卻像是一位高超的柔道大師，能夠借力打力，將邪惡的力量反彈回邪惡自己身上。黑暗的力量，無論看起來多麼強大、多麼有權勢，或者多麼理所當然，都永遠不可能真正獲勝。

從這裡開始，福音的信息傳入了羅馬帝國那顆堅硬的心臟地帶，耶穌國度的好消息，正一步步朝著羅馬皇帝的家門口邁進。

今天的反思問題：

1. 請花一點時間，讀一遍《哥林多前書》15 章裡，保羅對於耶穌復活的討論。關於保羅受審的原因，以及他擁有那不可動搖之盼望的理由，你從這段經文中學到了什麼呢？

2. 請比較《使徒行傳》26 章 23 節保羅所說的話，以及《路加福音》2 章 28 到 32 節西面所說的話。你注意到了什麼特別的地方嗎？在《路加福音》與《使徒行傳》的故事中，你又是如何看見這些宣告被真實呈現出來的呢？
"
"292","今天我們終於讀到路加在《使徒行傳》裡記載的最後一段故事了！不過呢，就像我們一開始說過的，《使徒行傳》主要是在講耶穌的教會剛建立頭幾年的事情。其實啊，這個超級精彩的故事，在《使徒行傳》28章之後，還是繼續在發展喔。

在保羅抵達羅馬之前，這一路上真的是有夠混亂的，不過傳揚耶穌福音的機會，反而到處開花結果呢。首先，保羅因為狂風巨浪遇上了船難，可是風暴根本沒辦法阻止他，就像當年風暴也阻止不了耶穌一樣。保羅對上帝的忠心，反而讓負責押送他的羅馬百夫長對他超尊敬的。

接著，在馬耳他島上的時候，保羅竟然被毒蛇咬到了，但他卻奇蹟般地平安無事，完全沒事耶！當地的人對這股神奇的力量超級驚訝，很快就把其他生病的人都帶到保羅面前，希望可以得到醫治。

你看，像是洶湧的海水還有超毒的蛇，聖經的作者其實常常用這類的東西來當作象徵，暗示有一股強大的邪惡勢力正在四處徘徊，想要找機會攻擊。而保羅帶給這個世界的，正好就是那股邪惡勢力拼命想要摧毀的福音。

但是保羅完全沒有放棄，他還是堅持到底，用教導和實際的行動來宣告上帝的國。就像你在今天影片裡會看到的，當大家分享福音，並且活出耶穌君王國度子民該有的樣子時，邪惡勢力就會一直來攻擊他們，甚至想要他們的命。不過，福音最後一定會贏的，甚至連死亡都能戰勝喔。

終於到了羅馬之後，保羅在軟禁中等了兩年的審判，這段時間他也從來沒有停止傳講耶穌的事情。就像《使徒行傳》28:31說的，他「放膽傳講上帝國的道，將主耶穌基督的事教導人，並沒有人禁止」。然後，這卷書竟然就這樣結束了！沒有寫審判過程，沒有判決結果，也沒有什麼最後的大結局。難道是路加寫到一半分心，忘記把故事寫完嗎？

這應該不太可能啦。相反地，路加看起來比較像是故意留給大家一個懸念。回想一下《使徒行傳》1:8那裡的路線圖，路加已經給我們看過，耶穌的福音是先傳到耶路撒冷，接著傳到猶太和撒馬利亞全地。然後，跟著保羅的宣教旅程，一步一步傳到地極。

不過，「地極」可不只是指第一世紀的地中海世界而已，這代表大使命根本還沒完成啊！路加好像是在告訴我們，就像保羅、他的同工，還有許多早期教會的見證人一樣，我們也必須撐過風暴、戰勝毒蛇。我們要學習他們勇敢的行為，跟耶穌一起同工，為祂的福音作見證，直到世界上的每一個角落。

反思問題

1. 大家可以比較一下，馬耳他的外邦人和羅馬的猶太人對保羅的態度有什麼不一樣。這兩個群體是怎麼對待這位客人的呢？這種超強烈的對比，又是怎麼反映出保羅在整卷《使徒行傳》中服事發展的大致模式呢？

2. 請花點時間回顧一下《路加福音》10:19裡，耶穌對門徒們的應許。在今天的經文閱讀中，你從哪裡看到這個應許真的實現了呢？
"
"293","《新約聖經》一開始是用故事來開場的喔。它的前半部幾乎全都是在講故事，像是《馬可福音》裡充滿反差的戲劇性故事，還有約翰為耶穌寫下充滿詩意的見證，以及保羅在《使徒行傳》裡那史詩級的傳道旅程。而我們今天要讀的內容，會帶大家認識一種新的文體，那就是「新約書信」。

這些書信的作者，像是保羅、雅各、彼得和約翰，他們在第一世紀的時候，寫信給羅馬帝國裡真實存在的人和教會。他們寫信通常是為了回應當時發生的具體狀況。所以說，我們現在其實就像是在讀別人兩千年前的信件一樣喔。

這些古老的信件，後來也成為了一個完整故事的一部分，而這個故事的焦點全都指向了耶穌。所以，如果我們能先看懂整本聖經更宏大的故事背景，就會很有幫助，讓我們更清楚這些信件在當時代表了什麼意思，以及它們對今天的我們又有什麼意義。

舉個例子來說，保羅寫給羅馬教會的《羅馬書》，一直被公認是《新約聖經》裡最艱深、最厲害的神學大作，但它可不只是這樣而已喔。它也是上帝的國度如何在羅馬，甚至更遠的地方扎根的故事。雖然這封信向全世界每個地方的人傳達了真理，但一開始，保羅其實是寫給在羅馬帝國裡，正面臨一些特殊挑戰的特定基督徒。如果我們能懂這封信對當時那群人的意義，就會更容易明白它對我們的意義了。

我們今天的影片，會把焦點放大在羅馬教會的故事上。在保羅那個時代，跟隨耶穌的猶太人和外邦人之間產生了嚴重的不和。保羅為了修補這些裂痕，就重新講述了一遍《創世記》的故事。他提到當人類拒絕了上帝美好的計畫時，就陷入了向下沉淪的惡性循環，這立刻造成了人與人之間關係的破裂，最後更帶來了死亡。

自從《創世記》第3章以來，全人類不管是猶太人還是外邦人，都無可救藥地掉進了恐懼、羞恥和自私慾望的陷阱裡。不過，就像我們從先知書和聖經整體的故事裡讀到的那樣，人類的軟弱並不是故事的起點，更不會是故事的結局。

反思問題

1. 我們今天讀到的《詩篇》，歡慶了上帝子民之間的合一。詩人因為大家合一而感到非常快樂，這件事對你來說帶來了什麼啟發，讓你更能體會保羅多麼渴望羅馬教會的基督徒也能夠彼此合一呢？

2. 在今天的經文裡，你有沒有注意到哪些連回《舊約聖經》的「超連結」呢？如果你需要一點提示，可以試著翻開《詩篇》第115篇、《箴言》第24章12節，或者是《以西結書》第36章20-22節。你覺得，為什麼把新約的書信當作是指向耶穌這個完整故事的一部分來閱讀，會這麼重要呢？
"
"294","保羅寫信給羅馬的教會時，帶來了好消息，但也帶來了壞消息喔。

先來說說壞消息吧！我們人類啊，常常寧願相信自己的看法，卻不願意相信上帝的智慧。這種錯誤的信任，最後只會把我們帶向死亡。其實，上帝的智慧可以引導我們得到真正的生命，還能讓我們學會彼此相愛。可是，人們偏偏就是喜歡去傷害別人，在暗地裡算計，或是用暴力來搶奪權力。這一切，也就是聖經裡面所說的罪。

所以每一個人，就連猶太人也一樣，就像《羅馬書》3:9說的，全都在罪惡的控制之下。上帝確實把美好的律法賜給了以色列人，但是他們根本就沒有辦法完全遵守啊！因此，律法的作用反而更像是一面照妖鏡，照出我們人類有多麼敗壞跟無能為力，而不是用來拯救我們的。

不過，現在有超棒的好消息啦！耶穌基督已經成就了這一切！透過耶穌，不管是猶太人還是外邦人，都可以藉著信心被上帝稱為義人。這是因為耶穌已經替我們承擔了罪的懲罰，又把祂完美的公義送給了我們。我們不只因為這樣跟上帝和好了，還能達成上帝最一開始的心意，也就是像《創世記》12:2-3說的那樣，去祝福地上的每一個家庭和國家喔。

當時第一世紀的猶太讀者聽到保羅這樣說，心裡一定會覺得超奇怪的。上帝難道不是特別揀選亞伯拉罕的家族來跟祂同工嗎？畢竟，上帝曾經親自向亞伯拉罕，就像《創世記》12:1-5還有15:1-6記載的那樣，而且也向《出埃及記》19:3-6裡面特別提到的以色列人，立下了聖約的應許。難道我們能被上帝看成無罪的義人，不就是因為我們很努力遵守律法嗎？

為了解答這個大問號，保羅從大家都很熟悉的亞伯拉罕的故事開始說起。保羅說，上帝確實稱亞伯拉罕為義人，但這並不是因為他遵守了律法喔。亞伯拉罕會被宣告為義，是因為他憑著信心完全信靠上帝。保羅想表達的重點就是，我們能在上帝的法庭上被判為無罪，從頭到尾都只能倚靠信心，而不是靠我們的好行為。

當時的羅馬教會，正為了怎樣才是跟隨耶穌最好的方式吵個不停。他們為了那些不是猶太人的基督徒，到底要不要遵守安息日、吃潔淨的食物，或者受割禮這類的律法規定，鬧得超不開心。保羅就對他們說，你們為這些事情吵架，其實暴露出了一個真正的問題，就是你們想要靠著遵守律法來討上帝開心，而不是單單信靠耶穌基督為我們成就的救恩。

如果我們人類只能藉著信心才能被上帝稱為義人、與祂和好，那就代表那些真心信靠耶穌的外邦基督徒，這樣就已經完全足夠了。他們根本不需要再去遵守猶太人的律法，就已經領受了耶穌賜下的永生，並且在基督裡面得到了完全的救贖。

所以呀，當我們選擇單單仰望並且信靠基督，而不是把遵守律法當作得救的條件時，我們不只在上帝面前有了真實的平安，也能在教會中彼此切實相愛，活出真正充滿感恩和順服的生命喔。

反思問題

1. 大家可以花點時間回顧一下亞伯拉罕的故事，特別是《創世記》12:1-5、15:1-6，還有21:1-7。在被上帝稱為義這方面，亞伯拉罕的故事是怎麼幫助你明白信心的重要性呢？當亞伯拉罕沒有信靠上帝的智慧，反而照著自己覺得對的方式去做的時候，發生了什麼事？他的故事又是怎麼表現出上帝那充滿憐憫、堅持到底的愛呢？

2. 請默想保羅在《羅馬書》3:10-18裡面引用的幾段舊約經文。保羅是怎麼描述人類真實的光景的？從這些經文裡面，你對罪在我們生命裡的運作方式，又學到了些什麼呢？"
"295","保羅在《羅馬書》1到4章裡，花了很多心思向我們解說深奧的神學。他主要想告訴我們，全人類都深深陷在罪惡之中，需要被拯救。不過啊，跟一般人的想法不同，要得到這份自由，並不是靠著死守摩西律法上的每一個字喔。真正的自由是來自上帝的拯救。上帝親自進入了他所創造的世界，也就是在耶穌裡，他像一個真正的人一樣生活、受苦、死亡，最後復活，藉此拯救了我們。

因為耶穌成全了律法的每一條命令，所以跟隨耶穌的腳步，就是那條通往自由的道路喔。就像《約翰福音》14章6節說的，他就是道路、真理和生命。

但請記得，保羅說的「自由」不是那種毫無約束、想做什麼就做什麼的自由喔。相反地，它是一種掙脫綑綁的自由。過去，有許多事物攔阻我們去盡心、盡性、盡力、盡意地愛上帝和愛身邊的人，而現在我們已經從這些事當中完全得釋放了。

對於一世紀在羅馬最先讀到這封信的人，以及全人類來說，這真是一個大好消息。而且，接下來還有更棒的呢！

今天的經文讓我們看到，保羅把上帝新約的家庭，跟聖經裡更宏大的故事連結在一起，而這一切是從一個人，也就是亞當開始說起的。在《創世記》3章，這第一個人犯的錯誤，就像在世界上颳起了一場災難的風暴，把每個人都困在了一個注定毀滅的循環裡。

就像當初上帝說那棵樹上的果子是不好的，但亞當和夏娃卻覺得吃了很好。我們人類也常常做出同樣的選擇，喜歡照著自己的標準來定義好壞，卻不肯信靠上帝的智慧。結果也完全一樣，為我們帶來了混亂和死亡。

但耶穌打破了這個可怕的循環喔！正如一個人，也就是亞當，毀了一切；這位新人，也就是耶穌，正在恢復萬物，也挽救所有人。耶穌的順服，為這個世界帶來了一場恩典的風暴。

現在，這個世界正透過基督與上帝和好。跟隨耶穌的人進入了他的生活方式，並且透過洗禮，跟隨他一起經歷死亡。在洗禮的水中，那個被罪惡奴役、不斷自我毀滅的舊生命就被淹死了。接著，我們跟耶穌一同復活，成為一種全新的人類，得著真正的自由，能夠全心全意地去愛上帝和愛身邊的人。

邀請你看看今天的影片，多了解福音如何在《羅馬書》的第二個部分，創造出這種全新的、滿有耶穌樣式的新人類。

反思問題

1. 往後翻到《歌羅西書》3章1到17節。根據這段經文，由基督復活所創造出來的新人類是什麼樣子呢？

2. 你能想到聖經中，還有哪些人類穿過死亡的水域、在另一頭得到新生命的故事嗎？（如果你需要一點提示，可以翻到《創世記》7到8章、《出埃及記》14章、《約書亞記》3章，或是《以賽亞書》11章。）這些故事可以怎麼幫助你理解保羅在《羅馬書》6章1到10節對於洗禮的討論呢？
"
"296","保羅在寫給羅馬教會的信中，花了前面六章的篇幅，反覆強調一個關於律法的關鍵重點：單靠遵守律法，永遠無法讓人在上帝面前稱義。律法就像是一位啟蒙老師（見《加拉太書》3 章 24 節），引導我們認識那位賜生命的主，但律法本身並不能給我們生命。事實上，經過了這麼長的時間，上帝的律法最大的功用，反而是清楚顯露出我們人類的軟弱和罪惡。

那麼，當初上帝為什麼要把這些命令賜給以色列人呢？如果知道上帝的律法只會讓人感到自己罪孽更加深重，那律法不就變成一件壞事了嗎？

保羅解釋說，當然不是這樣。律法本身是好的，但光靠它是不夠的。它就像是一個宏大故事的開端而已。律法沒辦法改變人的心，沒辦法讓人從死亡中得著自由，更沒辦法產生生命。

在今天的經文裡，你會看到保羅轉移了焦點，從律法做不到的事，轉向聖靈裡的生命能成就的事。只有聖靈，能讓我們在基督裡，恢復與上帝之間那份真實的生命關係。保羅把這種靠著聖靈大能活出來的新生命，和上帝所賜的公義連在一起。聖經所說的公義，不是指我們能靠自己完美地遵守律法，而是上帝因著耶穌的緣故，宣告我們為無罪，並將耶穌完美的公義賜給我們，使我們與上帝重新和好。關於這一點，你可以在影片中了解更多。

同時，聖靈也會塑造我們，讓我們成為像耶穌一樣去生活、去愛的人。無論我們處在安逸滿足的時候，還是經歷受苦的時期，這種生命的塑造都在進行著。有時候，苦難可能來自外在的迫害；有時候，是為了好好愛別人，我們必須付上自我克制與犧牲的代價。當基督徒為耶穌的緣故受苦時，我們就是在參與耶穌那賜下生命的故事。我們深深相信上帝的應許：他會保守我們的生命穿越死亡，最終迎來復活。

還有更棒的好消息！當聖靈使我們的身體從死裡復活的時候，所有的受造物，包括雨林、河流、小狗和蒲公英，也都將跟我們一起煥然一新。上帝會親自釋放地球，讓它脫離那不斷朽壞和混亂的無情枷鎖。他會完全恢復並醫治他所創造的一切。

當當年羅馬的基督徒滿心期盼這個榮耀的未來時，他們可以在苦難中得著深深的安慰；因為他們知道，因著基督的緣故，最終沒有任何事物，能使他們與上帝的愛隔絕。

反思問題

1. 請回顧《申命記》30 章 1 到 10 節，以及《以西結書》36 章 26 到 27 節。根據今天的經文，耶穌和聖靈是如何實現上帝的應許，賜給人類一顆新心，讓我們能夠順服上帝那賜生命的智慧呢？

2. 請默想《以賽亞書》65 章 17 到 25 節。以賽亞的預言如何幫助你理解上帝這份恢復整個宇宙的宏大計畫？在描述受造之物脫離敗壞的轄制，得享上帝兒女自由的榮耀（請參考《羅馬書》8 章 21 節）時，以賽亞使用了哪些生動的畫面呢？
"
"297","今天的讀經進度，以一個令人震驚的告白作為開場。保羅看見許多以色列同胞拒絕相信耶穌，他心裡充滿了極大的痛苦。他甚至說，為了能讓他的骨肉之親得救，他寧願自己被咒詛、與基督分離（見《羅馬書》9 章 3 節）。雖然這時候的以色列人已經拒絕了耶穌，但既然保羅如此深愛耶穌，為什麼他還會對拒絕耶穌的同胞有著如此迫切的得救負擔呢？

保羅解釋說，因為以色列人最先擁有了作為上帝兒女的名分。他們最先領受了上帝的各種盟約、律法、聖殿的敬拜、應許，以及祖先的傳承。上帝甚至曾稱以色列為他的「寶貴產業」（見《出埃及記》19 章 5 節）。保羅深愛他的同胞，他多麼盼望這些原本擁有極大屬靈福份的人，能夠真正認識並信靠那位成就一切應許的耶穌。

可是現在，許多以色列人卻拒絕了基督，正面臨著永遠滅亡的危險。因此，保羅特別澄清了一點：成為真正的「以色列人」，和僅僅作為亞伯拉罕血緣上的後代，是完全不同的兩回事。上帝的救恩，總是臨到那些蒙他恩典揀選，並藉著聖靈賜下信心來信靠基督的人。

值得注意的是，耶穌也教導過類似的道理。耶穌曾經問：「誰是我的母親和弟兄？」接著他回答：「凡遵行上帝旨意的人，就是我的弟兄姊妹和母親了」（見《馬可福音》3 章 34 到 35 節）。真正蒙恩得救的人，生命一定會結出順服上帝的果子。

讀到這裡，你可能會想：難道許多以色列人拒絕了基督，就代表上帝違約，打破了他最初的應許嗎？

保羅的回答是：「絕對沒有！」（見《羅馬書》9 章 14 節）。因為耶穌在世上完全順服了律法，又在十字架上為罪人代死，成就了完美的公義。現在，任何人要在上帝的法庭上被宣告為無罪，唯獨藉著信靠基督，這完全是出於上帝白白的恩典（見《羅馬書》10 章 5 到 13 節）。

事實上，還是有許多蒙揀選的以色列人相信了耶穌。在《羅馬書》第 11 章裡，保羅把上帝的子民比喻成一棵橄欖樹。這棵樹首先在以色列群體中生長，但因為許多人不信，上帝就把這些枝子折下來，並將原本不屬於以色列的外邦人接枝進去。如果那些非猶太人都能因著信被上帝接枝進去，那麼現在因為不信而被剪除的以色列人，若重新有了信心，同樣也會被重新接上（見《羅馬書》11 章 22 到 24 節）。上帝的應許依然有效，而且永遠值得信賴。

最終，無論是猶太人還是非猶太人，都能領受上帝所賜永生的禮物。當我們因信稱義，領受了耶穌完美的公義，這種真實的信心，也會激勵我們在生活中感恩地遵行他的旨意。保羅深信，總有一天，上帝所揀選的以色列人將會被重新接上，他們會承認耶穌是救主，並經歷徹底的更新。到那時候，所有信靠耶穌的人，將會一起在上帝的愛中直到永遠。

反思問題

1. 在聖經故事的其他地方，你還看過哪些非以色列人被接枝到上帝子民中的例子呢？如果需要提示，你可以翻閱《約書亞記》第 2 章或是《路得記》。這些故事如何向我們揭示，上帝長久以來的計畫，就是要藉著恩典拯救各族群的人，讓他們因信稱義呢？

2. 請回顧《以賽亞書》29 章 16 節、《以賽亞書》45 章 9 到 10 節，以及《耶利米書》18 章 1 到 10 節。以賽亞的詩歌和耶利米到窯匠家那趟帶著先知使命的實地觀察，如何幫助你更深地理解，保羅在今天經文中所使用的陶器比喻，以及上帝在救恩中絕對的主權呢？
"
"298","保羅寫給羅馬教會的這封信，前面1-11章真的充滿了超深奧的神學喔！但我們要記得，這其實是一封寫給教會弟兄姊妹的信，才不是什麼無聊生硬的教科書啦。在信的最後一部分，也就是12-16章，保羅把他嚴謹的神學推論，超有巧思地融入了一世紀羅馬信徒每天都會碰到的生活挑戰中。

你知道嗎？當時在羅馬，有些跟隨耶穌的人因為族群不一樣，竟然鬧分裂了！他們為了一個問題吵個不停，就是「非猶太人的基督徒，到底需不需要遵守猶太人的習俗啊？」保羅寫這封信，就是要來修補羅馬教會的裂痕。他透過描繪一幅耶穌福音全貌的圖畫，清楚地向大家說明他的看法。

在耶穌基督裡，上帝的救恩可是給所有人的喔！不管你是猶太人還是外邦人都一樣。這兩個群體完全是單單倚靠信心，而不是靠著什麼好行為或遵守律法，才能在上帝面前稱義的。「稱義」就像是上帝在法庭上直接宣判，祂把耶穌那完美的公義賜給我們，算我們是無罪的！這點在《羅馬書》1-4章都有寫到喔。所以啦，我們能跟上帝和好，完完全全是出於祂白白的恩典，根本不是靠著遵守割禮、飲食禁忌，或是守安息日這些外在的規矩。

保羅在《羅馬書》5-8章，已經幫我們畫出了「順從聖靈而活」的神學輪廓；他也提到，藉著跟耶穌的連結，這一切真的成就了上帝的應許，這部分紀錄在《羅馬書》9-11章。現在，保羅要具體告訴大家，這份信仰在我們平常上學或是放假的時候，到底代表著什麼意義，還有我們該怎麼在鄰居、甚至是敵人面前，真實活出這樣的生命。

如果吵架的雙方都能活出耶穌那種「新造的人」的樣子，放下過去的驕傲，換上耶穌那種謙卑又彼此相愛的態度，他們絕對能夠化解衝突，再次真實地合一喔！

保羅也呼籲大家，要將自己當作活祭獻給上帝，就像《羅馬書》12章1-2節說的那樣。這代表我們要放棄盲目跟從主流社會的價值觀，願意放下自己的主權，每一天透過具體愛人的行動，讓我們的生命被上帝完完全全地更新和改變。

大家一起善用自己的恩賜來服事教會吧！學著放下身段，好讓我們能像照顧自己的家人一樣，去關心身邊的人。敞開你的家門，熱情接待那些身心俱疲的人，請他們吃頓熱騰騰的飯。我們要按時納稅，也要尊重國家的官員；但同時，請永遠把這件事放在心上：你真正的公民身分，其實是在上帝的國度裡，而不是這個世界上的任何一個國家喔！

保羅寫道，在做這一切的同時，最最重要的一點就是：「愛鄰舍如同自己」。只要你能把這條命令深深記在心裡，並且真的去行動，你就已經成全了全部的律法啦！

接下來是反思問題時間：

1. 花點時間默想一下耶穌在「登山寶訓」中，關於報復和愛仇敵的教導吧！大家可以參考《馬太福音》5章38-48節。想一想，保羅和耶穌在教導我們如何用「天國的愛」來以善勝惡的時候，都共同強調了哪些具體的行動跟態度呢？

2. 請比較一下《羅馬書》13章1-7節跟《耶利米書》29章1-14節。關於上帝的子民要在充滿壓迫的政權統治下，過著好像被擄流放般的生活，保羅和耶利米分別給出了什麼樣的建議呢？
"
"299","現在是時候來聊聊那件大家心知肚明，卻老是避而不談的尷尬事啦。

讀《羅馬書》讀到這裡，我們其實可以感覺到當時教會裡，不同族群之間那種超緊繃的氣氛喔。我們知道，有一種讓人不太舒服的衝突，正悄悄潛伏在大家背後。從保羅前面的信件內容，我們可以看出他超級反對這種分裂。因為人跟人之間的敵意和對立，完全違背了耶穌所傳的福音啦。

就在這封信快要結束的時候，保羅終於正面處理了這些緊張的關係。順帶一提，正是因為他在這裡把話說開了，有些學者甚至建議我們可以把《羅馬書》倒著讀，這樣反而更能搞懂前面幾章到底在說些什麼呢。

今天，我們看到的是一場超古老的文化衝突喔。當時教會裡的人，為著守不守安息日這個規矩吵個不停，甚至開始選邊站。大家可以去看看《羅馬書》14章2-3節，還有5-6節。有人說，不守安息日的人就是壞基督徒，另一派人則覺得根本沒這回事啊。面對這種情況，保羅勸大家要帶著智慧來處理喔。

首先，讓我們用真誠和愛心，來面對彼此的不一樣吧。在這場爭論裡，有些人想錯了，有些人只對了一半，但大家都有那麼一點道理啦。所以保羅鼓勵我們，要像耶穌那樣充滿智慧，而且超有耐心地去對待別人。

在這之前，保羅其實已經很勇敢地確認過一件事，就是單單靠著遵守摩西律法，永遠沒辦法讓一個人在上帝面前稱義，這可是記載在《羅馬書》1-4章喔。但是這並不代表信了耶穌的猶太人，就可以立刻揪家人來吃一頓豐盛的豬肉大餐啦。如果真的這麼做，反而會不必要地冒犯許多人軟弱的良心喔。

保羅的意思是，當大家還在學習跟隨主的時候，讓每個人在上帝面前順著自己的良心去做吧。如果有人覺得遵守猶太人的飲食規矩是件好事，那就給他們自由，讓他們照著良心去做。因為我們最重要的目標，是在耶穌的愛裡保持合一，而不是把某些文化習慣或宗教作法，看得比其他事情更重要啦。

這種充滿愛的彈性，會實質地表現在我們的態度和行動上喔。如果你是那個不覺得需要遵守飲食規矩的人，請不要看不起那些還在遵守的人啦。要溫柔友善一點，當你知道身邊的鄰居忌諱吃豬肉時，就不要在他們面前大口吃肉。保羅說，要作個有智慧的人喔。引導你說話做事的最高準則，應該是耶穌那充滿愛的律法啦。

其實就算是健康的家庭也會拌嘴啊。他們有時候必須勇敢點出那些大家心知肚明卻避而不談的問題。只要帶著耐心和智慧，家人們就能再次團聚在一起，並且深刻明白，我們在基督裡緊緊相連的關係，真的遠遠大過我們之間的差異喔。

反思問題

1. 請默想《羅馬書》15章1-7節。根據保羅的說法，教會是建立在什麼樣的基礎上，來推動這項充滿挑戰的工程，也就是彼此合一、用愛心服事他人呢？

2. 請花點時間想一想保羅在寫給羅馬教會這封信裡的整體論點。保羅對於猶太飲食律法和節期的實用建議，是怎麼融入他更宏大的討論中呢？也就是上帝計畫要創造一個包含許多不同族群、同作立約子民的大家庭啦。
"
"300","保羅這篇長長的、充滿神學真理的書信，最後竟然是用……一長串的人名來結尾？

乍看之下，保羅是在向他所愛、但我們卻不認識的人問候，感覺好像跟我們沒什麼關係。不過，請特別留意這些細節喔！因為它們能幫助我們了解當時的歷史背景。就像你在影片中會學到的，這些背景知識，是我們讀懂新約聖經書信的關鍵。

在羅馬書16章1到2節中，保羅用當時典型的推薦方式，介紹了來自堅革哩的非比。第一世紀的信使，可不只是幫忙送信而已喔。那時候沒有電話，遇到不懂的地方，不能直接打給寫信的人。所以，信使必須負責傳達，甚至教導信裡的信息，並且回答大家對信件內容的疑問。在保羅認識的所有哥林多和堅革哩地區的基督徒當中，他挑選了這位姊妹擔任信使，把羅馬書這封新約聖經中神學最深厚的書信，一路帶到了羅馬。

接著，保羅向羅馬教會裡其他猶太、拉丁和希臘裔的同工問候，這為我們描繪出一個非常多元的群體。他們當中有些人是一家之主，經濟條件不錯；有些人卻生來就是奴隸；有男有女。但他們有一個共同點，就是大家都把自己的生命完全奉獻給了耶穌。

羅馬書的最後一章，也給出了保羅最後的提醒：要留意那些製造分裂的人，因為我們的上帝是賜平安的上帝。最重要的是，他期盼這間充滿各種不同背景的人的教會，能夠在主裡找到真正的合一。

最後，保羅帶著極大的熱忱讚美上帝。這位舊約聖經所記載的上帝，已經把關於彌賽亞耶穌的好消息，同樣啟示給猶太人和外邦人了，為的是要讓全人類都能用順服的信心來回應祂。

反思問題

1. 想像一下保羅寫信給羅馬教會時的歷史背景。當時的社會階級分明，有些人被視為高人一等，有些人卻被當作隨時可以丟棄的物品；而且，羅馬帝國殘酷的統治力量始終籠罩著他們。再加上，那些被迫離開羅馬的猶太基督徒回到家鄉時，發現教會已經不再遵守猶太人的傳統習俗了。想一想，這些複雜的歷史因素，如何幫助你更深地理解保羅在這封信裡的教導呢？

2. 請回想一下使徒行傳18章裡，保羅和百基拉、亞居拉一起同工的故事。你覺得這對夫妻後來回到羅馬，對當地的教會可能有什麼特別的意義呢？
"
"301","哥林多教會的情況，可以說是完全失控了。

保羅在早期的宣教旅程中，建立了哥林多教會。他曾留在那裡教導、服事大家長達一年半的時間，所以他非常了解這群人。當保羅收到他們的來信，請他出面解決一些爭議時，他二話不說就答應了。畢竟，作為一位屬靈的父親，總是會想幫助自己心愛的孩子。

不過，事情並沒有這麼簡單。

保羅聽說，哥林多人的行為，簡直就像父母週末不在家時的青少年一樣。哥林多教會就像在開一場瘋狂的家庭派對，而且是情況很糟的那種。哥林多人以為，基督賜給他們的自由，是一種毫無約束的自由，讓他們可以隨心所欲地做任何想做的事。

他們彼此爭吵、結黨紛爭。他們陷入淫亂的罪中，甚至動不動就把彼此告上法庭當作消遣，還在敬拜聚會中爭搶主導權。這真是一場人際關係的大災難，充滿了混亂與傷害。

因此，帶著幾分無奈與滿滿的愛，保羅寫下了哥林多前書。他耐心地回答他們的提問，也直言不諱地糾正他們的行為。請看看今天的影片，了解保羅是如何處理每一個問題，並向他們展現，福音如何為我們指引出一條更美好的路。

第一個問題是什麼呢？就是不合一。哥林多人就像對立的死忠球迷一樣，開始選邊站。他們各自擁護自己最喜歡的教會領袖，有人支持保羅，有人支持亞波羅，有人支持磯法，也就是彼得，甚至還有人說自己只支持基督。但這可不是什麼友好的良性競爭。原本應該是充滿愛、彼此同工的團隊，卻演變成爭論誰比較優秀的激烈衝突。

作為一位慈愛的父親，保羅幽默地指出這些分裂有多麼荒謬。既然只有基督能真正拯救我們，那麼無論是保羅、亞波羅、磯法，或是其他任何人，大家都是在跟隨耶穌的。儘管每個人的服事方式不同，但全都是為了同一個目標在努力。

福音確實賜給我們自由，但這跟現代社會那種擺脫一切約束的自由概念並不一樣。福音的自由，是為了打破驕傲與地位的鎖鍊，正是這些鎖鍊把我們綑綁在競爭和分裂之中。當這些鎖鍊被斬斷後，人們才能獲得真正的自由，去好好愛人。這種自由，絕對不是讓我們拿來當作藉口，去告狀傷害弟兄姊妹，或者在性關係上隨便對待彼此。相反地，福音使我們得著釋放，讓我們能夠按照上帝的設計，彼此祝福、彼此相愛。

正是這種自由讓你得著釋放，讓你和弟兄姊妹能一起圍繞在耶穌身旁，合而為一。

反思問題

1. 花點時間回顧一下使徒行傳18章1到18節，保羅最初建立哥林多教會的故事。這段背景故事，如何幫助你更了解保羅寫信對象的這群人？

2. 默想一下保羅對智慧的探討。你會怎麼總結他的論點呢？這種屬神的智慧，能讓人明白什麼事，又會讓人採取什麼行動呢？
"
"302","延續昨天說到教會裡小團體分黨結派的問題，今天保羅對哥林多教會的人超直接，他說，你們真的太不成熟啦。

哎呀，這聽起來真的有點刺耳對吧。

不過保羅不是故意要傷害他們啦，他是想激勵大家變得更成熟。你幾乎可以想像保羅就像個大哥哥，揉揉他們的頭髮，摟著他們的肩膀說：「聽著，哥林多的弟兄姊妹，我很愛你們。可是當你們像小粉絲追星一樣，只圍著自己喜歡的老師轉，甚至覺得某些老師比其他人更厲害的時候，你們就是在教會裡製造嫉妒跟吵架喔。」

點出這些不OK的行為之後，保羅教了他們一條更好的路。大家可以把教會的老師想像成在上帝田地裡種田的農夫，或是當成在上帝打好地基上蓋房子的建築工人。農夫很讚，建築工人也很重要啊。這些老師就像他們一樣，純粹是為了服事上帝而做，不是為了刷個人成就感。

畢竟這裡是上帝的田地，是上帝的房屋。這些老師是服事彌賽亞的僕人，他們自己可不是彌賽亞呀。

保羅說，整天圍著這些領袖分小圈圈，只會讓你們永遠長不大。相反地，去學習這些領袖的好榜樣，才能讓你們越來越成熟。所以好好聽他們的教導，不要再吵到底誰教得最好了啦。說實話，社會的大眾文化總是告訴我們，愛跟自己同一邊的人比愛所有人容易多了。你們在那邊選邊站，其實只是為了逃避受苦而已。

你們要聽使徒的教導喔。他們傳講的福音，是耶穌基督為了拯救罪人受苦、死掉又復活的好消息，這跟世界的價值觀完全相反。因為經歷了這份福音的恩典，我們才能夠放下自己，去愛每一個人，而且祝福所有人。你們要像耶穌一樣，勇敢面對在一個冷漠的社會裡去愛所有人時，必須經歷的受苦跟謙卑。

其實哥林多這座城市，一直以來都充滿了對有錢和出名的渴望。哥林多人把社會地位跟面子看得比什麼都重，所以跟他們說「我們要謙卑」，聽在他們耳裡就像在說「我們來當傻瓜吧」。要他們心甘情願去接受受苦、餓肚子還要被罵，也就是接受丟臉，這絕對會讓哥林多人嚇壞的。

所以保羅的重點就是，你們去追星、捧自己喜歡的領袖，是因為覺得沾他們的光能讓自己很有面子。可是這些領袖平常的生活跟教導完全不是這樣喔。他們為了真正去愛別人，寧願受苦，也願意忍受丟臉。這些使徒就像是十字架活生生又會說話的比喻，向世界秀出上帝那看起來顛倒卻超級奇妙的智慧。

保羅鼓勵他們說，放下那些因為不成熟跟害怕受苦而造成的分裂吧。相反地，你們要長大、變得堅強成熟，跟著使徒們的腳步走，因為他們正是一步一腳印地跟著耶穌走啊。

來想一想這些問題吧

1.保羅對哥林多教會做了一個超大膽的宣告，他說你們是上帝的殿，上帝的靈住在你們裡面。回想一下聖經故事裡，聖殿對上帝的子民有什麼樣的作用呢？你覺得保羅把教會形容成上帝神聖同在的居所是什麼意思啊？今天的基督徒可以怎麼像移動的聖殿一樣生活呢？

2.保羅說使徒是上帝奧祕事的管家。請讀一下《歌羅西書》2章2到3節，還有《以弗所書》1章9到10節。這裡說的奧祕是什麼？成為這個奧祕的管家又代表什麼意思呢？
"
"303","在談完基督徒群體中良好與糟糕的相處模式之後，保羅把焦點縮小，開始談論性關係。

他收到了一些令人不安的消息。哥林多教會裡，有一些跟隨耶穌的人竟然在亂搞男女關係，有男人去嫖妓。甚至有個人驕傲地認為，既然在基督裡已經得著了自由，那麼他跟繼母上床也沒什麼大不了。要知道，即使是當時的羅馬人，就算他們覺得找妓女或利用奴隸發洩性慾很正常，也依然認為亂倫是一件令人震驚、絕對無法接受的事情。

最糟糕的是什麼呢？教會裡竟然有些人為了這件事在吹噓，宣稱在基督裡的自由，就像是一張許可證，讓人可以憑著自己的感覺，隨便利用彼此的身體。

但是，保羅對人類身體的看法，遠遠超越了純粹的物質層面，而性也不僅僅是一種身體上的活動。他帶著大家回顧福音的故事，提醒他們，他們的身體就像他們的整個生命一樣，是屬於耶穌的，因為耶穌為了他們犧牲了自己的身體。作為創造主，神也是為了真愛而特別設計了我們的身體，而不是單單為了滿足性的慾望。保羅教導跟隨耶穌的人，要在性方面保持聖潔的生活，以此來回應神的愛與恩典。

在這裡要特別注意，保羅清楚地說明，這些指引是給教會內部的人聽的。他並沒有建議哥林多的信徒去當警察，試圖去管教會外面那些人的行為。

接著，保羅話鋒一轉，竟然開始談起了打官司？臥室裡發生的事，跟法庭有什麼關係呢？

這時候，文學背景，也就是我們今天影片的主題，就能幫助我們體會保羅論述中精妙的地方了。打官司和性關係，表面上看起來好像沒有什麼關聯，但如果仔細跟著保羅的思路走，我們會發現一個共同的主題，那就是正確的關係。他正在談論的，是教會裡的人，應該如何對待彼此，以及如何對待教會外面的人。

無論是在法庭還是臥室，人要嘛是被愛，要嘛就是被利用。人可以被當作謀取個人利益的工具，也可以被視為至高神所創造的奇蹟來對待。保羅希望那些在教會裡面的人，無論是在性關係、社會生活還是法律問題上，都能活出正直與聖潔，好向教會外面的人，展現出基督的愛。

反思問題

1. 保羅用酵母蔓延的比喻，來警告群體內部罪的危險。耶穌也同樣用酵母的影響力來作為教導的比喻，包含了正面（馬太福音13章33到37節）與負面（馬太福音16章5到12節）的情況。把這些教導連在一起看，關於公義與不義的生活有多麼強的傳染力，你發現了什麼？

2. 保羅引用申命記來警告哥林多教會，如果教會內部有人拒絕放棄犯罪的行為，就應該把他們當作是不在耶穌群體裡的人（哥林多前書5章13節，引用了申命記13章5節、17章7節、19章19節、21章21節、22章21節與24節、24章7節）。請花一點時間複習申命記19章15到21節。根據這段經文，是什麼原因讓心懷惡意的見證人，會對群體造成這麼大的危險？這段經文又包含了哪些保護措施，來防止人們濫用「把那惡從你們中間除掉」（申命記19章19節）這個命令？關於內部威脅對神立約的群體會造成什麼危險，你從保羅和摩西的教導中學到了什麼？
"
"304","關於性、婚姻還有飲食的規定，當時哥林多教會的信徒心裡其實有超多疑問，而保羅並沒有假裝沒看見這些問題。今天的經文讓我們看到，當他們努力想搞清楚，在基督裡得著自由的生活到底代表什麼，又「不」代表什麼的時候，他們其實超級困惑的。

首先，雖然原因不太清楚，但教會裡有些人竟然覺得，在婚姻中完全禁慾是個好主意。保羅，你對這件事怎麼看啊？

保羅的回答是，如果夫妻雙方都同意，也許可以暫時這樣做。不過，享受性愛其實是上帝賜給已婚夫妻的一份禮物喔。當時的哥林多人理所當然地認為，妻子的身體屬於丈夫；但保羅卻提出了一個在當時文化裡超級震撼的觀點：丈夫的身體也同樣屬於妻子。婚姻裡的親密關係，應該是互相敬重而且彼此給予的。

那麼單身好嗎？保羅的回答是：單身一樣很好啊！當一個人選擇保持單身，這對大家都是一件好事，因為他可以有更多的時間，全心全意地服事上帝和教會。

整體來說，保羅建議哥林多的信徒，無論是已婚還是單身，都可以繼續服事上帝。那麼對於那些身為奴隸的人呢？不管他們是奴隸還是自由人，也都應該服事上帝嗎？

當然是這樣，不過保羅補充了一個例外。如果你是奴隸，但有機會獲得自由，那就好好把握機會吧！能得著自由絕對是更好的。你的主人也許把你當成他的財產，然而，你真正的身分是在耶穌基督裡。就像《加拉太書》5章1節所說的，基督釋放了你，是為了要讓你真正得著自由。

接下來保羅把話題轉到祭拜過偶像的食物。在哥林多的市場上，大部分賣給人吃的肉，都曾經先祭拜過異教的神明。那麼這些食物是不是就不潔淨、不神聖了呢？

保羅說，某種程度上可以這麼說。他指出，你當然有吃這些肉的自由。但是，如果你在那些認為吃祭肉不對的人面前，毫無顧忌地大口吃，就會讓他們感到困惑；更糟的是，你可能會誤導他們去違背自己的良心。換句話說，不要讓你對某些美食的喜愛，超過了你對其他人的愛。

從今天的閱讀中，你會發現有很多的「如果」和「也許」。生活中的問題，往往需要考慮許多細微的差異和不同的情況。但保羅每一次的回應，其實都歸結到同一個核心原則：去選擇那個最充滿愛、最能展現福音精神的方式來服事他人，就照著那樣去做吧。

反思問題

1. 保羅在《哥林多前書》7章1到5節關於婚姻的教導，跟聖經裡其他關於婚姻和性的經文有什麼關聯呢？（例如，你可以參考《馬太福音》19章1到12節、《以弗所書》5章21到33節，還有《希伯來書》13章4節。）這些教導如何幫助我們明白，性不僅是一份禮物，也可能是一種試探啊？從這些經文當中，你學到了新約聖經是怎麼描繪在性方面保持聖潔與正直的呢？

2. 保羅警告我們必須小心，免得「我們的自由成了軟弱人的絆腳石」。在你的生活環境中，能不能想到有什麼情況，是一個人的屬靈自由，反而造成了別人的屬靈負擔呢？保羅的這些教導，可以怎麼應用在你的生活中啊？
"
"305","昨天，保羅開始和我們討論食物的問題。今天，他把話題轉到金錢，接著又回到祭拜偶像的食物上。為什麼他要把金錢這個話題，夾在關於食物的教導中間呢？

在這之前，保羅在哥林多前書第五到第六章裡，也曾經把臥室和法庭這兩件事連在一起講。這兩個早先提到的主題，其實都和人際關係有關：跟隨耶穌的人，到底是為了一點好處而在法庭上互相利用，還是為了私慾而在臥室裡互相利用呢？又或者，他們是真的彼此相愛呢？

食物和金錢，同樣也關係到人與人之間的互動。所謂的自由，難道代表想吃什麼就吃什麼，想什麼時候吃就什麼時候吃嗎？自由，難道代表錢想怎麼花就怎麼花嗎？

保羅說，這兩點都不是。相反地，如果為了顧及別人的感受，我們願意不吃某些食物，那麼我們才真正擁有去愛的自由。我們要有放下金錢的自由，好讓我們能緊緊抓住充滿愛的人際關係。

當時許多老師會因為教導而收取費用，但保羅並沒有這麼做。這讓一些人以為，保羅的教導可能很廉價、不怎麼重要。保羅說，的確，我跟其他使徒一樣，絕對有自由靠著服事來養活自己。但我真的很自由，我不一定要接受任何報酬。為了愛的緣故，我自願放棄這項權利。

相反地，保羅選擇一邊做帳篷一邊養活自己。但具體來說，他為什麼要這麼做呢？

在保羅那個時代，社會上流行一種贊助人和受助人的制度，這形成了一種不成文的關係網。有錢的贊助人會提供恩惠、保護和地位；而接受幫助的人，就必須回報他們的忠誠和服務。如果保羅接受了金錢上的好處，他就會欠下那些富裕奉獻者的人情債，但他不願意被這種關係綁手綁腳。藉著不拿任何報酬，他能夠一視同仁地服事有錢人和窮人，同時也消除了別人懷疑他是為了錢才傳福音的想法。

那麼，對於食物和金錢，最後的結論究竟是什麼呢？我們到底該抱持什麼樣的正確態度？

保羅說，這要看情況。你們哥林多教會的信徒，的確有自由想吃什麼就吃什麼，想什麼時候吃就什麼時候吃。但是，如果行使這項權利，會讓其他人違背自己的良心，或者讓別人誤以為基督徒在拜其他的神，那麼，我們就該像保羅一樣，主動放下這項權利，去擁抱耶穌那充滿愛的教導。

保羅拒絕把個人的權利擺在第一位；相反地，他選擇接受耶穌的教導，讓每一段人際關係，都由愛來引導。

反思問題

1. 請花一點時間，複習保羅在今天經文裡引用的以色列歷史故事：像是金牛犢事件，記載在出埃及記第三十二章1到6節，還有哥林多前書第十章7節；可拉的叛亂以及以色列人發怨言，記載在民數記第十六章，還有哥林多前書第十章10節；因為抱怨而招來毒蛇的災禍，記載在民數記第二十一章5到9節，還有哥林多前書第十章9節；以及以色列人在摩押地犯下的性犯罪和拜偶像，記載在民數記第二十五章1到9節，還有哥林多前書第十章8節。無論是當時的讀者還是現在的我們，當面臨各自的考驗時，這些故事能為我們帶來什麼樣的智慧呢？

2. 在日常生活中，有什麼具體的例子，會讓你面臨該堅持個人權利，還是為了祝福和照顧別人而選擇放下權利的兩難抉擇呢？請試著舉出幾個例子。"
"306","在許多古代甚至現代的宗教信仰裡，敬拜的人主要看重的是自己跟神明之間的個人關係。他們透過聖殿裡的儀式、獻祭和其他敬拜的行為，來確保自己在神明面前能有個好表現。每個人都各做各的，只為了達成這個目的。

但是保羅告訴我們，當跟隨耶穌的人聚集敬拜時，絕對不是各做各的事。愛上帝就是愛人，所以我們的聚會，不應該是充滿了想要表現自己、甚至凌駕於別人之上的人。「艾克利西亞」是一個希臘文，意思是「聚集」，也就是我們常說的「教會」。教會不是一場競賽，而是一個彼此相愛的團契。

無論是關乎大家穿著的衣服、一起領受的主餐，還是各自擁有的屬靈恩賜，保羅的態度都是一樣的。他強調，大家要彼此尊重。你們哥林多教會的弟兄姊妹，在基督裡就是同一個身體。

當大家開聲禱告和作先知講道的時候，要按著次序輪流來。不要弄一些會破壞彼此和睦的穿著或髮型，更要避免任何會製造混亂的行為。弟兄和姊妹是互相依賴的。你們每一個人，都屬於同一個身體。

在保羅的時代，主餐是一頓豐盛的正餐。然而，當時宴會的習慣是按照社會階級來安排座位的，尊貴的人可以吃到最好的食物，而地位比較低的人只能撿剩菜剩飯。雖然這是主餐，但有錢人自己吃得飽飽的，卻讓窮人挨餓。哥林多教會裡有錢人的這種做法，完全違背了耶穌的心意。保羅鼓勵大家要慷慨，要彼此分享。你們每一個人，都屬於同一個身體。

保羅說，在運用屬靈恩賜的時候，也要有這樣的態度。有些人會說，他們的屬靈恩賜比別人的更重要。但上帝賜下恩賜，並不是為了讓某個人擁有更高的地位。當每個人都願意發揮自己的恩賜來服事時，所有人就都能得到益處。你們每一個人，都屬於同一個身體。

無論他們之間面臨什麼樣的隔閡，福音都能成為跨越這些障礙的橋樑，將弟兄和姊妹、富人和窮人、奴僕和自由人，全部聯合成為一個團契，也就是耶穌那唯一的一個身體。

反思問題

1. 請安靜默想保羅用身體的比喻來形容教會。這個比喻如何鼓勵教會裡的弟兄姊妹合而為一？這又讓我們看出多樣性擁有什麼樣的價值呢？

2. 請仔細閱讀《哥林多前書》11 章 17 到 34 節。哥林多人是用什麼樣的方式在濫用主餐？如果照著耶穌最初吩咐的方式來領受主餐，這將如何化解哥林多教會裡的分裂呢？
"
"307","當上帝最初創造人類的時候，他的目標是什麼呢？要到什麼地步，上帝才會說這個人「完全」了呢？

在讀《哥林多前書》到目前為止，我們看到保羅不斷強調，人與人、群體與群體之間的愛，是我們人生的終極目標。在今天的經文裡，愛被放在所有事情的第一位，甚至比信心和盼望都還要重要。保羅說，如果沒有愛，哪怕你有再厲害的屬靈恩賜，或是做出再偉大的信心之舉，最後都會變得毫無意義（見《哥林多前書》13 章 1 到 13 節）。

要真正去愛別人，必須先從接受耶穌那樣的愛開始。耶穌的愛，就是無論遇到什麼情況，都願意去關心並祝福對方，不管對方是朋友還是敵人。愛是一個堅定的選擇，而不是忽冷忽熱的感覺；愛是總是願意為了別人的好處，而無私地獻上自己。

保羅說，愛是恆久忍耐，又有恩慈。愛是不作害羞的事，不求自己的益處。愛會推動我們去對別人說：「我原諒你」，或是說：「發生在你身上的這些事真的很糟糕，我為你感到難過」。當別人都選擇離開的時候，有愛的人會選擇留下來陪伴。他們會敏銳地體會別人的需要，不會把人當作可以利用的工具，或是想要避開的麻煩，而是把每個人都看作上帝所創造的奇蹟。

今天當你讀到保羅寫的這些話時，可以好好默想愛那種包容一切、主動付出的特質。上帝起初創造我們的時候，就是要我們這樣去生活的。在今天的影片中，你會認識一個希臘文單字 teleios，意思是完成目的或是達到目標，這會幫助你更深入了解這個真理。

同時也請留意，保羅是如何解釋屬靈恩賜的。如果我們在使用恩賜的時候沒有愛，那往往只會增長我們的驕傲，或許還會讓我們覺得自己高人一等。但是，如果我們帶著愛來運用恩賜，就能夠祝福並且造就別人。保羅說，在每週的聚會裡，跟隨耶穌的人總是應該帶著愛，來發揮他們的恩賜。

其實在我們一週七天的日常生活裡，每一天也都該是如此。活出愛，就是活出上帝的性情。這代表我們要去幫助別人走出混亂、迎向秩序，從衝突走向和平。這樣，我們就能在耶穌愛的道路上被漸漸更新，活出上帝造我們的美好心意。

反思問題

1. 在登山寶訓中，耶穌呼召跟隨他的人：「你們要完全，如同你們的天父是完全的一樣」（見《馬太福音》5 章 48 節，這裡的「完全」就是 teleios 這個字）。花點時間默想《馬太福音》第 5 章。根據耶穌的教導，一個成熟、或是完全的人，會如何對待別人呢？這和哥林多教會信徒的行為比起來，有什麼不同呢？

2. 默想保羅對愛的描述（見《哥林多前書》13 章 4 到 8 節前半段）。保羅的描述，和耶穌的行動與教導有什麼一致的地方呢？如果有一群人都按照這樣愛的定義來生活，他們會組成一個什麼樣的群體呢？
"
"308","保羅在這封信裡，一直在處理一些很沉重的問題。到目前為止，他談到了社會上的衝突、性方面的道德、打官司、飲食的規矩，還有金錢、穿著、宗教儀式，以及屬靈的恩賜。今天，保羅轉移了話題，來到他認為基督信仰中最核心的問題，那就是：耶穌的復活。

如果我們死後，就永遠長眠不醒，那麼我們為了生存而拚命，盡可能去追求個人的滿足，這的確說得過去。畢竟人生只有一次，當然要盡可能按照自己的心意，去享受這短暫的人生。可是，如果上帝能保守我們的生命越過墳墓，直到復活，那麼，我們帶著愛去生活，並且按照上帝的方式來領受永生，這才是真正有道理的。

保羅在耶穌裡得到的新生命，完全建立在耶穌的復活上。然而，哥林多教會裡卻有些人大膽地宣稱，人類是不會復活的。他們說這根本不可能發生，完全沒這回事。

保羅說，如果沒有復活這回事，那麼按照這個邏輯，耶穌就還留在墳墓裡；而我們為了跟隨祂所付出的一切努力，也就變得毫無意義了。如果耶穌死後就再也沒有醒來，那麼基督的故事就徹底瓦解了。但是保羅告訴我們，有超過五百人曾經親眼看過復活的耶穌，這記載在哥林多前書十五章六節。

既然耶穌身體的復活是真實的，那麼我們人類也可以期待身體的復活，也就是生命得到完全的恢復，這也包含了我們肉身的復活。這樣的復活意味著，我們可以單單信靠上帝來存活，而不是依賴強大的武力；我們也可以單單信靠上帝來獲得最終的滿足，而不是追求短暫的快樂。

這份復活的盼望，正是為什麼福音能夠改變我們生活的每一個層面。這也是為什麼保羅呼籲哥林多教會要努力追求合一、在性方面持守聖潔，並且試著好好去愛身邊的人。雖然這麼做可能要付上一切代價，甚至賠上性命，但這絕對是值得的，因為我們並不會真正失去生命。唯有上帝會負責保守我們的生命，甚至帶領我們跨越死亡。

保羅在總結他的討論時宣告，因為復活，上帝透過耶穌賜給了基督徒勝利。就像你們會在影片中學到的，詩篇第一百四十八篇就預表了一位君王，祂終有一天會帶來勝利，並且拯救這個世界。

對保羅來說，耶穌就是那位應許的君王；而上帝子民一直渴望的勝利，正是透過復活而實現的。當保羅為寫給哥林多教會的信畫上句號時，我們回顧整卷書信，可以發現他幾乎談到了生活的每一個層面。

如果沒有復活，這一切都毫無意義；但正因為有了復活，這一切才變得如此重要。

反思問題

1. 詩篇第一百四十八篇用「高舉的角」作為象徵，來描述上帝所膏立的彌賽亞君王，將如何為以色列帶來勝利並拯救世界。在今天的閱讀內容中，你從哪裡看出保羅把耶穌的復活，描寫成一場全宇宙的勝利呢？

2. 你會怎麼總結保羅關於復活的教導呢？對基督徒來說，為什麼耶穌的復活是一個好消息？在最後復活的時候，跟隨耶穌的人又會有什麼樣的改變呢？
"
"309","遇到困難時，拍拍屁股走人總是比較容易，但愛，卻選擇留下來陪伴。保羅再次寫信給哥林多教會，而在這封信裡，愛，又一次成為了核心焦點。

保羅上一次拜訪哥林多教會時，發生了令人難過的衝突，大家都有些不歡而散。所以他改變了原本要去探望他們的計畫，免得大家又一次難過（《哥林多後書》2 章 1 到 2 節）。因此，保羅改用寫信的方式，試圖展開這份艱難卻又必須敞開自己內心的和好工作。

首先，他主動試圖讓自己與哥林多的弟兄姊妹和好。他解釋說，他不想再引起更多的傷痛。他知道自己之前寫的信可能讓人覺得很有攻擊性、甚至有些刺耳，但他向大家保證，他是出於深切的關愛才寫下這些話，絕對不是為了論斷或定他們的罪。

所以，這卷《哥林多後書》，目的就是要向大家保證：保羅依然深深愛著他們，並且持續不斷地為著他們的好處而努力。

接著，保羅也試圖在教會內部建立一種全新的和好關係。顯然，哥林多教會裡有人得罪了保羅，但他不願意記恨。他鼓勵大家不要再責備這個做錯事的人，也不要讓他在大家面前難堪，反而應該重新接納他，讓他回到團契當中。保羅說，正是這種饒恕與愛，而不是定罪，才能夠擊退撒但黑暗的計謀。

人與人之間的關係有時會緊繃，甚至會破裂。但只要我們信靠耶穌福音的真理，特別是他死裡復活的大能，我們就能為彼此帶來醫治、修復與和好。這個世界常因為關係的破裂與群體的破碎而陷入黑暗與痛苦中，但這份福音的真理，總能為這樣的世界帶來亮光。

請看看今天的影片，預覽一下《哥林多後書》的內容，並體會保羅對耶穌復活的信心，是如何激勵著他，去和這個讓他頭痛、卻又深愛著的教會重新和好。

反思問題

1. 保羅因為哥林多人有著扭曲的價值觀，而遭遇到他們的拒絕。請花一點時間，想想你自己生活環境裡的價值觀。耶穌的教導，在哪些地方與這些價值觀發生了衝突呢？福音看重的，又是哪些價值觀呢？

2. 請默想保羅祈求安慰的禱告（《哥林多後書》1 章 3 到 7 節）。保羅在受苦的時候，是從哪裡找到安慰的？福音是如何轉化了保羅面對苦難的經歷呢？
"
"310","有些哥林多人要求保羅拿出一份很有分量的推薦信，來證明他自己的身分。但保羅的意思基本上是說：你們大家就是我的推薦信呀！你們想看證明我是真使徒的證據嗎？沒問題，去照照鏡子吧。

在第一世紀的哥林多社會裡，人們非常迷戀所謂的榮耀，而且非常看重社會地位與名聲。像保羅這樣一個貧窮、到處奔波以製造帳棚維生的人，他講道時台下打哈欠的人可能比說阿們的人還多。在當時，大家往往會看不起或忽略他，反而去追捧那些更有錢、更愛炫耀的人。

保羅對此感到相當不可思議，他說，如果他傳講的信息不是出於神，哥林多人就不會經歷到他們生命中真實的改變了。請注意，保羅是在告訴大家，真正應該看重的，不是他手裡拿著多麼光鮮亮麗的推薦信，而是真實的福音在大家生命中結出來的屬靈果子。

接著保羅向他們說明，其實哥林多教會早就擁有了他們那麼渴望追求的榮耀。早期神在西奈山所立的舊約是如此榮耀，甚至讓摩西的臉龐發出光芒。但那種光輝最終還是會漸漸褪去。然而，哥林多人現在所屬的，是耶穌帶來的新約，這份新約讓每個人都能閃耀出基督那永不褪色的榮耀。

但我們要有一顆智慧的心，因為神聖的榮耀，在社會大眾眼中往往看起來像是一種恥辱。保羅解釋，神的榮耀並不是透過人類的權力或物質財富來展現的。神就是愛。當哥林多人能夠像耶穌那樣去愛人的時候，神的榮耀就閃耀得最為明亮。

這樣的榮耀，能在一個像耶穌一樣的人身上看到。這樣的人願意為了在世人面前活出神的形像，心甘情願地接受逼迫、苦難和屈辱，並且繼續好好地愛神與愛人。請看看今天的影片，進一步了解我們身為神形像的承載者，到底有什麼樣的角色與責任。

耶穌國度的價值觀跟這個世界是完全相反的。那些被主流社會標準看作是軟弱或可恥的溫柔與脆弱，在神的國度裡，其實充滿了力量與榮耀。所以保羅提醒哥林多人，要在這世俗看為低賤的底層中，看見那真正的榮耀。

這聽起來可能讓人覺得有點奇怪或不太適應，但不要害怕。你會發現，在基督裡的神也親自在那個看似底層的地方與我們同在，並且閃耀著永不止息的榮耀。

反思問題

1. 如果基督是神的形像，而我們人類也被呼召去活出神的形像，那麼我們可以透過哪些態度、價值觀或實際行動，向周圍的世界反映出神的形像呢？

2. 請花點時間，複習一下出埃及記三十四章29到35節裡摩西臉龐發光的故事。根據保羅的說法，神透過耶穌和聖靈與我們建立的新約關係，為什麼比以前的舊約更美好呢？神與以色列人建立的舊約關係，已經榮耀到能讓摩西的臉龐發光了。這件事讓我們對新約有了什麼樣的認識呢？
"
"311","當一段關係破裂的時候，我們的心會痛，接著心就會漸漸變得剛硬。你會覺得內心好像有什麼東西死去了。但是，當關係重新連結，當雙方都願意開口問：「我們沒事了吧？」並且同意說：「對，我們都和好了。」這，就是和好。

於是，我們的心變得柔軟，某種美好的事物又重新活了過來。

保羅寫到，當我們人類跟上帝重新連結的時候，也是同樣的經歷。因為基督正在使這個世界與他自己和好，不將人的過犯歸到他們身上（見《哥林多後書》5 章 19 節）。所以保羅懇求大家：「你們要與上帝和好」（見《哥林多後書》5 章 20 節）。保羅把與上帝和好描述為「憑著信心行事，而不是憑著眼見」。

對保羅來說，「信心」不是在沒有證據的情況下，閉著眼睛盲目地去相信。相反地，這是一種以基督的真實救恩為基礎，積極信靠他的生活方式。憑信心行事的道路固然美好，但我們不能忽略其中的細節。

保羅為了對所有人保持忠心，活出基督的樣式，他忍受了極大的困苦、毆打、監禁、失眠和嚴重的飢餓（見《哥林多後書》6 章 4 到 7 節）。如果你是一個被環境牽著鼻子走的人，也就是「憑眼見行事」，那麼這些遭遇絕對會讓你感到恐懼，甚至讓你覺得自己走錯了路。

但保羅說，是「基督的愛」激勵了我們（見《哥林多後書》5 章 14 節），而這份愛能驅除所有的恐懼。

如果你在不管是好是壞的環境中，都堅持「憑信心行事」，你就會說真話、信靠基督。而且在這一路上，你會揮舞著一種屬靈的武器，那就是上帝所賜的「公義」。你選擇用耐心、慷慨和真誠的愛來對待人（見《哥林多後書》6 章 6 到 7 節）。

憑信心行事並不是什麼新鮮事，就像你在今天的影片中會看到的。《詩篇》1 篇鼓勵人們走在那條通往公義的道路上。當保羅鼓勵哥林多教會的信徒行出公義時，他其實是在提醒他們：這正是上帝從一開始，就不斷呼喚他的子民去跟隨的那條道路。

當我們倚靠上帝的恩典，與上帝和好、也與他人和好，這就是走在生命的道路上。到了最後，所有信靠耶穌的上帝兒女會重新連結，成為一個充滿愛的大家庭，大家彼此之間的關係完全和諧，並且能對上帝滿懷感恩地說：「上帝啊，因著耶穌，我們跟你的關係已經完全和好了。」

反思問題

1. 請默想保羅描述他事奉的方式（見《哥林多後書》6 章 4 到 10 節）。他的工作，如何反映出舊約聖經中先知們的樣貌，甚至反映出耶穌自己的事奉呢？基於這些相似的地方，你能得出什麼結論？

2. 《詩篇》1 篇描述了兩條道路。一條通往生命，另一條通往死亡。保羅在寫給哥林多教會的信中，是如何使用類似的說法呢？根據《詩篇》1 篇和《哥林多後書》6 章（你也可以參考《哥林多後書》5 章 10 節），對上帝的子民來說，這條生命之路到底是什麼樣子的？
"
"312","在保羅換個話題，開始在信裡聊到「慷慨」之前，他再次提起自從上次和大家見面後，整個教會一起經歷的那種難過。在《哥林多後書》7 章 2 到 16 節這段充滿痛苦又超級真情流露的經文裡，你可以深深感受到保羅的心。這剛好為《箴言》27 章 6 節的智慧做了最棒的示範：「朋友加的傷痕出於忠誠。」

保羅嚴厲的話確實讓哥林多人覺得很痛苦，他也謙卑地承認了這點。但保羅同時也是他們的好朋友，他的話充滿了忠誠，最後也結出了很棒的果子。

保羅的責備並沒有讓哥林多人覺得絕望，也沒有造成無法挽回的裂痕，反而激發他們生出更堅定的信心和愛心。這個曾經讓保羅傷透腦筋的教會，現在卻讓他覺得超級欣慰。他好像在說：「我真的為你們感到驕傲，更讚的是，我凡事都能對你們放心。」（《哥林多後書》7 章 16 節）

接著他把焦點轉向一個有點尷尬的話題。他們在耶路撒冷的朋友們正遭遇很嚴重的饑荒，可是哥林多人之前答應要準備並運送物資去賑災的行動，卻一直沒有做到。保羅本來大可以為了這件事狠狠唸他們一頓，但他沒有這麼做，而是喚起他們一開始那份單純的愛心。

保羅就像是在對他們說：「你們去年真的很棒喔！不管是實際的奉獻，還是那份想要奉獻的真誠心意，都表現得超好。我覺得你們應該繼續堅持這條對的路，把當初開始的好事完成。」（《哥林多後書》8 章 10 到 11 節）

這樣一來，你們就加入了一個超棒的行列。你看，雖然馬其頓的基督徒很窮，卻已經帶著極大的愛心慷慨奉獻了。他們做得到，你們也一定可以！更重要的是，讓我們把目光轉向耶穌，他是有史以來最完美的榜樣。基督本來很富足，卻為了跟隨他的人成了貧窮，好讓你們因為他的貧窮而變得富足。讓我們一起學習他那條充滿愛與慷慨的道路吧。

保羅把「慷慨」看作是上帝國度在我們心中扎根的記號。當一個在基督裡經歷和好的群體同心協力時，愛就會滿溢出來，彼此的重擔也能一起分擔。上帝的恩典會透過大家，用看得見、摸得著的方式流動，成為別人的祝福，也為所有人帶來豐盛的生命。

反思問題

1. 當你讀今天的經文時，可以留意一下保羅對哥林多人說話時，那些超級真情流露的字句。你覺得這是不是暗示了在保羅建立的教會中，弟兄姊妹的關係真的很深厚呢？這又怎麼啟發我們，去期待今天教會生活裡應該要有的關係深度呢？

2. 在描述教會可以怎麼互相滿足彼此的需要時，保羅引用了《出埃及記》16 章 18 節。那段經文是怎麼告訴我們上帝供應他子民的方式呢？這又怎麼幫助你理解，我們身為信徒，在傳遞上帝恩典和供應的時候，可以扮演什麼樣的角色呢？
"
"313","在社會上，是富人還是窮人更受尊敬呢？我們心裡都有答案。沒有資源的人往往會被看不起，變得孤立無援，甚至要面對更大的痛苦和失去。所以我們不難明白，為什麼大家最後總會覺得，要活下去得靠金錢，而不是靠神。

把錢存起來好好保護，讓人覺得很安全；把錢送出去，感覺就有風險，甚至覺得這麼做很不聰明。當時的文化跟我們現在其實差不多，而在這樣的環境下，保羅試圖教導大家，去認識耶穌那條「透過慷慨而得著自由」的道路。

保羅不斷提醒大家，耶路撒冷正遭遇嚴重的饑荒。他鼓勵哥林多教會的弟兄姊妹要慷慨分享，同時也對他們充滿信心，相信他們一定會做出正確的決定，這記載在哥林多後書9章4節。

注意喔，保羅為我們描繪了一個美好的畫面，就像哥林多後書9章8節說的：「神能將各樣的恩惠多多地加給你們，使你們凡事常常充足，能多行各樣善事。」

凡事常常充足。這聽起來，是不是很像伊甸園呢？

保羅心裡很清楚，一世紀的哥林多絕對不是伊甸園。然而，他卻教導這些跟隨耶穌的人，要活得像是身在伊甸園一樣。因為從起初神創造人類時，就是要我們在生命中完全信靠祂。所以保羅說，要帶著喜樂和信心，把那份慷慨的奉獻送到耶路撒冷。

要信靠神，勝過信靠你的銀行帳戶，因為神所創造的世界總是豐盛有餘的，你可以參考哥林多後書9章10到15節。也邀請你觀看今天的影片，跟我們一起深入探討聖經裡關於「慷慨」和「豐盛」的主題。

到了第10章，保羅話鋒一轉，給了哥林多人最後一個個人的挑戰。他勸大家不要再過度在意表面上的事物。有人批評保羅寫信很嚴厲，但講道卻很平庸，保羅對此完全不在意。他不是在表演，也不是在打造個人舞台來吸引粉絲。他真正看重的，是用耶穌的真理和豐盛的生命去愛人。

所以，保羅在整封信裡都在呼籲：不要再用社會主流的標準來衡量成功和榮耀了。放下對名氣和社會地位的迷戀吧！相反地，我們應該全心熱愛耶穌那份慷慨又美好的奇妙作為，這種真誠的愛，會讓人不再誇耀自己，而是像哥林多後書10章17節說的，只指著主誇口。

反思問題

1. 保羅深深相信神那豐盛的恩典，這份恩典能讓死亡變為生命，戳破匱乏的謊言，並且向整個受造界顯明神的豐盛。他挑戰哥林多人去活出被這份真理改變的生命。你可以想到舊約聖經裡的哪些故事，能夠用來鼓勵哥林多人信靠神慷慨的供應呢？

2. 耶穌甘願在十字架上受死，慷慨地賜下生命，這樣的愛會如何改變基督徒對待他人的想法、感受和行為方式呢？十字架的道理，又該如何影響跟隨耶穌的人，去選擇他們最看重的品格特質呢？
"
"314","保羅在今天的經文中為這封信畫上句點。不過，在最後的問候之前，他想先跟那些所謂的「超級使徒」說幾句話。

有些驕傲的傳道人潛入了教會。他們表面上看似給了保羅該有的尊重，卻又宣稱，跟他們更卓越的知識與教導比起來，保羅簡直不夠看。他們彷彿在向眾人宣告，保羅是很棒沒錯啦，但我們帶來的東西厲害多了，你們快來看看我們多麼輝煌的屬靈恩賜，還有那些神祕的屬靈體驗吧！

保羅警告大家，這個「超級」團體或許會讓人眼花撩亂，甚至為之神魂顛倒，但千萬別被他們大搖大擺的模樣給騙了。他們看起來像光明的差役，但那只是一種偽裝。你想想，還有誰會把自己偽裝成光明的差役呢？沒錯，就是撒但。

天啊。

在基督裡，保羅傳講的是真理。但就像伊甸園裡的那條蛇一樣，這些人在欺騙人。

為了進一步揭穿真相，保羅把他們和自己做了一個對比。那些人總是誇耀能讓自己看起來高人一等的事物，而保羅卻誇耀自己的苦難與軟弱。他細數著，自己曾經在哪裡被痛打，在哪裡被趕出城，甚至還在島上遭遇船難。有一次，為了躲避暴徒的追殺，他甚至得被人裝在籃子裡，從城牆上縋下去逃命。

那些超級使徒總是在吹噓世界看重的空洞事物，而且總是向人要更多的錢。保羅則說，如果我真的要誇口什麼，那就是基督的道路，以及為了與主同行所必須經歷的一切苦難。

保羅為了福音甘願受苦，他自食其力，不受社會地位的眼光或恐懼所束縛。這樣的生命，恰恰彰顯出基督與祂國度那種謙卑卻充滿力量的美麗。

在信的最後，保羅表達了他非常渴望能回到哥林多。他期盼能有一場甜蜜的家庭團聚，每個人都能與彼此和好，也能與神和好。

無論是對一世紀的哥林多人，還是對我們來說，要做到和好總是很困難的。但這也——總是——最美麗、最值得我們去追求的目標。

反思問題

1. 保羅寧願誇口自己的軟弱，也不願吹噓那些令人稱羨的成就。你認為他為什麼要這麼做呢？這樣的心態，如何與他所傳講那十字架的悖論相呼應？

2. 在保羅寫給哥林多教會的兩封信中，我們瞥見了一個在忠心與基督同行這條路上掙扎的教會。你在哪裡看到保羅的書信強調了福音在翻轉哥林多人生命上的作用？這對今天的基督徒又有什麼啟發呢？
"
"315","回想當初，保羅和巴拿巴剛開始在地中海一帶旅行，為了讓耶穌的福音生根發芽，他們吃盡了苦頭。有時候，暴徒甚至殘忍地拿石頭砸他們，把他們打得半死不活就丟在一旁，這部分的經過你可以參考使徒行傳13到14章。儘管如此，因著對耶穌和對靈魂的愛，保羅和巴拿巴還是不畏艱難，在羅馬帝國的加拉太省建立了一個個新的教會群體。

可是幾年之後，加拉太的眾教會卻因為意見不合，陷入了衝突之中。有許多人開始相信了另一種福音，原來是有剛到教會的人宣稱，自己傳講的道理比保羅教導的還要好。現在，他們要求信徒不只要信靠耶穌，還必須遵守猶太人的律法和習俗。

因此，保羅寫下這封信，表達了他內心深切的震驚。他因為愛他們而感到憤怒，因為他清楚知道，這種被扭曲的「福音」根本不是好消息，而是一種包裝精美的奴役枷鎖。除了熱切的懇求之外，保羅的字裡行間也充滿了強烈的盼望，期盼他們能重新回到自由之中，因為這正是他們當初蒙拯救、得自由的目的。保羅非常看重這份自由，你可以參考加拉太書5章1節。

保羅在信的開頭提醒他們：請記住，我傳講的福音是直接來自上帝的。不是透過中間人傳遞，不是來自書本，也不是靠別人口耳相傳。既然上帝已經把這份使人得自由的好消息直接賜給你們，你們為什麼還要拿它去交換那種出於不良動機、由人編造出來的舊消息，甚至可以說是壞消息呢？

保羅在這封信裡總結了福音的好消息。他告訴大家，耶穌使我們在上帝面前被稱為義，這份恩典使我們獲得了真正的自由。在耶穌裡面，我們找到了自由，能夠像祂一樣去愛身邊的人。

邀請你觀看今天的影片，一起了解保羅寫給加拉太人信息的重點，並且看見福音是如何使萬物更新的。

反思問題

1. 請閱讀使徒行傳15章關於耶路撒冷會議的記載。你認為，儘管會議已經做出了決定，為什麼彼得和其他人在面對那群充滿敵意的人時，態度卻開始有所搖擺呢？你覺得這為什麼會讓保羅感到相當挫折？

2. 請閱讀使徒行傳第9章，看看耶穌是如何親自委派保羅的。如果加拉太人明白上帝是特別揀選保羅把好消息帶給他們，他們心裡會有什麼感覺呢？這又會如何改變他們對於目前加拉太教會中，那種不同福音信息互相競爭的看法呢？"
"316","在這封寫給加拉太教會的信裡，保羅非常清楚，那些虛假的福音有多麼吸引人，又有多大的殺傷力。對保羅來說，這是攸關生死、絕對不能妥協的真理。因此，他的語氣從原本的好言相勸，轉變成強烈的激將法。在今天的經文中，保羅直接拋出一個非常尖銳的問題，正面面對加拉太人：

你們怎麼這麼容易就被騙了呢？

為了揭穿那些偷偷溜進加拉太教會的假福音，保羅提醒他們回想兩個關鍵的故事：一個是他們自己的親身經歷，另一個是亞伯拉罕的故事。保羅問他們：當初你們領受聖靈，是因為你們相信了上帝，還是因為你們遵守了人所訂下的規矩呢？

再想想亞伯拉罕，當他在上帝的法庭上被宣告為無罪的義人時，最根本的原因，是因為他單單信靠上帝？還是因為他受了割禮，靠著自己的好行為來換取上帝的接納呢？

這裡要注意喔！對保羅來說，真正的信心一定會結出好行為的果子，所以他不是在說行為不重要。相反地，他要表達的是，一個真正忠心跟隨上帝的人，會把焦點單單放在對上帝的信靠上，而不是企圖靠著自己的表現來稱義。我們能在上帝面前被稱為義，完全是因為上帝把耶穌完美的公義賜給了我們，算我們為無罪，這絕對不是靠著我們遵守律法的行為。

接著，保羅猜到他們心裡可能會不服氣。他們或許會說：「保羅啊，你說稱義是因著信心，而不是靠著遵行律法，可是你剛才明明也引用了律法來證明你的觀點啊！可見你心裡也是肯定遵守律法是件好事吧。那些你警告我們要提防的反對者，他們也是這麼做的。那你的信息到底跟他們有什麼不一樣呢？」

於是，保羅解釋說，律法本來就是好的，就像《加拉太書》3 章 24 節所說的，它的作用像是啟蒙的老師或是監護人，能夠把我們的罪顯露出來，並指引上帝的子民該怎麼生活。然而，律法一直都只是暫時的，它像是一個嚮導，負責陪伴和引導人們，直到基督來臨的那一刻。

如今，耶穌基督已經立下了一個永遠的約。這個約不再區分猶太人或外邦人，而是將這份奇妙的救恩賜給所有信靠他的人，正如《加拉太書》3 章 28 節所說的，使我們都在基督耶穌裡成為一了。

請留意今天的經文，一開始雖然語氣嚴厲、充滿激將法，但最後卻收尾在耐心且充滿愛的關懷之中。保羅或許下筆很重，但他字裡行間流露出的，其實是一顆如同慈父般關愛他們的心。

反思問題

1. 請把今天的閱讀進度，和耶穌在《約翰福音》5 章 31 到 47 節的見證做個比較。耶穌曾堅持，希伯來聖經，也就是舊約聖經，都是在指向他，並且在他身上找到了應驗；你從哪裡可以看出，保羅也延續了耶穌的這個主張呢？

2. 請查閱《以賽亞書》49 章 15 節和 66 章 13 節。這兩段經文描繪了母親對孩子那種強烈又堅定的愛，這樣的意象，讓我們對保羅對加拉太人的愛，以及上帝對他子民的愛，有什麼更深的認識呢？
"
"317","如果我們從律法中得到了自由，那代表我們可以自由自在、無法無天嗎？保羅說，不是這樣的。這不是一種擺脫所有約束的自由，而是一種去愛的自由。在基督裡，你得到釋放，是為了活出一種特別的生活方式，那是被對上帝、對鄰居的愛所推動的生活。

在今天的經文裡，保羅向大家解釋，雖然加拉太人，也包含我們所有人，都不再需要死守舊約的儀文律法，但我們是自由的，並且依然有上帝的引導，去活出律法真正的精神。我們能夠達成律法的目標，也就是彼此相愛，而不需要去死守那些舊約特有的外在儀式，像是特定的飲食規定或是割禮。

當時，許多加拉太人還是很擔心：如果沒有了律法，一個人，特別是外邦人，到底該怎麼明白上帝的旨意呢？所以保羅在這裡的重點是：一個人其實不需要讀過《利未記》或《申命記》也能分辨出，動手打鄰居、從酒吧裡醉醺醺地走出來，或是為了滿足私慾去利用和傷害別人，這些絕對都違背了上帝律法的精神。過著那樣的生活，其實就是在拒絕耶穌國度的價值觀。

聖靈總是會引導我們走上一條更好的路。這種引導包含了賜給我們力量，去友善地對待那些讓我們煩心或是反對我們的人；幫助我們去拒絕肉體的情慾，並且在人際關係破裂的時候，願意主動去尋求和好。

儘管如此，在加拉太教會中，肯定還是有些人心裡覺得緊張，深怕自己做出了任何不尊重上帝律法的事情。所以保羅給了一個寶貴的總結：如果你們真的想要成全律法，那就要彼此擔當重擔。

換句話說，如果你想從最核心的地方來成全上帝的律法，就不要再以為受割禮，或是吃符合規定的食物這些外在的行為本身，就是成全律法的方法。上帝律法的本質就是愛。成全律法的意思，就是放下偏見，不偏袒地去愛彼此。

在基督來到之前，律法就像是我們啟蒙的老師。基督向全世界顯明了：要成全上帝所有的律法，就是要真誠地彼此相愛。

反思問題

1. 花點時間重讀《馬太福音》16 章 5 到 12 節。在這個故事中，耶穌是如何使用酵母的比喻來教導他的門徒的？這又如何幫助你理解，保羅為什麼要在《加拉太書》5 章 9 節裡，用同樣的比喻來形容那些錯誤的教導呢？

2. 請比較《加拉太書》5 章 14 節與《馬太福音》22 章 36 到 40 節。關於律法最終的目的，你從保羅和耶穌的教導中學到了什麼？
"
"318","如果你太快讀過《詩篇》8 篇，你可能會不小心掉進對權力的幻想裡。人類被戴上榮耀尊貴的冠冕？太好了，這正是我想要的！快把我的權杖跟聽話的臣民帶過來，現在輪到我來掌權啦！

但是，如果我們仔細觀察，並且搭配上下文來看《詩篇》8 篇，就像你今天在影片裡會看到的一樣，你會發現詩人其實是在宣告：萬物最終都是降服在彌賽亞的腳下。雖然我們人類有治理的權柄，但我們是跟彌賽亞一起合作來治理的。也就是說，光靠我們自己是沒辦法掌權的。

上帝創造我們，不是要我們隨心所欲地獨攬大權，而是要我們彰顯他的形像，用他特定的方式來與他一起治理。我們今天讀到的《以弗所書》，就描繪了這種治理的模樣：首先是讚美，讚美上帝和他美好善良的計畫；接著是禱告，祈求聖靈賜下能力，讓我們能愛上帝也愛人；最後是上帝的子民，和平地連結在一起，成為一座座會移動的聖殿。

這種治理的重點是在彼此祝福，而不是互相控制。

保羅在寫給以弗所教會的信裡，一開始就尊崇耶穌是彌賽亞，也就是《詩篇》8 篇和其他舊約《聖經》長久以來盼望的那位救主。接著，保羅為以弗所的信徒禱告，希望他們明白，天父派來的彌賽亞，也就是他神聖的獨生子，並不是什麼為了打倒邪惡壓迫者而來的神聖戰士。因此，想要成為一個能戰勝邪惡的宇宙治理者，關鍵就是要活在「基督裡」。單單在《以弗所書》裡，保羅就用了「在基督裡」這個詞彙不下 36 次呢！

彌賽亞的得勝，並不是給上帝的子民無限的權力，去控制或統治敵人；相反地，是賜給我們無限的能力，讓我們能順著上帝慈愛聖靈的引導來生活。

所以，《詩篇》8 篇說得一點也沒錯。是的，上帝確實設立人類，成為與他一起治理的夥伴。不過，這種權柄不是用來欺負人的，也不是用來製造分裂的。這種權柄，是讓我們走在上帝一開始為人類設計的道路上，在世界上活出上帝的形像，並把他的同在帶給大家。

對保羅來說，當以弗所教會明白了彌賽亞的故事，他們就能真正擁抱屬於自己的故事了。彌賽亞賜下了能力，讓我們能一起參與在禱告、讚美跟和平當中。

反思問題

1. 保羅告訴以弗所的信徒，上帝創造我們是為了要我們行「善事」。回想一下整本《聖經》，你覺得哪些行為算是善事呢？《聖經》裡面有哪些人為我們立下了行善的好榜樣？

2. 思考一下舊約《聖經》裡聖殿的目的。在基督裡成為新造的人，現在就是一座聖殿了，這代表什麼意思呢？這座全新的聖殿，又在世界上扮演了什麼樣的角色？
"
"319","以弗所書一開始就談到大能、被神高舉，以及信徒與基督一同坐在天上。對於一個在監牢裡寫信的人來說，這些話語實在充滿了震撼力。保羅身上的鎖鍊，難道不會讓人懷疑他所傳講的信息嗎？他怎麼可能一邊高高地坐在天上，一邊又在地上被鎖鍊綑綁呢？在今天的經文中，保羅顛覆了大家的想法。他說，他身上的鎖鍊，恰恰證明了他所傳的福音是真的。

保羅知道，對以弗所教會，甚至是對所有人來說，被關進監牢是一種羞辱，也是失敗的象徵。因此，他換了一個角度來看待自己的鎖鍊。他說，我們在基督裡成為新造的人，我們的力量不是來自地上的政權或宗教領袖，而是來自聖靈。這樣的真自由是任何人都無法奪走的，即使是殘酷的規定和監牢的鎖鍊也無能為力。

畢竟，如果保羅擁有政治權力或社會地位，那麼他傳講的信息，可能就和這個世界上強大帝國所喊的口號沒什麼兩樣了。然而，神在基督裡所彰顯的福音，並不是靠著那些擁有權勢、享受著世俗所謂自由的人來推動的。這福音之所以能不斷傳開，是藉著一群充滿愛、卻常被社會邊緣化的人，也就是那些貧窮、卑微、被人看不起，甚至被認為根本沒有自由可言的人。

即使被關在簡陋的牢房裡，保羅依然不受限制地自由傳揚福音。因為他深知，神的大能絕對足夠成就祂呼召每個人去做的善工，並且能擊敗一切的邪惡。

這些善工到底是什麼呢？請看看今天的影片，我們會為別人預告保羅是如何說明的：在彌賽亞偉大救恩的恩典中，我們這些新造的人如何經歷生命的改變，成為一個合一的身體，並且一起寫下全新的故事。

反思問題

1. 保羅不覺得被關在監牢裡是一件丟臉的事，反而認為這是為了以弗所教會的榮耀，這記載在以弗所書三章13節。保羅在他所受的苦難中，以及能夠參與並體會耶穌的受苦裡，找到了他極大的尊榮。想一想，這樣的想法，和你觀察到周圍社會的價值觀，有哪些相似或不同的地方呢？

2. 請默想以弗所書四章1到3節。謙卑、溫柔、忍耐和愛心，能如何幫助我們保守在耶穌裡的和平與合一呢？如果缺少了其中任何一項品格，我們之間的和平又會受到什麼影響呢？
"
"320","從某種意義上來說，光明與黑暗的戰爭，在創世記第一章就已經開始了。當時，上帝創造的真光，劃破了空虛混沌。接下來的聖經故事也不斷向我們保證，光明總會得勝，黑暗絕對無法勝過光。使徒保羅就用了「光」的比喻，來鼓勵以弗所的信徒，既然身為光明的兒女，現在就要走在一條光輝的道路上。這記載在以弗所書第五章8到10節。

對於剛踏上這條光明之路的人，保羅指出了一些沿途的「路標」，來幫助大家走得更安穩。首先，走在這條路上的人會擁抱智慧。這聽起來就像保羅在呼應箴言的教導，堅持要我們跟隨「智慧女士」，而不是「愚昧女士」。走在上帝真光中的人，會順從聖靈的引導，而不是被追求短暫快樂的肉體衝動所控制，或是沉迷於酒精等強烈物質。

不僅如此，當你和弟兄姊妹一起走在這條充滿亮光的路上時，你很可能會聽見大家唱著好聽的詩歌，滿心感恩地讚美上帝。你也會一直聽見互相道謝的聲音，這些感恩的話語能造就人，而那些鼓勵的言語能為人帶來生命的活力。走在光中，不僅能帶領我們走上更有智慧的道路，也會讓我們的言語變得更美好。

走在光中，也意味著我們會用全新的方式，來和家人以及身邊的人建立關係。在保羅的時代，家庭規定通常是建立在社會階級之上的；但保羅卻把這些準則，轉變成彼此順服、尊重在下位的人，並且毫無保留地去愛每一個人。

對上帝的子民來說，愛與光總是形影不離的。

雖然走在光中非常美好，但保羅也提醒我們，不要以為這條路會輕而易舉。撒但依然在暗處潛伏著。保羅在信的結尾特別提醒以弗所教會，魔鬼總是在欺騙人，想把我們重新拖回黑暗裡。就像你在今天影片裡會看到的，撒但並不贊成任何事物，牠的本質就是為反對而反對。

所以，我們要作智慧人，隨時保持警醒。穿上上帝賜給你的屬靈軍裝。讓真光繼續戰勝黑暗，就像從創世以來，這光一直毫無間斷地得勝一樣。

反思問題

1. 保羅教導我們，要以「心存感謝」來取代淫亂、貪婪和愚妄的言談。你認為，在生活中實踐感恩，可以如何對抗這些罪惡呢？

2. 默想以弗所書第六章10到18節中所列出的全副軍裝。在整本聖經裡，你還看到哪些故事使用過這些屬靈軍裝的配備？這些配備是如何幫助人抵擋那惡者的？
"
"321","當保羅建立腓立比教會的時候，就像我們在使徒行傳第16章看到的，那些被福音改變的人，原本根本不可能有交集，更別說是做朋友了。他們當中有一位敬畏神的婦女、一位外邦人的男獄卒，還有一個之前被邪靈附身、失去自由的小女孩。在平常的生活中，這些人自然而然會避開彼此。

然而，耶穌帶來的好消息有一種使人合一的力量，這份力量遠遠勝過社會上那些讓人分裂的眼光。不過，當這個信仰群體裡的弟兄姊妹在學習彼此相愛的時候，因為身分地位的驕傲和種族對立所帶來的分裂壓力，其實還是揮之不去。難怪保羅在這封信裡，從頭到尾都在強調一條謙卑的道路，希望透過謙卑來不斷建立他們，直到達成完全的合一。

我們要記得，保羅自己也是在一個非常卑微的處境下寫這封信的。他並不是高高在上地對底下的人發號施令。保羅寫下這封信的時候，人正在監獄裡，而那是一個專門留給在社會上受盡屈辱之人的地方。

你可以特別留意，在腓立比書第2章裡，保羅是如何把耶穌當作謙卑的最完美榜樣。耶穌並沒有緊緊抓住自己神聖的權力來控制人，反而是選擇成為一個照顧人的僕人，就像腓立比書第2章6到7節所說的。保羅用充滿詩意的方式，描繪了耶穌那份堅定服事的心，同時祂也完全順服天父的旨意。這種順服，甚至到了祂心甘情願去承受殘酷的十字架死刑的地步。

耶穌，這位配得一切榮耀的主，不僅是神也是人。但祂在服事別人的時候，卻完全不在意所謂的社會階級。保羅鼓勵腓立比的信徒，也要用同樣的方式來生活。他解釋說，只要現在跟隨耶穌走在這條謙卑的道路上，將來肯定會被神高舉。這個世界或許會把謙卑看作是軟弱或是愚蠢的，認為展現力量和統治權才更有榮耀。但對於在基督裡的上帝來說，謙卑才是最榮耀的。總有一天，世上的每個人都會承認，耶穌以及像基督那樣的謙卑道路，終將被完全高舉。

邀請你看看今天的影片，你會發現保羅是如何以耶穌這位合一與謙卑的完美榜樣為核心，寫下腓立比書這封信。

反思問題

1. 在這首描繪彌賽亞的詩歌當中，也就是腓立比書第2章6到11節，你注意到了哪些跟舊約聖經相連的細節呢？這些關聯又揭示了關於耶穌身分的什麼信息？

2. 雖然耶穌是謙卑、愛與順服的最完美榜樣，但保羅在這裡也提供了另外兩個例子，就是提摩太和以巴弗提。這兩個人是如何成為腓立比教會的好榜樣呢？他們又是在哪些方面效法了基督？
"
"322","如果你被羅馬的皇家衛隊囚禁，知道自己隨時可能會有生命危險，你會怎麼形容當下的心情呢？如果你還因為內外夾擊的威脅，對你親手建立的教會感到憂心忡忡，你會覺得焦慮嗎？會覺得絕望嗎？

那麼，喜樂呢？

聽起來好像有點太牽強了吧。

可是，這在保羅身上卻是千真萬確的。儘管他失去自由，生命隨時受到威脅，更別提那些他深愛的弟兄姊妹正遭受攻擊；但在保羅寫給腓立比教會的信中，字裡行間卻不斷提醒大家，他心裡依然充滿喜樂。他甚至邀請腓立比人一起來分享這份喜樂。

剛聽到保羅大談喜樂的時候，往好的方面想，我們會覺得很驚訝；往壞的方面想，這簡直就像是自我安慰的盲目樂觀。不過，當你從聖經的角度，對喜樂有了更深的認識之後，一切就都不一樣了。在今天的影片中，你會學到更多關於聖經裡提到的喜樂，並且會發現，喜樂並不是取決於環境的好壞，而是深深扎根在神所應許的未來。從這個角度來看，無論發生什麼事，能保持喜樂就變得完全說得通了。

所以保羅在信的結尾，用跟信件開頭一樣的方式，勉勵大家要藉著謙卑來達到合一。畢竟，還有什麼比喜樂更好的催化劑，能把大家緊緊凝聚在一起呢？

保羅寫給腓立比教會的這封信，充滿了非常深刻的個人情感與痛苦。當喜樂從紙上躍然而出的同時，苦難也從字裡行間滲透出來。雖然這是一封短短的信，但這種悲傷與歡樂交織的結合，讓腓立比書成為一個強而有力的提醒：它告訴我們，在基督再來、更新萬物之前的這段痛苦歲月裡，神的子民依然可以經歷那真實又美好的生命。

反思問題

1. 喜樂之所以能在最嚴峻的環境中延續，是因為它建立在神與神的應許之上。請閱讀馬太福音5章11到12節，以及使徒行傳13章50到52節。根據這些經文和今天的閱讀內容，關於神的哪些具體真理，能夠幫助我們在痛苦或可怕的處境中，依然保持喜樂呢？

2. 請注意保羅是如何描述腓立比人送給他的禮物（4章17到18節）。請將他所用的詞彙與出埃及記29章18節，還有以西結書20章41節做個比較。關於「信徒皆祭司」的真理，以及我們在金錢上的奉獻，這給了你什麼樣的啟發呢？
"
"323","保羅在羅馬坐牢的時候，聽說歌羅西的基督徒正面臨很大的壓力。所以他寫了這封信，就像給他們一個大大的擁抱，也給他們一些超有智慧的建議。雖然保羅跟這些歌羅西人幾乎都沒見過面，但他知道大家都很愛耶穌，所以就毫不猶豫地伸出援手啦！

當時有些愛惹事的人，破壞了教會裡的和平。他們去說服那些跟隨耶穌的人，接受一種聽起來好像很吸引人的說法。這些人說，不能只信耶穌啦，還得加上那些聽起來同樣重要、能讓你在上帝面前稱義的人類傳統才行，像是要遵守一些特別的飲食規定還有節慶的規矩。

保羅提醒大家一定要小心，千萬別被那些騙人的空洞哲學給騙了。要小心那些不照著基督，只靠人類傳統跟世俗說法編出來的謊言，這記在《歌羅西書》2章8節。在信的一開始，保羅就用了一首讚美基督超級偉大地位的詩歌，點出了他的重點：在基督裡有獨一的真上帝，只有祂能帶來真正的和平，讓我們跟上帝和好，這寫在《歌羅西書》1章15-20節。那我們到底該怎麼活出基督那種愛鄰舍的生命呢？答案就是單單相信那位真正的和平之子，只有祂能醫治所有的分裂喔！

你可以注意一下，在保羅寫的信裡面，每次基督徒遇到信仰上的挑戰時，保羅總是會把大家的目光重新拉回耶穌的道路上，而不是教他們什麼打敗對手的新招數。他其實是在提醒大家，最重要的是，當我們把耶穌那種充滿愛的生活方式擺在第一位的時候，所有的衝突自然就會解決啦！

保羅向我們保證，你需要的一切，在基督裡早就幫你準備好囉。如果有人跑來嚇你，說你不遵守那些關於飲食、割禮還有安息日的人類傳統，就會有很慘的下場，請你完全不用怕！那些威脅根本就是空話。因為透過耶穌，我們早就已經滿足了上帝律法上所有公義的要求了。

邀請你來看看今天的影片，快速了解《歌羅西書》的全部內容。這支影片會帶你認識基督被高舉到底是什麼意思，還有這會怎麼深深影響我們生活的每一個層面喔！

反思問題

1.默想《歌羅西書》1章15-20節的彌賽亞詩歌。你有沒有注意到這段經文跟《舊約希伯來聖經》之間，有哪些互相呼應的地方呢？這些連結又讓我們看到耶穌的哪些特質呀？

2.回想一下《使徒行傳》15章和當時的耶路撒冷大會。早期的教會對於割禮、飲食律法還有各種節慶做出了什麼決定呀？他們為什麼會做出這樣的決定呢？這又會怎麼影響你對保羅在《歌羅西書》2章6-33節這段教導的理解呢？
"
"324","對保羅來說，每一天都是經歷新造的日子。他深信，耶穌總有一天會更新整個天地，帶領每一個星系、行星、每一個屬他的人，甚至是每一個細胞和原子，進入新造的現實中。到那時候，所有信靠他的人都會歡喜地走在基督的道路上。既然如此，我們為什麼還要等呢？何不現在就開始過這樣的生活？

對保羅而言，耶穌的復活已經揭開了新造的序幕。我們今天就可以享受這份全新的生命。這是上帝白白賜給我們的禮物。

今天的影片和經文，就是要和我們一起探討，活出「新造的人」到底是甚麼樣子。新造的人深深扎根在愛和謙卑裡，這和我們所處的這個「適者生存」的世界，幾乎完全扯不上關係。我們也不再使用那種凡事競爭、把自己看得比別人還重要的舊有生活方式。

舊的生活方式總是沉浸在憤怒裡，嘴裡常吐出毀謗的話語，甚至放縱自己去滿足各樣邪惡的慾望。但耶穌帶來的新生活方式，卻是要我們穿上憐憫的衣服，說話溫和，並且彼此相愛，即使是面對那些被世界看作「最微小」的人也是一樣。耶穌所帶領的這群新造的人，正把天國的樣貌帶到了地上。我們每一個跟隨耶穌的腳步，都能讓人隱約看見那個新造的世界。在基督裡，一切都變成新的了。我們有了新的說話方式、新的渴望、新的家庭關係，還有新的生活重心，因為我們已經成為新造的人了。

雖然保羅從來沒有親自和歌羅西教會的弟兄姊妹見過面，但他深信，這些在基督裡的新朋友，一定會對耶穌那充滿愛與使人得自由的掌權，做出美好的回應。

反思問題

1. 試著想一想，保羅勸勉歌羅西人要效法的那些新造之人的美德：有憐憫的心、恩慈、謙虛、溫柔、忍耐、包容、饒恕和愛心。有哪些具體的行為，能夠展現出這些美德呢？

2. 成為新造的人，會帶出被耶穌的主權所更新的新家庭。這樣的新家庭，和舊約聖經裡提到的一些家庭有什麼不同呢？耶穌那種自我犧牲的愛，又是如何翻轉了舊有的家庭關係呢？
"
"325","保羅在宣教旅程中結下了不少仇敵，真的非常多。當他來到帖撒羅尼迦的時候，他的教導甚至在市中心引發了真正的暴動。有人大聲咒罵，指控保羅和他的同伴把整個世界搞得天翻地覆。為了避免更大的危險，保羅和同工們只好趁著夜色的掩護，匆匆逃離。

到了下一站庇哩亞，當地人非常熱情地款待保羅和西拉，也對真理充滿了強烈的好奇心。但就在這個時候，他們突然發現，有一群從帖撒羅尼迦一路尾隨而來、滿心憤怒的鬧事者，已經把他們團團包圍。人的怒氣就像野火一樣蔓延得飛快，讓保羅一行人再次陷入了致命的危機。

保羅再次被迫逃亡。但在路上，他心裡掛念著帖撒羅尼迦那間才剛起步的年輕教會，為他們感到無比的擔憂和心痛。他好想知道弟兄姊妹們近況如何：他們能熬過這場迫害嗎？他們對耶穌的信仰，還能堅定不移嗎？

你可以想像一下，當提摩太帶著好消息回來時，保羅有多麼開心！儘管面對重重打壓，帖撒羅尼迦的信徒依然堅強站立。保羅大大鬆了一口氣，心中充滿了感恩，也以他們為榮。於是他提筆寫下了這封充滿私人情感的信，為帖撒羅尼迦的弟兄姊妹喝采，並鼓勵他們要在聖潔與愛心中繼續向前邁進。

邀請你一起來觀看今天的影片。這封信寫給了一群人數雖然不多，卻大有能力的信徒；讓我們透過影片，來宏觀地認識這封充滿私人情感與歡慶色彩的寶貴書信。

反思問題

1. 保羅寫給帖撒羅尼迦教會的第一封信，是以肯定收信人的忠心作為開頭。請注意保羅是如何強調他們的信心、愛心與盼望。這讓我們看見，在基督徒的生命中，歡慶與鼓勵扮演著什麼樣的重要角色呢？

2. 帖撒羅尼迦人離棄了偶像，歸向那又真又活的上帝。這樣的描述，和舊約聖經談論偶像的方式有什麼相似的地方？你可以參考以賽亞書44章9到20節，以及耶利米書10章1到16節的例子。
"
"326","如果說昨天的保羅，像是為帖撒羅尼迦教會加油打氣的啦啦隊長；那麼今天，他放下了手邊的彩球，拿起了哨子。保羅教練準備好要激勵這個教會，鼓勵大家對主耶穌要有更全面的忠心。他的中心思想是什麼呢？就是要做到更多。更多的聖潔，更多的愛，還有更多的盼望。因為這些美好的事，再多也不嫌多。

在帖撒羅尼迦的信徒還沒有跟隨耶穌之前，他們拜偶像，也隨從當時社會混亂的性觀念。但跟隨耶穌，重點在於真心去愛身邊的人。走在耶穌的道路上，自然會讓人遠離性方面的不聖潔，因為那樣做是把人當作滿足自己的工具，而不是真正去愛他們。保羅想要幫助他的朋友們追求聖潔，因為這就是在基督裡最美好的生活方式。

保羅進一步解釋，管好自己的身體，也能避免傷害到身邊的弟兄姊妹。轉離偶像，就意味著遠離那些欺騙我們、轄制我們的壞習慣。你們一定做得到的，我親愛的帖撒羅尼迦弟兄姊妹。更多地克制心中的惡念，就意味著擁有更多的自由，去真正地愛人、活出人應有的尊嚴，並且體驗真正有意義的生命。

保羅肯定大家，他看到帖撒羅尼迦教會在彼此相愛這件事上已經做得很好了。就像球員們準時參加訓練，並且認真完成每一項練習。就像任何一位優秀的教練一樣，保羅在這支隊伍身上看到了奪冠的潛力，他想要把這小小閃亮的火花，挑旺成燦爛燃燒的火焰。

為什麼要這樣做呢？簡單來說，就是因為盼望。我們追求更深的聖潔與愛，是因為我們對一個更美好的未來擁有活潑的盼望，那是一個上帝的良善完全充滿整個受造世界的地方。基督即將再來，並要將萬物更新。所以，讓我們在這條美好的道路上繼續互相鼓勵。

保羅在肯定帖撒羅尼迦教會的同時，也深知與基督同行的人需要不斷地被鼓勵。在跟隨耶穌的這條路上，像聖潔、愛與盼望這樣的美德，永遠不嫌多。保羅想對大家說，繼續去愛吧，而且要愛得越來越多，越來越深。

反思問題

1. 昨天，我們默想了慶賀在基督徒生命中的意義。今天，保羅挑戰帖撒羅尼迦人去追求更深的聖潔、愛和盼望。從這兩天看下來，你覺得挑戰與鼓勵在基督徒的生命中，各自扮演了什麼樣的角色呢？

2. 保羅對聖潔、愛和盼望的強調，呼應了耶穌在福音書裡的教導。耶穌過去是怎麼談論這些美德的呢？這又提醒了我們，身為耶穌國度的子民，在生活中應該把什麼放在第一位呢？
"
"327","保羅一直都在為帖撒羅尼迦信徒的忠心歡呼慶祝，就好像為他們掛滿彩帶、飄著氣球那樣開心喔！不過呢，雖然他心裡充滿了真誠的盼望，但這並沒有減輕他的心痛，因為他的朋友們在羅馬統治下，正面臨著超級大的迫害。他們真的非常需要一些溫暖的關愛呀。所以囉，保羅在信的最後，給了他們一些充滿慈父口吻的溫柔建議。

首先，他教導他們要怎麼面對那些欺負他們的惡霸。他甚至還稍微酸了一下當時所謂的「羅馬和平」。這是一個專有名詞，是用來吹噓羅馬帝國可以靠著強大的武力來維持和平。帝國確實因為這樣變穩定了，但這完全是建立在暴力的基礎上呀。保羅提醒他們，像這種暴政，總有一天會自食惡果，最後被反過來吞滅掉的。

保羅借用了舊約先知的話，就像是給讀者一個「超連結」一樣。他提醒朋友們，當「主的日子」降臨的時候，上帝會親自向那些欺壓別人的人算帳，而那也是受壓迫的人迎來勝利的時刻喔！對保羅來說，所謂的「羅馬和平」，更像是過去以色列先知們嘲諷的那種虛假的平安。就像先知曾經說過的：「平安了！平安了！其實沒有平安！」（大家可以參考《耶利米書》6章14節和8章11節；《以西結書》13章16節；還有《彌迦書》3章5節）。先知們早就說過了，暴政最後一定會毀滅那些暴君自己的。

所以啊，欺負你們的惡霸是不可能永遠囂張下去的，而且他們也絕對贏不了。因此，你們要在基督裡尋找真正的平安，而不是想盡辦法用武力去推翻他們。你想要終結這世界上所有的暴政和惡霸嗎？耶穌也想喔！保羅教導他的朋友們，要緊緊跟隨耶穌的策略，也就是用完全不同的方式來面對。要去幫助軟弱的人，追求良善，常常喜樂，並且要小心，遠離各種壞事。

信寫到最後，保羅為他所愛的弟兄姊妹祝福。他說：「願賜平安的上帝親自使你們全然成聖！又願你們的靈與魂與身子得蒙保守，在我們主耶穌基督降臨的時候，完全無可指摘！」（出自《帖撒羅尼迦前書》5章23節）。換句話說，就像一位慈愛的爸爸為自己的家人禱告那樣，保羅祈求基督親自看顧、保護他這些屬靈的孩子們。

跟隨耶穌的道路是很辛苦的。有時候，你甚至必須在半夜逃難，面對很多讓人覺得沮喪的困難。保羅寫給帖撒羅尼迦教會的第一封信，提醒了每一個讀這封信的人：那些與上帝同行的人，一路上都需要有人為他們歡呼打氣，需要接受挑戰，更需要那種只有上帝才能給的深深安慰喔！

反思問題

1. 請注意《以賽亞書》59章17節，跟保羅指示帖撒羅尼迦信徒穿上屬靈軍裝的教導，兩者之間有很像的地方喔。你覺得這個「超連結」透露了跟隨耶穌的人，跟《以賽亞書》裡面那位「受苦的僕人」之間，有什麼樣的關聯呢？

2. 邀請你默想保羅給帖撒羅尼迦信徒的最後指示（記載在5章12到22節）。如果一個教會群體真的照著這些指示去生活，他們每天相處的日常會是什麼樣子呢？這又怎麼展現出保羅對這個教會，有著像慈父一樣的深厚感情呢（可以參考2章11節）？
"
"328","大家知道嗎？深深的痛苦，有時候反而能生出深深的愛。上帝就一直在幫帖撒羅尼迦教會，讓他們在痛苦的蛻變中，變成一個充滿愛的群體。他們真的熬過了好多事，不僅忍受了暴徒的攻擊，還經歷了保羅和西拉連夜逃走時失去好牧者的心痛，甚至還要面對親人過世和被關進監牢的威脅。

在這些超難熬的日子裡，提摩太一開始帶來的好消息是，教會的弟兄姊妹還是有著超堅定的信心。可是，第二份報告卻說，因為迫害越來越嚴重，情況變得更糟了。

甚至還有人假冒保羅的名義，到處亂傳「耶穌已經回來了」的假消息。這感覺就像是在暗示，耶穌已經不要帖撒羅尼迦的信徒了。保羅嚴厲反駁了這種說法，他勸大家說，不管是甚麼靈、甚麼信息，或是假借他們名義寫的信，說主的日子已經到了，大家千萬不要輕易動搖，也不要自己嚇自己。這段話記錄在《帖撒羅尼迦後書》2章2節喔。

保羅安慰著教會，告訴他們有一天耶穌一定會再來，而且一定會對那些用騙局和暴力傷害別人的人，進行最公平的審判。接著他告訴大家，邪惡的政府從來就不是甚麼新鮮事，統治者欺負老百姓更是從古到今都有的問題。等耶穌再來的時候，羅馬帝國一定會垮台，就像歷史上所有靠著恐懼和暴力來統治的帝國一樣。

所以啦，請大家不要擔心。當耶穌再來的時候，那場面絕對是氣勢磅礡又充滿榮耀的，你是不可能錯過的！

邀請你來看看今天的影片，了解這個關於「耶穌將要再來」的信息，可以怎麼指引我們現在的生活。耶穌再來這件事，可以帶給我們盼望、讓我們勇敢去做對的事，也能深深安慰每一個正在吃苦的人。

反思問題

1. 請讀一下《使徒行傳》17章，看看帖撒羅尼迦教會一開始是怎麼建立的。他們過去的經歷，是怎麼幫助他們為現在面對的苦難做好準備的呢？

2. 回想一下，先知們是怎麼描述「耶和華的日子」的？你可以參考《耶利米書》46章10節、《以西結書》30章2到3節、《約珥書》1章，還有《阿摩司書》5章。這些經文怎麼告訴我們，耶和華的日子對上帝的子民來說其實是個大好消息？這又怎麼讓我們不再那麼害怕耶穌將要再來呢？
"
"329","通常啊，偷看別人的信件是不太禮貌的。但是呢，保羅反而會很熱情地鼓勵我們去讀他的信，只要我們記得一點，保羅的信雖然不是直接寫給我們的，卻是為我們而寫的。保羅把這些信件交給教會，是為了培養我們的屬靈智慧。長久以來，跟隨耶穌的人都把新約裡使徒們的書信當作聖經來讀。對於每一個世代的信徒來說，我們的目標，就是在自己的時代裡，用適合我們的方式，活出這樣的智慧。

像保羅寫給羅馬、歌羅西、哥林多，或者是帖撒羅尼迦教會的信，重點都是放在整個教會群體上。不過，在提摩太前書、提摩太後書、提多書和腓利門書裡，保羅說話的口吻就更加親切了，因為他是對著個人說話的。之前，保羅派了一位年輕的牧師提摩太，前往以弗所，去處理當地在神學和講道上所留下的一些爛攤子。

在以弗所，年輕的提摩太面臨著非常艱鉅的挑戰。那裡有大批群眾瘋狂崇拜當地的女神亞底米，又有腐敗的教師到處散播錯誤的教導，再加上一些混亂的家庭不斷擾亂教會的秩序。所以，保羅寫了一封充滿力量又鼓舞人心的信，給這位他深深疼愛的年輕同工，勉勵他：要用基督那美好的方式，為真道打那美好的仗。

什麼叫做像基督一樣戰鬥呢？當我們在打這場美好的仗時，屬世的戰線和軍隊，都要讓位給真實信仰的力量。具體來說，這代表我們要為所有人禱告，甚至包括那些腐敗的掌權者和君王，好讓上帝的大能，以及謙卑、充滿愛的生命最終能夠得勝。保羅並沒有叫我們無論在哪裡看到反對者就跟他們鬥爭，相反地，保羅在提摩太前書二章八節說，我們應該隨處禱告，舉起聖潔的手，不發怒，不爭論。

保羅告訴提摩太，他教導的目標應該是出於憐憫的愛，而不是要去征服別人。正如保羅在這封信裡所強調的，如果我們相信的真理會決定我們的行為，那麼你就可以透過傳講福音，以及對聽眾展現出的愛，來贏得這場戰鬥。這場為了以弗所教會而打的仗，是一場信仰的保衛戰，而我們必須透過仁慈與關懷，才能在這場地面戰中取得最後的勝利。

歡迎你觀看今天的影片，一起來看看保羅是如何鼓勵提摩太，帶領以弗所教會，讓他們成為一個因為愛耶穌和愛鄰舍而聞名的美好群體。

反思問題

1. 保羅在這封信裡主張，一個群體相信什麼，將會深深影響他們的行為。你在整本聖經中，是怎麼看到這個觀點被展現出來的呢？耶穌在世上的服事，又是如何反映這個真理呢？

2. 請想一想保羅在提摩太前書二章一到四節的勸勉，他鼓勵我們為了福音的緣故，要過平靜安穩的生活。保羅為什麼要這樣鼓勵以弗所的信徒呢？你可以回頭讀一讀使徒行傳十九章，了解更多當時的背景資訊喔。
"
"330","以弗所這間教會生病了。使徒保羅開了什麼處方呢？就是要培養出健康的領袖，讓他們能勇敢地公開傳講這位永活的神。

在今天的經文裡，保羅指示提摩太去尋找、評估，並且按立忠心的領袖，好幫忙照顧以弗所教會，讓她恢復健康。關於教會領袖的資格，與其把它當成是一份不管何時何地都能照著打勾的清單，不如把它看作是保羅為我們畫的一幅畫；他畫出了一個活在第一世紀以弗所文化裡，行事為人夠成熟的人，會是什麼樣子。

那些喜歡吵架、愛欺負人的人，表面上看起來可能很強大，但我們應該選擇在耶穌身上看到的那種真正的力量，去選擇那些溫和、有智慧的引導者。保羅的道理很簡單：如果一個人能把自己的家帶領得很好、充滿生機，他就能帶領好一間充滿生機的教會。我們都知道疾病很容易傳染，但其實，健康是可以傳播得更廣、更遠的。

保羅接著說，在選出健康的領袖之後，提摩太必須從源頭來對付這場疾病，也就是那些被扭曲的神學觀念。當時，關於家譜、吃肉的規矩還有婚姻習俗，出現了一些錯誤又有破壞力的想法，甚至已經蔓延了整座城市。為了反擊這些錯誤的說法，保羅鼓勵提摩太要在大家面前，公開地宣讀聖經。

就像當年西奈山下的摩西、準備進入應許之地的約書亞，還有重新找到律法書並公開念給大家聽的約西亞王，以及被擄歸回後的以斯拉和尼希米一樣；提摩太也加入了這條長長的領袖傳承線，他們都是藉著讓大家一起聆聽上帝美好的話語，來牧養上帝的子民。

在我們所屬的聖經故事裡，我們看到這種對抗邪惡的方式，對以色列人非常有效。保羅似乎也認為，同樣的方法用在以弗所教會也一定行得通。他渴望看到以弗所教會在基督的道路上茁壯成長，而這最需要大家同心合意一起來完成。所以他提到，要派幫手去鼓勵提摩太和他的同工們，效法過去那些忠心的領袖，走在一條由聖經引導的事工道路上。

反思問題

1. 默想第3章中那些健康領袖的模樣。這些特質是怎麼展現出一個人的成熟呢？

2. 保羅鼓勵提摩太要專心在大家面前宣讀聖經，並且用聖經來勸勉和教導人。在舊約聖經裡，其他的領袖是怎麼在大家面前公開宣讀聖經的呢？（給你一個小提示，可以去看看申命記31章9到13節、約書亞記8章34到35節，還有列王紀下23章1到3節。）為什麼這件事對上帝的子民來說，會是那麼重要的一項操練呢？
"
"331","有些人常說金錢是萬惡之源，但其實金錢本身沒有好壞啦！保羅說得超精準，他說「貪財」才是萬惡之根，就像《提摩太前書》6章10節說的那樣。昨天的進度我們發現以弗所這座城市生病了，這讓教會很難在那裡健康成長。今天的經文直接點出這個病的根本原因，就是貪愛錢財！

以弗所是個靠海的城市，有超熱鬧的貿易港口和商業活動，自然資源也很豐富，還住著很多達官貴人。他們對自己超有錢感到很驕傲，整座城市簡直在地中海上閃閃發光！可是，這麼多錢反而助長了貪婪，也造成一種大家可能很熟悉卻超級不公平的現象：有些人有錢到超乎想像，但有些人卻連過基本生活的錢都不夠。

為了省錢存更多財富，有些家庭甚至不管上帝一直以來的教導，拒絕養失去丈夫的媽媽，超狠心地拋棄她們。這些走投無路的婦女只好跑去跟教會求救，需要長期的經濟幫忙，結果反而變成教會很沉重的負擔。

更糟的是，保羅指出有些超貪財的假老師會在大家面前裝得很敬虔。他們根本不是真的想幫人，只是為了撈好處、滿足自己的貪慾。而且還有更危險的，這種愛錢的心態也慢慢誘惑了教會裡比較有錢的弟兄姊妹，他們把對未來的安全感越來越多地寄託在錢財上，而不是把盼望放在耶穌基督身上。

這種對物質的迷戀根本沒有給以弗所帶來公平又繁榮的社會，反而造成很慘的狀況。為了抵擋貪婪的誘惑，保羅交代提摩太要鼓勵大家學會知足，而且要樂意慷慨幫忙別人，用這種方式引導信徒遠離貪財的心。在上帝眼中，對的人際關係比什麼都重要，所以我們應該好好利用金錢來拉近彼此的距離，而不是讓錢變成關係的阻礙。

如果以弗所這座城市是因為很有錢而出名，那以弗所教會就有機會因為超慷慨而紅遍全世界。雖然貪財是萬惡之根，但透過慷慨分享來愛人如己，才是公義的根本喔。

邀請你來看看今天的影片，了解保羅對於慷慨的教導，是怎麼直接傳承耶穌在登山寶訓裡關於公義的教導。

反思問題

1. 在今天的進度中，保羅關於照顧家人和奉獻金錢的教導，是怎麼跟耶穌在登山寶訓裡的教導互相呼應的呢？

2. 請默想保羅最後的勉勵，在《提摩太前書》6章15到16節。這些話跟敬拜異教神明和偶像的虛假信仰，形成了什麼樣的強烈對比？你覺得保羅為什麼要挑這些話來當作這封信的結語呢？
"
"332","保羅經歷過船難、被毒蛇咬、被鞭打、被戴上鐐銬，甚至被毒打，現在又在羅馬的監獄裡冷得發抖。他真的忍受了超大的痛苦，不過自從他遇見那位被釘死在十字架上又復活的耶穌之後，他就知道這些苦難是遲早會碰到的。保羅心裡很清楚，為了參與上帝那位受苦僕人的使命，他會像耶穌一樣，「受苦難，甚至被捆綁，如同犯人一樣」，就像他在《提摩太後書》2章9節說的那樣。他也知道，提摩太現在正同樣面對著這些超難熬的狀況。

當提摩太需要指引的時候，保羅告訴他，要好好回想外祖母和母親從小教導他的聖經。保羅知道，提摩太現在超級需要上帝的話語。同時，保羅也要他記住，聖靈是絕對不會膽怯的喔！就像《提摩太後書》1章7節說的：「因為上帝賜給我們的不是膽怯的心，而是剛強、仁愛、自制的心。」

所以啦，要勇敢，要對上帝的教導忠心。保羅是一位超懂《舊約聖經》的學者，他當然知道，當約書亞面對人生最大挑戰的時候，上帝也曾經對他說過一模一樣的話。上帝告訴約書亞要剛強、「大大壯膽」，並且小心地遵行律法。《約書亞記》1章7節說：「不可偏離左右，使你無論往哪裡去，都可以順利。」保羅把這個超棒的指引交給了提摩太，因為提摩太也正迎來他人生最大的挑戰。

保羅真的很懂得怎麼面對苦難。他知道該怎麼忍受羞辱，卻不會被那種丟臉的感覺給困住，這可不只是因為他有很多受苦的經驗喔。保羅的生命是深深扎根在一個古老的聖經傳統裡，那就是從上帝的話語中尋找上帝的智慧。現在，他也正在幫助提摩太用同樣的方式來尋找並信靠上帝。

保羅邀請這位年輕的同工，放下那種讓人痛苦卻只是暫時的社會羞辱，轉過來緊緊抓住我們的救主。他感覺就像在說：「提摩太，帶領你的教會吧！要把忠心教導聖經放在第一位，並且相信上帝會親自引導你的腳步。」接下來，你可以看看影片，了解保羅是怎麼把這些重點串連在一起，鼓勵提摩太藉由信靠上帝的話語，把生命安穩地建立在上帝真實的應許之中。

在保羅生命的最後階段，他孤單一個人待在羅馬的監獄裡。雖然經歷了這麼多創傷、悲傷、被朋友拋棄，甚至忍受了好多羞辱，他還是滿懷盼望地對提摩太說：「主必救我進祂的天國」，這記在《提摩太後書》4章18節。最後，保羅為提摩太，還有所有讀這封信的人留下了祝福，他在《提摩太後書》4章22節說：「願恩惠常與你們同在。」

反思問題

1. 請花一點時間回想保羅的生命。他的經歷是怎麼反映出耶穌的生命呢？這讓我們看見，苦難在上帝子民的生命中扮演了什麼樣的角色？

2. 雖然被朋友拋棄，保羅還是深信耶穌就站在他的身旁。在聖經中，還有誰也曾經覺得被大家拋棄，最後卻得到了上帝的安慰呢？這又讓我們對上帝那永不改變的愛，有什麼新的認識？
"
"333","當保羅把這封信寫給在克里特島上的提多時，他形容當地文化的方式，就和舊約先知形容偶像崇拜非常相似。先知以賽亞曾說，當你敬拜一尊用枯木雕刻出來的偶像時，你最後就會變得像那塊木頭一樣，毫無氣息、又啞又死，這記載在《以賽亞書》44 章 9 到 20 節。先知耶利米也說過，偶像看不見、不能說話，也聽不到，所以敬拜偶像，只會讓你對真實的世界視而不見、聽而不聞，這記載在《耶利米書》10 章 3 到 5 節，以及 8 到 15 節。

人們往往會變得越來越像他們所敬拜的對象，也就是他們眼中所注視的事物。所謂的注視，就是去觀看或觀察一個人事物，特別是那些令人印象深刻的對象。在這裡，保羅告訴提多，因為宙斯是一個充滿謊言、欺騙又喜歡掌控別人的假神，所以那些敬拜宙斯的人，最後都會變得愛說謊、愛欺騙又愛跟別人爭鬥，就像當時的克里特人，以脾氣暴躁和四處惹事而聞名一樣。

值得慶幸的是，保羅差派提多帶著這封信，去鼓勵克里特人轉眼注視那位能看見、有氣息的永活真上帝，並且因此變得像他。你可以看看影片，了解保羅寫給提多的信中，規劃了什麼樣的策略，來幫助人們在這個被稱為荒野之地的克里特島上認識耶穌。要知道，當時的克里特島，可是以酗酒、野蠻和放縱肉體慾望的文化而臭名遠播的。

保羅沒有叫基督徒退縮，也沒有叫他們去和當地人起衝突。相反地，他鼓勵克里特的基督徒，要好好敬拜彌賽亞，並且變得像他一樣，用耶穌的方式來對待身邊的每一位鄰舍。耶穌和宙斯完全不同，耶穌口中沒有任何詭詐，他唯一戰勝和推翻的，是死亡的權勢，而且耶穌保護並更新了所有的生命。所以，當我們注視這位上帝，也就是耶穌，並且變得像他的時候，我們就進入了他那連死亡都無法終結的生命裡。

所以，保羅教導提多，要帶領大家活出全新的生命。要走出那些讓人深陷其中，看似刺激卻毫無意義的爭論。把過去習慣的憤怒、暴力，還有像酗酒這類自我麻醉的壞習慣，通通拋在腦後。相反地，要仁慈、慷慨、懂得節制，並且對上帝的教導保持忠心。為了幫助整個群體一起跟隨耶穌，必須設立有智慧的領袖，建立全新的家庭，大家一起學習變得像耶穌。這是一種全新的生命樣貌。

保羅提醒提多，因為基督的緣故，正如《提多書》2 章 11 節所說，上帝救眾人的恩典已經顯明出來。保羅強調，這恩典不是只給某些特定背景的人，而是賜給各方各族中，所有蒙恩信靠他的人。這份充滿恩典的禮物，會推動我們用愛和節制的心，與他人建立起正確又美好的關係，而不是順著肉體的本性去野蠻行事。

反思問題

1. 默想保羅為追求鄰舍共同利益所規劃的宣教策略。這與耶利米在被擄流放期間所傳遞的信息，以及但以理和平抵抗的見證，有什麼樣的關聯呢？

2. 我們注視什麼，就會成為什麼。在保羅的想像中，那些注視耶穌、成為新造之人的基督徒，會如何對待身邊一起跟隨耶穌的弟兄姊妹呢？又會如何對待教會以外的人呢？這對今天的耶穌跟隨者，有什麼重要的意義呢？
"
"334","想像一下，你為一個超級有錢人工作，重點是，在法律上他完全擁有你！如果你偷溜走，還會被當成是偷了他的財產耶。身為一個奴隸，你在法律上不能結婚、不能擁有任何東西，甚至連自己的身體都不能自己做主，因為你整個人都是主人的。再想像一下，你實在是太渴望自由了，最後，你終於成功逃跑啦！

但是，當你跑去找一位超有智慧又值得信任的朋友幫忙時，他竟然對你說：「其實，你應該回去。」

什麼？有沒有搞錯啊！

「喔對了，順便把這封信交給你的主人吧。」

今天，我們要來讀保羅寫給腓利門的信。腓利門是一家之主，就像當時羅馬社會所有的大家長一樣，他也是有奴隸的喔。而阿尼西母就是那個逃跑的奴隸，也是這次被交代要送信的人啦。這封《腓利門書》給我們看到了一個超生動的畫面，我們會發現福音是怎麼深深扎根在羅馬文化的基石裡，還徹底顛覆了當時大家對人類價值的刻板印象！

腓利門是信靠耶穌的人。保羅寫這封信可不是要罵他，而是為了鼓勵他、造就他。保羅超希望能看到腓利門有所改變——從原本理所當然去守羅馬社會的規矩，變成因為愛去跟隨耶穌和祂的道路。按照羅馬法律，阿尼西母逃跑算是損害了腓利門的利益，這可是必須受罰的偷竊罪耶！但是，耶穌那充滿愛的律法卻說，阿尼西母和腓利門在主裡是緊緊相連的，他們根本就是真正的一家人啦！

你還記得一首超有名的聖誕詩歌「啊！聖善夜」嗎？歌詞裡面寫著：「祂教導我們彼此相愛；祂的律法是愛，祂的福音是平安。祂將要打破鎖鍊，因為奴隸也是我們的弟兄；奉祂的名，一切的壓迫都將停止。」

這基本上就是保羅這封信的重點縮影啦。這封信雖然短短的，卻超有震撼力！保羅拜託腓利門歡迎阿尼西母回家——不要再把他當奴隸看，而是超越奴隸的身份，把他當作親愛的弟兄。保羅為了親自示範耶穌那愛的律法給腓利門看，甚至答應說，如果阿尼西母因為造成損害而欠下什麼債，他願意全部幫忙還清！這就是跟隨耶穌的道路啦。

這真的是福音夥伴才會做的事耶！他們承認大家在上帝面前都是完全平等的——沒有誰比較大，也沒有誰比較小，在彌賽亞，也就是基督裡，我們全都一樣合而為一，也都一樣得著自由。今天的影片會詳細解說阿尼西母和腓利門的背景故事喔。影片也會更深入去探討這封信裡那些超顛覆的核心思想，這種思想就是來自一種能夠打破鎖鍊、讓奴隸成為弟兄，而且讓所有壓迫通通停止的愛！

反思問題

1. 《申命記》23:15-16 明確禁止把奴隸交還給他的主人。那你覺得，保羅為什麼還要用這種方式，讓阿尼西母和腓利門重新聚在一起呢？

2. 保羅寫給腓利門的信讓我們看到，福音好消息帶來的影響，不只會改變我們個人的私生活，更會帶來整個社會群體的改變。你覺得，這要怎麼為耶穌所創造的新人類，帶來真正的良善與平安呢？"
"335","是誰寫了《希伯來書》呢？有人猜是保羅，或者是巴拿巴，也有人說是別人寫的。說真的，我們還真不知道！那最初收到這封信的又是誰呢？這我們也不太清楚。不過呢，從這卷書的內容可以看出，一開始收到這封信的那群人正遇到很嚴重的迫害，而且他們也失去了當初建立教會的牧者。

當時的社會對跟隨耶穌的人越來越不友善，讓他們開始隨流失去（《希伯來書》2章1節），甚至想要退後（《希伯來書》10章39節）。他們正想著要放棄對上帝的信仰，希望把自己關起來，用跟社會隔離的方式來保護自己。他們心裡可能在想，如果我們少提一點耶穌，只要跟著大家做一樣的事，那些嘲笑和傷害應該就會少一點了吧。

可是啊，耶穌面對苦難的時候根本沒有退縮，也沒有躲進那種封閉的保護傘裡喔！回想一下，使徒保羅也教導過年輕的提摩太，他說上帝賜給我們的，不是一顆膽怯的心（《提摩太後書》1章7節）。帶著上帝早就確立的應許，也就是上帝曾經賜給許多前輩，而他們到現在還在信心中等待完全實現的那個應許（大家可以去看看《希伯來書》11章），我們這些跟隨耶穌的人，絕對有很充分的理由，去學習我們在彌賽亞身上看見的那種勇氣。

為了讓讀者發現自己也有份於這個超棒的應許，作者把舊約聖經的經文巧妙地穿插在整卷書裡面，到處都看得到喔。這個關於上帝最後一定會贏的長篇故事，其實也是你的故事啦！所以不要害怕，也不要退縮。你是屬於至高上帝的，而且我們在上帝的兒子彌賽亞身上，就能最清楚地看見這位上帝的面貌（《希伯來書》1章1到4節）。

在讀的時候啊，你會發現一個特別的模式。首先，作者會超用力地讚美耶穌那個超越一切的最高地位，接著就用這個當作基礎，很嚴肅地挑戰讀者要對上帝保持忠心。耶穌是上帝最高也最完美的啟示。祂讓我們看見上帝到底是什麼樣子，祂的地位甚至比所有的天使還要高呢！

雖然這些神聖的天使以前曾經在西奈山為上帝傳話，但現在他們全都向耶穌跪拜，而且只服事祂喔。這就帶出了一個超強烈的勸告。如果以前透過天使傳達的那些比較次要的訊息，大家都得乖乖聽話，那麼順服上帝透過耶穌帶來的最終啟示，難道不是重要超級多嗎？

趕快來看看今天的影片吧！看看《希伯來書》的作者是怎麼用各種不同的寫作技巧來高舉耶穌，還會激勵大家要超堅定地只信靠上帝喔。

反思問題

1. 《希伯來書》的作者覺得讀這封信的人一定對希伯來聖經（就是舊約啦）超熟的，所以一定看得懂書裡面一大堆直接引用的句子、典故還有經文連結。我們來看個例子吧，請你先讀《希伯來書》1章5節，接著去讀它引用的《詩篇》2章7節，最後把《詩篇》第2篇全部讀完。當你看到《詩篇》第2篇完整的上下文之後，這對你更深入了解《希伯來書》1章5節有什麼幫助呢？

2. 《希伯來書》裡面的那些警告，有時候讀起來真的會讓人覺得有點不舒服（像是《希伯來書》6章1到12節），不過這些警告的目的，其實是為了鼓勵讀者對上帝更忠心啦。在舊約聖經的其他地方，你還有在哪裡看過這種聽起來很兇、但其實是為你好的話呢？保羅曾經跟哥林多教會說，上帝是賜各樣安慰的上帝（《哥林多後書》1章3到5節）。不過啊，不管是在《希伯來書》，還是整本聖經裡面，上帝卻又一直發出那種讓人不安、不舒服而且超嚴肅的警告。看到這些，你覺得上帝想要賜給我們的，到底是什麼樣的安慰呢？
"
"336","在上帝所有的僕人裡，摩西絕對可以說是最偉大的先知、領袖，還有頒布律法的人啦。不過，《希伯來書》的作者告訴我們，就算是摩西，也得向上帝的兒子彌賽亞低頭敬拜喔，因為彌賽亞才是所有僕人裡面最偉大的那一位。

你可能會想，摩西這麼厲害竟然還要順服別人嗎？沒錯！這位曾經超勇敢對抗法老、分開紅海、領受律法、建造會幕、帶領大家走過曠野，還幫以色列人解決各種問題的偉大先知和族長，其實只是在一個更巨大的故事裡扮演了其中一個角色而已。

說得這麼直接，絕對不是想貶低摩西喔。其實剛好相反，作者可是超欣賞摩西的，他還特別用了一個很有尊貴感覺的希臘字來稱呼他為僕人。這個字的意思是一個人超級忠心去付出奉獻，而不是那種用來形容低微奴隸的普通字眼。

摩西就像是上帝家裡超級盡責的總管。可是，上帝才是那個蓋這間房子、創造所有東西的人啊。所以，身為建造者，也就是在彌賽亞裡的上帝，才是真正管這個家的主人。摩西是照著天上宇宙的設計圖來蓋會幕，但耶穌建造的可是整個宇宙，就連那張設計圖也包在裡面呢！

耶穌超越了所有的一切，當然也包含摩西啦。所以我們全心相信而且聽耶穌的話，才是最聰明的選擇。想當年那群在曠野的以色列人，好不容易站在應許之地的邊緣，也就是加低斯巴尼亞的時候，竟然嚇到腿都軟了。他們被敵人嚇個半死，結果連對上帝的信心都丟了，完全忘記要用上帝的角度來看事情，我們千萬不要跟他們一樣啊。

他們只用自己的想法去做覺得最合理的事，結果最後卻死在曠野裡，就像《民數記》13-14章寫的那樣。他們拒絕了上帝的應許，死都不肯進去應許之地，搞到最後連摩西也陪著他們一起死在曠野。《希伯來書》的作者感覺就像在對我們大吼：拜託從這個錯誤裡學到教訓吧！現在千萬不要再被恐懼嚇到不敢前進了！

今天最後的一段經文，也就是《希伯來書》4:14-16，真的超值得我們好好體會一下。作者在這裡開始解釋為什麼我們可以百分之百相信耶穌，而且這個重點會一路講到明天的進度喔。他跟我們說，耶穌不只是上帝那邊神聖又尊貴的大祭司，同時也是跟我們一樣有血有肉的好兄弟。

他絕對不是那種站在遠遠的安全區、冷冷看著我們犯錯然後罵我們的外人。剛好相反，耶穌跟我們超級麻吉，完全懂我們的痛。就像《希伯來書》4:16說的，當我們因為人性的軟弱跌倒的時候，他給我們的是滿滿同情心的幫忙，而不是狠心地定我們的罪。所以，勇敢地往前走吧！別怕，帶著平安的心來到耶穌的寶座前敬拜他。死心塌地相信耶穌到底，直到我們完全進到他答應給我們、在全新創造裡的超棒新生命。

反思問題

一、回想一下《民數記》13-14章，為什麼以色列人最後沒辦法進入應許之地呢？這又要怎麼幫我們搞懂今天《希伯來書》經文的意思啊？

二、默想《希伯來書》4:12-13。從這兩節經文裡面，關於上帝的話，我們能得出什麼結論勒？這又是在提醒我們，應該要用什麼態度來面對上帝的啟示，還有要怎麼向他交代呢？
"
"337","世世代代以來，以色列人每天都得靠著利未支派的祭司來獻祭。這些祭司每天一大早起床，穿上特別的細麻布衣服，聽大家認罪、仔細檢查祭牲、宰殺牛羊、獻上香火，接著還要不斷清洗和沖刷。這整個過程，日復一日，從來沒有停過。而且每年只有一次，大祭司才能進入聖殿最神聖的地方，也就是隔著厚厚幔子的「至聖所」，在那裡與上帝相會。

直到有一天，一位來自猶大支派、無比聖潔的祭司出現了！他直接將聖殿裡那層厚厚的幔子完全撕開，徹底終結了以色列人必須依賴古老獻祭制度的時代。

今天我們看到，耶穌身為大祭司所做的事，遠遠超越了亞倫和其他利未支派的祭司。亞倫的後代雖然每天都要代表上帝的百姓獻祭，但他們自己其實也很軟弱、也會犯錯。也就是說，這些祭司們自己也需要贖罪和赦免。

但耶穌完全不一樣！他是上帝親自設立、最完美的大祭司。他一生完全順服上帝的旨意，從來沒有失敗過。所以，他不需要像其他祭司那樣為自己獻贖罪祭。現在，耶穌為我們獻上了自己，成為最終、也是最完美的贖罪祭。他穿過了聖殿的幔子，進入真正的至聖所，而且他還親自帶著我們一起走進去，讓我們現在可以坦然無懼地來到上帝面前。正因為耶穌為我們成就了這一切，我們這群相信他的人，就成為了一座全新的聖殿，讓上帝的聖靈親自住在我們裡面。

在今天的經文裡，作者問了我們一個帶著警告意味的問題：你願意相信這位更偉大的大祭司，充滿信心地倚靠他的大能，讓他帶著你更深地認識上帝，繼續往前走嗎？還是你會選擇離開他，掉頭回到那種太過自信、企圖靠自己力量來拯救自己的致命陷阱裡呢？

反思問題

1. 《希伯來書》提出了很多原因，證明耶穌這位大祭司遠遠超越了亞倫。請讀一讀《利未記》4 章，看看當祭司犯罪，連累大家都有罪的時候，上帝是怎麼規定的。想一想，為什麼耶穌成為我們的大祭司後，我們就不需要再不斷地獻祭了呢？

2. 雖然《希伯來書》裡面警告的話聽起來很嚴厲，但作者同時也寫下了許多充滿鼓勵和盼望的提醒。請安靜思考一下《希伯來書》6 章。作者是怎麼在同一個時間點，既給我們警告、又給我們鼓勵，甚至還激發出我們對未來的盼望呢？
"
"338","現在的數位螢幕真的很方便，讓我們不用出門就能欣賞世界各地超讚的藝術作品。可是啊，如果你有機會親自站在西斯汀教堂，抬頭仰望米開朗基羅的畫作，或是親眼看見梵谷《星夜》裡那一圈又一圈超有立體感的顏料漩渦，那種無法形容的美麗跟震撼，絕對是任何螢幕都沒辦法真正呈現出來的。

摩西和以色列人在曠野建造的會幕，其實就像是那個數位螢幕一樣，雖然很美，也展現了上帝想要那種「在地如在天」的神聖空間，但說到底，不管它再怎麼華麗，還是比不上最真實的本體喔。

在今天的讀經進度裡，作者把亞伯拉罕子孫所服事的摩西會幕，稱作真實會幕的「形狀」和「影像」，而那個真實的會幕，可是由耶穌親自來服事的呢。就像你會在影片中看到的那樣，耶穌身為君王跟祭司，不但為我們帶來了新約，更把上帝的神聖空間整個擴大，把所有的受造物都包含在裡面了。亞伯拉罕的子孫照顧的，只是一個預表未來的帳幕；但耶穌看顧的，卻是全宇宙的每一個角落喔。

先知耶利米當時超級渴望能看到這一切實現的那一天。那一天也就是上帝的日子，到那時候，所有的受造物都會變成神聖的空間。大家可以去翻一下《耶利米書》31章31到34節看看。《希伯來書》的作者告訴我們，耶穌現在正在帶領這項超偉大的工作，把天上跟地下聯合起來，直到宇宙的每一寸土地，都能成為神聖的空間。

不過，這到底要怎麼做到啊？

既然說「只有耶穌能帶領這項工作」，那是不是也代表著「只有耶穌能完成這項工作」呢？

沒錯。耶利米談到了一種從上帝來、帶有神聖能力的更新。但大家要注意喔，這種更新是從哪裡開始的呢？答案是從人的心裡。耶利米曾經說過，然後《希伯來書》的作者也引用了這句超有名的話，他說上帝的更新，包含把他的律法寫「在他們心上」，這個記錄在《希伯來書》8章10節。原來，上帝最在意的，並不是只是一群被逼著順服他的人；上帝真正想要做的，是藉著聖靈把我們變成一群「打從心底想要」順服他的人，也就是一群把上帝的律法深深寫在心上的人。

舊約的律法和規定原本是好的，但律法畢竟只是外在的規範，感覺更像是生活規則，而不是帶著真誠愛意的跟隨。光靠律法本身，再加上以色列人天生就有軟弱的一面，根本沒辦法抵擋內心的叛逆跟剛硬。所以，就算當時利未支派的祭司們再怎麼拼命努力，也沒辦法改變這個狀況。

但是呢，耶穌的祭司身分就完全不一樣囉。他是照著麥基洗德這個超神祕人物的模式，同時具備了君王、祭司還有永恆的特質。在一般的祭司規定裡，麥基洗德是一個很有名的例外；而現在，耶穌成了那個最完美的例外，他確立了上帝那份永遠不變的愛之約。舊的方式已經過去了，現在這個新的方式，真的棒太多太多啦。

反思問題

1. 請大家讀一讀《創世記》14章裡關於麥基洗德和亞伯拉罕的故事。這個故事怎麼幫助我們更明白耶穌的祭司身分呢？

2. 《希伯來書》的作者引用了《耶利米書》31章。耶穌身為君王跟祭司，到底是如何帶來這個新約的呢？對《希伯來書》的作者來說，新約和舊約之間有哪些改變是特別重要的啊？"
"339","你曾經體驗過一種無比安寧的平靜嗎？在那種時刻，你鬆了一口氣，放鬆了原本緊繃的身體，然後在心裡對自己說：「啊，這簡直就是人間天堂！」其實，這些時刻都暗示著我們內心深處的一種渴望，也就是渴望在一個大家都能共享的天堂裡，與上帝同在。我們或許不會明說：「我想在天堂裡與上帝同在。」但聖經告訴我們，這種對永恆平安的渴望，其實就等於渴望與上帝共享那個神聖的空間。在那裡，我們不會感到一絲羞愧或恐懼，而是能完全放鬆，享受永遠的平安。

上帝所在的空間，充滿了真正的平安。《希伯來書》的作者提醒我們，正是因為耶穌犧牲了自己，我們才有可能進入那個空間。作者提到，耶穌透過他那涵蓋一切、一次獻上永遠有效的犧牲，在我們裡面造就了無虧的良心。這不僅僅是潔淨了我們，更是完完全全地除去了我們的罪，正如《希伯來書》9 章 14 節所說的。

因為罪被完全除去了，我們都有可能站在上帝面前，心裡不再有罪惡感、焦慮，也不會覺得自己不配。耶穌這至高無上的犧牲，讓一切信靠他的人都能滿懷信心地親近上帝。對於這封信最初的讀者來說，無論他們是猶太人還是外邦人，這都是一個不可思議的宣告。

對於虔誠敬拜的猶太人來說，想要親近上帝，就必須仰賴利未人的獻祭制度。親近上帝，代表著需要一次、一次、又一次地流血。動物的血確實能帶來一定程度的潔淨，讓人可以進入上帝所在的空間；然而，上帝當初設計動物獻祭，並不是為了要永遠潔淨他們，讓他們能與上帝擁有持續而平靜的安息。唯有耶穌的血，才能真正帶來這樣的安息。

耶穌的到來，對外邦人來說也是大好消息。聖經裡記載了許多關於非以色列人的故事，他們有自己的廟宇、祭物和宗教制度。他們建立這些，是為了敬拜他們所信靠的神明，希望能求得財富、公平，以及大家心底都渴望的那份平安。但同樣地，這些制度也無法帶來真正持久的平安。

耶穌那至高無上的犧牲意味著，只要是上帝居住的地方，就沒有我們不配去的地方。因此，作者鼓勵讀者要帶著誠心，坦然無懼地親近上帝，完全擺脫羞愧和恐懼，並且能夠彼此相顧，激發愛心，勉勵行善，就像《希伯來書》10 章 22 到 24 節所寫的。因為耶穌，我們已經與上帝完全和好了。

反思問題

1. 請想一想，在舊約聖經中，有哪些行為或接觸到什麼東西，會讓一個人在禮儀上變得不潔淨呢？如果想複習一下，可以去讀讀《利未記》13 到 15 章。這些過去規定要做的潔淨儀式，如何幫助你更深地明白耶穌那涵蓋一切的犧牲與潔淨的工作？

2. 上帝非常渴望與他的子民同在。請回想整本聖經的故事。你還看過上帝用哪些不同的方式來親近他的子民呢？這又讓我們看出上帝擁有什麼樣的品格與情感呢？
"
"340","面對公開的羞辱、殘酷的迫害，甚至是被抓去關的威脅，真的會讓人整天神經緊繃，覺得每個角落都有危險，心裡超怕的。這時候，大家真的很需要一句鼓勵的話：就算痛苦蒙蔽了我們的雙眼，讓我們看不清真相，耶穌還是超級值得我們緊緊跟隨的！《希伯來書》的作者花了幾個章節，向我們證明耶穌是最偉大的；接著，這封信的話鋒一轉，開始鼓勵讀者，要憑著信心，而不是只看眼前的情況來跟隨耶穌。

《希伯來書》11章，簡直就像是舊約聖經裡的「信心名人堂」，裡面記錄了過去那些對上帝超忠心的學長姐們。因為有信心，挪亞在連一座湖都看不到的乾地上，居然造了一艘能浮在水面上的方舟。因為有信心，摩西的家人把他偷偷藏起來，躲過那個想殺人的法老王。因為有信心，喇合熱情接待了以色列的探子，而且相信只要一條紅繩子，就能救她全家人的命。

這些信心超強的榜樣，其實都曾經面對過迫害、別人的嘲笑，甚至是被殺的威脅。但他們相信上帝答應過的事，比相信自己親眼看到的還要多，最後，上帝也真的拯救了他們。

不過，

他們後來還是過世了，並且安息在上帝裡面，這也是事實。這就代表著，這些「因信得了美好證據」的人，其實還沒有真正「得著所應許的」，就像《希伯來書》11:39說的那樣。

這裡的重點是，當我們遇到困難，心裡偷偷想著「上帝是不是不可靠啊」、「上帝是不是沒有遵守承諾」的時候，請回想一下像摩西這樣的人吧。他們以前肯定也有過類似的感覺，卻還是對上帝保持忠心。上帝沒有拋棄他們，也絕對不會拋棄你，上帝答應過的事依然有效，而我們都還在等待這份應許完全實現的那一天。

帶我們回顧完過去的歷史後，作者接著鼓勵我們要抬起頭，仰望十字架。你現在受的苦，就像上帝的兒子當年受的苦一樣，這剛好證明了你就是上帝的兒女喔！就像你在今天的影片裡會看到的，耶穌說，那些面對迫害的人才不是倒楣，反而是有福的呢。

當時第一批讀到這封信的基督徒，正遭到殘酷又血腥的打擊。那種讓人迷失方向的痛苦，讓他們想要退縮、開始不信任上帝，甚至忽略了耶穌那超級偉大的救恩。所以，《希伯來書》的作者在整卷書裡面不斷對我們大喊：回到堅定信心的道路上吧！把你們的目光，專心注視在那位至高無上的耶穌身上，因為耶穌是為我們信心創始成終的上帝。這就是《希伯來書》12:2帶給我們的超棒提醒。

反思問題

1. 大家有時候會把《希伯來書》11章叫做「信心名人堂」。讀完這一章，裡面有出現讓你覺得超驚訝的人物嗎？這些故事告訴了我們什麼叫做信心？也告訴了我們，上帝最看重我們內心的哪些特質呢？

2. 耶穌講的「八福」，把這個世界上很多的價值觀整個大翻轉了過來。《希伯來書》11章的內容，是怎麼和耶穌關於「有福」的教導互相呼應的呢？這又怎麼帶給那些正在受苦的人超大的安慰呢？"
"341","「智慧文學」這個名字聽起來很酷吧？但它其實是一記重拳，把血淋淋的現實擺在我們面前，震撼我們每一顆脆弱的心。像是《約伯記》，就是用極其痛苦的災難來鋪陳智慧的故事；而在《傳道書》裡，傳道者痛苦地不斷重複，稱人生為「虛空，都是虛空！」雖然《箴言》看起來比較積極，但它也一再警告，拒絕智慧的人將會面臨悲慘的毀滅。現在，如果我們把這些一針見血的智慧文學，加上耶穌最精華的教導，會變成什麼呢？這就是我們今天要看的《雅各書》。

你會在影片中看到，雅各，他的名字其實也就是希伯來文裡的雅各布，他雖然用傳統的問候開場，但很快就切入重點，給出強而有力的勸勉，讀起來更像是一本耶穌智慧語錄的合集。

雅各詳細分享了非常實用的智慧，教導我們如何在生活中建立正確的關係，並強烈要求我們去關心身邊的鄰舍。如果你說：「我對上帝有信心！」但卻只顧著自己累積財富，不去理會那些需要幫助的人，完全無視上帝的道路，那麼你的信心就是死的。不是變少，也不是變弱，而是死的。這樣的話聽起來就像是肚子上挨了重重的一擊，痛到讓你無法不去正視它。

《雅各書》第1章介紹了這封信的核心理念，包括要用實際行動去愛人、照顧窮人，以及對上帝真誠的委身。在信的後半部，他寫下了一連串像迷你演講般的內容，言辭犀利又充滿智慧，金句接連不斷。你可以把《雅各書》想成是一本名言錦集，而不是像保羅的那種長篇書信；它裡面充滿了簡短、真實又充滿智慧的教導。

雅各在第2章1-13節中指出，社會上的偏心待人，就是直接在反對上帝，這和耶穌在《馬太福音》第5章46-48節的教導互相呼應。正如耶穌的教導和祂一生的榜樣，我們的目標是去愛每一個人，把他們當作是上帝奇妙的創造來珍惜。是「每一個人」喔，而不是只愛那些你覺得值得愛的人。因為沒有任何一個人有資格去評斷別人不配得到愛，或是不配活著。

所以，把審判的主權交給上帝吧。我們要做的，是繼續帶著恩典去祝福每一個人。接著，雅各在第2章13節丟出了一句無比犀利的話：「因為那不憐憫人的，也要受無憐憫的審判；憐憫原是向審判誇勝。」這句話聽了會讓人覺得「哎喲，好痛」，但同時又忍不住說「阿們」。這種刺痛感，正是雅各所有智慧箴言以及他整封信的目的：為了激勵上帝的子民，全心全意地委身於耶穌。

反思問題

１.請默想《雅各書》第1章。你發現它跟《箴言》有哪些相似的地方呢？跟耶穌的登山寶訓比起來呢？這告訴了我們關於上帝那永恆不變的智慧什麼樣的道理？

２.《雅各書》第1章5-8節提到，上帝會賜智慧給那些憑著信心祈求的人。你在舊約聖經中，還在哪裡看過類似的觀念，或是發生過類似的事情？這對於我們這些渴望擁有智慧的人來說，有什麼特別的意義呢？
"
"342","智慧文學的目標到底是什麼呢？當然啦，就是為了讓人變得更有智慧啊！不過，當你真的看見智慧結出果實的時候，你會發現它其實有更深的目標喔。擁有智慧的生活，可以幫你建立超棒、超興旺的人際關係。而且啊，雅各不只是說智慧對你自己有好處，智慧更是透過建立超堅固的人際連結，讓「每一個人」都能一起受益喔！

今天我們來到《雅各書》的最後幾個段落啦！這裡收集了另一組箴言，重點就放在大家要怎麼說話、怎麼使用財富，還有怎麼對上帝委身。雅各說的話，這次又像帶刺的鉤子一樣超級扎心！可是啊，如果你能忍耐一下這份刺痛，直到看清楚他的主要目標，那你就會發現，雅各的這封信，其實會從嚴厲的警告，變成一個超溫暖的大擁抱喔！

就拿雅各在《雅各書》5:12關於起誓的教導來說吧，這其實就是重複了耶穌在《馬太福音》5:37的教導喔。你可能會問，起誓到底有什麼問題啊？其實起誓往往是想利用某個人，像是說「我向上帝發誓」，或是利用某個物品，像是說「我對著《聖經》發誓」，好讓自己的話聽起來更有說服力啦。但是智慧告訴我們，要永遠說實話才對喔！一個真正有智慧的人，他說「是」就是「是」，根本不需要向上帝發誓。他們說出來的「是」跟「不是」超級真實，真實到完全不需要靠起誓來證明啦！

當大家都能用這樣的方式，帶著這麼深的真實和信任來相處的時候，耶穌的國度就擴展出去囉！有智慧的人走的那條路，可是充滿了完整跟愛的關係呢。相反地，愚昧的道路只會讓人覺得破碎又被背叛，完全沒辦法相信身邊的人到底是不是真心的。當大家都能走在智慧中，也就是住在真理裡面啦，而真理就能讓每個人都得到自由，去勇敢地信任彼此喔！

在《雅各書》的最後面，我們可以看到雅各超級看重美好又正確的人際關係，他可是把它當作屬靈健康超重要的生命線呢！雅各在《雅各書》5:13-18最後的教導裡面，特別叮嚀大家，不管現在是順境還是逆境，都要好好地彼此照顧喔！

你生病了嗎？那就趕快去找教會群體幫忙跟禱告吧！最近過得還不錯嗎？那就跟朋友們一起唱詩讚美上帝吧！大家一定要慷慨地互相幫忙喔。如果你犯罪了呢？那就要誠實地互相認罪，還要為彼此代求，這樣才能讓生命重新恢復過來啦。讓我們都充滿智慧地互相倚靠，一起去面對生活中遇到的所有事情吧！

反思問題

1. 你會怎麼總結雅各對財富的看法呢？他教大家怎麼使用資源的這些話，跟《聖經》裡其他的教導，有沒有什麼互相呼應的地方呀？

2. 雅各對話語力量的關心，到了今天還是超級實用喔！一個人的言語，會怎麼反映出他心裡的優先順序呢？我們又該怎麼透過說話，來好好地尊榮上帝呀？
"
"343","大家常說，沒有任何地方比得上自己的家。但是，如果你原本熟悉的家，突然讓你覺得像是在外流浪、被放逐，那該怎麼辦呢？今天，我們要來讀《彼得前書》。這是使徒彼得寫給西元一世紀、住在小亞細亞的外邦基督徒的信。因為他們開始跟隨這位對當地人來說很「新鮮」的上帝，結果不管走到哪裡，都惹來羅馬鄰居的猜疑和敵意。在原本熟悉的家鄉裡，這些跟隨耶穌的人，開始覺得自己好像成了四處漂泊的局外人。

所以，彼得引用了舊約聖經裡，那些有過類似經歷的古人故事來鼓勵他們。你可能會想，把古老的猶太家族故事，講給不是猶太人的基督徒聽，這樣對嗎？舊約裡的亞伯拉罕，和這群住在小亞細亞、剛信耶穌的外邦人，到底有什麼關係啊？其實，關係可大著呢！

一開始，上帝呼召亞伯拉罕，要透過他把祝福分享給全世界，就像《創世記》12:1-3說的那樣。後來，上帝把這個使命交給亞伯拉罕的後代，也就是以色列人，讓他們成為上帝「祭司的國度」和「聖潔的國民」，這記在《出埃及記》19:3-6。而現在，彼得對著這些外邦讀者說，你們就是「被揀選的一族，是君尊的祭司，是聖潔的國度」，而且「現在卻作了上帝的子民」。這是在《彼得前書》2:9-10提到的。那個古老的故事現在也是屬於你們的了，所以，讓我們好好寫下這個故事的下一章吧。

上帝的心意，一直都是要祂所揀選、聖潔的子民，向這個世界反映出祂美好的品格。所以，我們要活得像彌賽亞一樣，即使面對壓力，甚至可以說，正因為在壓力之下，我們更要這樣。我們要拒絕那些「與靈魂爭戰的肉體私慾」，並且在所有的鄰居當中，保持「好品行」。這樣做，是為了向身邊的人，包括那些對你充滿猜疑和敵意的鄰居，展現上帝的真實。好讓他們在上帝眷顧的日子，也能認識祂，把榮耀歸給上帝。這記載在《彼得前書》2:11-13。

不管你是跟隨耶穌寄居在古埃及、一世紀的羅馬，或是任何其他的國家，對鄰居那份真誠的愛，始終是上帝大家庭最核心的特徵。這是一個經歷過重重考驗、堅韌不拔，而且充滿盼望的家庭，世世代代都單單信靠著上帝。

反思問題

1. 想像你是一位外邦基督徒，正因為信仰而受苦時讀到了這封信。這封信會如何在苦難中帶給你鼓勵呢？其中哪一個部分對你來說會是最有意義的？

2. 花點時間回顧一下，耶利米對古代那些被流放到巴比倫的上帝子民說了哪些指示，可以參考《耶利米書》29章。你覺得耶利米的信和今天的經文，有哪些相似的地方呢？
"
"344","昨天我們說到，彼得提醒小亞細亞的基督徒，他們現在已經屬於一個跨越多個民族的全新大家庭了喔！今天他們還會發現，擁有這個新的家庭身分，其實也代表著加入了一份超酷的「家族事業」，也就是成為「君尊的祭司」。

彼得用了當初上帝在西奈山稱呼以色列人的話，把所有屬於耶穌的人稱為「祭司的國度」。就像你們在影片裡會看到的，祭司其實就是代表著耶穌，而且要在這世界上像耶穌一樣地治理。

像耶穌一樣地治理，意思就是要像祂一樣去愛，所以我們也會經歷和祂很像的生命過程。耶穌甘願受苦，是為了要饒恕人、大方地賜下祝福，而且藉著抵擋邪惡，為這個世界帶來真正的平安。跟隨耶穌的人，也會因為做這些事而遇到苦難。耶穌經歷了死亡，然後進入復活的生命；而跟隨祂的人，則是透過洗禮經歷了「與主同死」，接著跟彌賽亞一起進入新的生命。簡單來說，彌賽亞怎麼走，祂的子民就跟著怎麼走啦！

這對當時在小亞細亞正在受苦的基督徒來說，真的是一個好消息！因為耶穌雖然經歷了超大的痛苦，但受苦絕對不是祂的終點。彼得說，耶穌復活了，上帝為祂平反，並且將祂高舉。所以囉，當你用耶穌「君尊祭司」的身分去服事這個世界的時候，就算因此受苦甚至死亡，你也一定會和耶穌一同復活的。

抵擋邪惡確實會帶來痛苦，但受苦永遠都不會是你的結局。上帝的子民，也就是耶穌那個「祭司的國度」，會為了服事和關懷每一個人而勇敢挺身抵擋邪惡。上帝也答應要為這群人平反並且高舉他們，就像《彼得前書》5章10節說的，祂要親自成全、堅固、賜力量，並且建立他們。

一起來反思以下的問題吧：

1. 在《彼得前書》5章8節，彼得告訴讀者，他們的仇敵「如同吼叫的獅子，遍地遊行，尋找可吞吃的人」。你能想到《聖經》裡還有哪個故事，也是把邪惡形容成一隻隨時準備撲向獵物的猛獸嗎？如果需要提示，可以翻到《創世記》4章7節看看喔！你覺得彼得藉著這個經文的連結，是想教導我們關於抵擋邪惡的什麼道理呢？

2. 請默想在這封書信還有四卷《福音書》裡面，關於彼得的故事。你覺得彼得是在什麼時候，才真正認出耶穌是彌賽亞的呢？他的信仰又是怎麼一步一步成熟起來的？對於那些努力抵擋邪惡、而且願意與耶穌同行的人來說，彼得的故事帶給了我們什麼樣的盼望呢？
"
"345","想像一下這個畫面，摩西站在摩押平原，約書亞在示劍城，大衛躺在病床上快要離世，還有保羅被關在監獄裡上了鎖鏈，而現在，彼得正因為政治迫害面臨危機。你們知道這些時刻有什麼共同點嗎？其實，這些全都是聖經裡超經典的告別場景喔！

在今天的經文裡，那位曾經跟著耶穌到處走、超勇敢傳福音的門徒彼得，準備要跟我們說再見了。他寫這封信是為了讓大家永遠記住他的教導，這也跟聖經早期那些告別場景一樣，充滿了許多語重心長的警告和鼓勵。

就像那些充滿熱忱的屬靈前輩一樣，彼得苦口婆心地拜託大家，一定要對上帝保持忠心。這位從漁夫變成使徒的超強領袖，把兩條路擺在大家面前。第一條路，是緊緊抓住聖靈，讓自己的生命越來越有上帝聖潔的樣子，就像《彼得後書》1章4節說的，這會讓你的生命結出滿滿愛的果子。而另一條路，就是選擇不管這份恩典，但如果這樣選，最後在主的日子來到時，就必須面對古代先知早就警告過的上帝的審判和公義了。

在接下來的影片中你們會看到，彼得超厲害地把希伯來聖經裡關於上帝的審判，還有世界末日大清算的歷史，巧妙地編織在他的信息裡，用來警告當時教會裡那些早就腐敗的領袖。彼得說話超直接、用語超強烈，畫面感更是生動到讓人聽了會倒抽一口氣。不過啊，他這麼嚴厲其實是非常真誠的，這一切全都是因為他太愛讀信的大家，甚至愛著所有的人。因為上帝絕對會對付這個世界上每一個角落、每一個人身上的邪惡。那些選擇裝作沒看到這個事實的人，最後一定會為此付出超慘痛的代價。

回想早年在加利利海邊，耶穌可是親自把牧養羊群的任務交給了彼得。彼得真的超看重這份責任的！現在他正拼了命要趕走那些想吃羊的野狼，還要揪出牧場周圍那些可怕的陷阱，所以他絕對不可能只是溫柔地跟你輕聲細語。他正在用耶穌的真理和恩典，透過警告、教導，還有滿滿的愛來向大家道別，這就跟《彼得後書》3章18節說的一模一樣。

最後，我們來想幾個反思問題吧！

第一個問題，彼得的告別演說向上帝的子民發出了挑戰，要我們繼續在主裡不斷成長。大家想想看，在日常生活中，到底什麼樣的行為可以具體展現出德行、知識、節制、忍耐、敬虔、愛弟兄的心，還有愛大家的這份心意呢？

第二個問題，大家可以花點時間，回顧一下聖經裡幾個超經典的告別演說。像是《申命記》29到33章裡摩西最後的遺言、《約書亞記》23到24章裡約書亞的告別、《列王紀上》2章1到12節大衛的遺訓，還有保羅在《提摩太後書》4章或是《使徒行傳》20章17到38節裡的真情告白。在這些演說以及彼得的最後一封信裡，你們有注意到哪些共同的關鍵主題嗎？
"
"346","事情不是全好，就是全壞。人不是愛，就是恨。你要麼活在光明中，要麼迷失在黑暗裡。用這種絕對的語氣說話，通常沒什麼幫助，因為非黑即白的思考方式，往往會忽略掉事情裡各種細微的差異和複雜的狀況。可是，當一個小小孩追著球，跑向車水馬龍的大馬路時，我們會放聲大叫：「停下來！這會要了你的命！」而不會跟他說：「嘿，朋友，我們來分析一下去撿那顆球的優缺點吧。」

約翰的書信，正是以這種直率、非黑即白、毫不妥協的邏輯出名的。你幾乎可以聽見他大聲呼喊著：「我這麼大聲，是因為我想要你們活下去啊！」

約翰一開頭就給出了一個絕對的真理：「神就是光。」這句話非常清楚。接著他加重語氣，宣告說：那些自稱愛神，卻拒絕行在神的光中，反而選擇走在黑暗裡的人，其實就是在說謊。如果你以為可以把一點點的黑暗混進光明裡，那你就是在欺騙自己。他的話語非常直接，而且非常大聲。

然而，他同時也稱呼讀者們為「我小子們哪」，這是一個充滿溫情與憐憫的稱呼。他向大家保證，他之所以說得這麼重，只是為了要防止他們犯罪。約翰說，當你真的犯了罪，心裡害怕受到懲罰時，不要擔心，因為耶穌會作我們的挽回祭，並且在父那裡為我們作中保。在明天的進度，也就是約翰一書第三到五章裡，約翰會提醒我們，這場與耶穌同行的冒險，是為了讓我們在愛中變得完全，甚至完全到不再害怕懲罰的地步，就像約翰一書四章十八節所說的那樣。所以，約翰的話語雖然大聲，卻充滿著愛。

請看看今天的影片，體會這封有如講道般的書信背後，那份美麗與深切的關懷。對約翰來說，認識耶穌就意味著要行在光中，散發出神的愛，同時勇敢地面對我們這個世界眼前的黑暗。

反思問題

1. 約翰一書用了很多重複的字句、誇飾的說法和強烈的對比。你覺得這些修辭手法，如何強化了這封信想要傳達的信息呢？

2. 默想約翰一書開頭的幾節經文。當收信人面對那些否認耶穌是彌賽亞之人的敵意時，這些經文可以帶來什麼樣的鼓勵？根據約翰一書，有什麼證據支持耶穌復活是真實的歷史事件？
"
"347","要把聖經最核心的信息，濃縮成幾個字，這有可能嗎？或許很難。但如果非得這麼做，使徒約翰所寫下的這幾個字，或許是最貼切的，那就是：「上帝就是愛」，出自《約翰一書》4 章 8 節和 16 節。這短短一句話，點出了整本聖經故事的根基與最高潮。上帝為什麼創造世界？因為上帝愛我們。上帝為什麼差遣他的獨生子來拯救人類？因為上帝愛我們。上帝為什麼將來要使萬物更新？因為上帝愛我們，也因為，上帝本質上就是愛。

面對這位對我們充滿深切又喜悅之愛的上帝，我們該怎麼回應呢？對約翰來說，答案再明顯不過了。他在《約翰一書》4 章 7 節寫下：「親愛的弟兄啊，我們應當彼此相愛」。這裡提到的「親愛的」和「愛」，在希臘原文中都來自同一個字根，也就是大家常聽到的 agape，今天的影片會讓你對這個字有更多的認識。從約翰的角度，甚至從整本聖經來看，真正的愛，是主動捨己去祝福別人，哪怕對方是你的仇敵。這種捨己的愛，正是檢驗真實信仰最準確的試金石。

約翰告訴我們，哪裡對上帝充滿真實的信心，哪裡就會充滿著愛。一個生命中沒有愛的人，他的信仰往往也是空洞的。這話聽起來很重，但別忘了，約翰寫信的風格向來就是這麼直接、黑白分明。因為他寫信的對象，正處在一個危機當中。當時許多人離開了教會群體，甚至對留下來的弟兄姊妹充滿敵意。那些收到信的信徒心裡一定在想：難道現在是我們反擊的時候了嗎？我們該以牙還牙嗎？如果他們對我們口出惡言、嚴厲定罪，我們是不是也該狠狠地反擊回去？

「不！」約翰說。先忍受這些打擊，深吸一口氣，然後用耶穌那份充滿真理與憐憫的愛，去回應他們的炮火。我們要用光明來驅散黑暗。沒錯，無論邪惡潛伏在哪裡，不管是在這個世界裡，還是在你自己內心，我們都要與邪惡爭戰。但請記得，我們是倚靠上帝的大能來對抗邪惡。光是從上帝而來的，而上帝就是愛。所以，請用愛和光作為你的武器來爭戰，並且，把這份愛與光的強度，開到最大吧！

反思問題

1. 聖經中的上帝，不僅僅是透過耶穌來表達愛，上帝本身就是愛。身為三一真神——聖父、聖子與聖靈——他過去是、現在是，未來也永遠在三位一體的奇妙團契中，有著完美的相交與愛，他的一切心思、情感和行動，都充滿著純粹的愛。請讀一讀《約翰一書》4 章 16 節，並與《約翰福音》15 章 9 到 13 節做個比較。你注意到了哪些相似的地方呢？

2. 《約翰一書》這卷書，非常強調我們是「上帝兒女」這個重要的身分。根據《約翰一書》的教導，身為上帝的兒女，我們擁有什麼樣的祝福？又承擔著什麼樣的責任呢？
"
"348","牧師就像是教會裡的牧羊人，他們效法耶穌這位「好牧人」的榜樣，按著名字呼叫自己的每一隻羊（約翰福音10章3到11節）。這種對教會以及教會領袖那份深切又充滿個人關懷的愛，在約翰的每一封信中都表露無遺。在今天的經文中我們看到，當以弗所教會群體經歷一段艱難時期的時候，這位長老是如何用心地愛護、牧養著他的羊群。

當時那個地區的教會，最近經歷了許多人離開教會的風波，引發了不少敵意和爭議。因此，約翰寫了這些信來給予他們安慰和指引。約翰二書和約翰三書重申了約翰一書的重要主題，並且開門見山地指出教會群體正面臨的兩個主要危險：第一，是有人在教會中散播謊言、製造傷害；第二，是有人惡劣地對待弟兄姊妹。

請注意這位充滿愛的牧者，是如何在兩者之間小心翼翼地拿捏平衡。一方面，他教導跟隨耶穌的人要勇敢對付罪惡，並嚴肅看待虛謊的教導；但另一方面，他也告訴大家，做這些事的時候必須帶著愛。因為耶穌給我們最大的命令，就是要彼此相愛（約翰二書1章5到6節）。

約翰的書信交織著警告、責備、鼓勵、清楚的溝通，以及關係的維護，這些全都是牧養呼召的一部分。特別值得注意的是，這位長老在信中使用了許多充滿感情的稱呼，像是弟兄、太太、兒女、朋友、姊妹，以及親愛的。這些細節看起來也許微不足道，但組合在一起，卻傳遞出牧者對弟兄姊妹極大的關心與照顧。畢竟，耶穌自己的服事也是充滿了對每個人的關懷，而約翰正是勉勵讀者們去效法耶穌的榜樣。

儘管這些書信很簡短，也沒有新約其他書信來得那麼複雜，沒錯，我們說的就是羅馬書。但是，這些帶有鼓勵的話語卻是歷久彌新的。它們能推動每一個渴望好好照顧別人的人，去建立更深厚、更有愛的關係。

反思問題

1. 長老鼓勵該猶要熱情地接待傳道人。在聖經的其他地方，你還看過哪些鼓勵我們接待客旅的經文？這顯示出「熱情接待」對於神的子民來說，有多麼重要呢？

2. 在新約聖經的其他地方，你還看過哪些防備假教師的警告？你覺得為什麼早期的教會這麼容易受到這些假教導的威脅？約翰認為，對付這些假教師的解藥是什麼呢？"
"349","猶大說，他本來想寫一封關於救恩的信給我們，但現在有一件更重要的事情。所以他說，我寫信是為了「勸勉」你們（猶大書第3節）。接下來的話可能聽起來會有點嚴厲，像是猛烈的火一樣，但一開始的這句開場白提醒大家，他的真正目的是要建立我們，並煉淨我們的生命。

猶大首先把焦點放在那些假教師身上，因為這些人正把大家從耶穌的教導中拉走。他毫不留情地把當時那些敗壞的教師，拿來跟古代惡名昭彰的叛逆者相比，像是巴蘭、所多瑪人，還有該隱等等。

猶大巧妙地把希伯來聖經裡的故事，跟他的批評連結起來。他很清楚地在告訴大家：今天這些敗壞的領袖，就像巴蘭一樣咒詛以色列，像所多瑪一樣擁抱邪惡，像該隱一樣犯下謀殺，甚至更糟。他想讓我們看見，這些人的作法會帶來毀滅神子民的黑暗，所以，一定要離他們遠遠的。

但不只是猶大這麼說而已。彼得、保羅和約翰也都警告過同樣的事，耶穌更是警告過非常多次。這些敗壞的假教師沒有愛心，會為了自己的利益去扭曲福音，最終只會走向滅亡。所以，與其跟著他們踏上自我毀滅的叛逆之路，不如好好跟隨耶穌，邁向成熟與豐盛的生命。

鼓勵你去看看這支影片，看看猶大是如何將希伯來聖經、次經，還有其他猶太文獻的內容交織在一起，編織成一個美麗的呼召，邀請我們去愛並順服耶穌，這位在一切受造物中居首位的長兄。

反思問題

1. 在猶大書的結尾，他寫道要憐憫那些心存懷疑或信心動搖的人。請花一點時間，讀一讀約翰福音第7章5節，以及馬太福音第13章53到56節，了解猶大自己當初是怎麼信主的。你覺得，猶大為什麼會加上這段充滿牧者心腸的提醒呢？

2. 想一想猶大是如何引用耶穌和使徒們的教導，特別是他們對於假教師的那些警告。為什麼這些過去的警告，反而能帶給猶大當時的聽眾極大的安慰呢？
"
"350","恭喜你，終於讀到《啟示錄》了！真的超棒的啦！你可能會想，這卷書就是在講世界末日，對吧？

其實不完全是這樣喔。老約翰寫下這卷書，是寫給當時住在羅馬帝國亞西亞省、活生生的人們，那時他們正遭受羅馬皇帝圖密善的殘酷迫害。就像影片裡解釋的，這卷書並不是用來預測世界末日時間的秘密暗號喔。希臘文聖經把這卷書命名為「約翰的啟示」（Apokalupsis Yohannou），而「啟示」這個詞的意思，其實就是「揭開」。

約翰為我們「揭開」了上帝看世界的視角，讓讀者能從歷史最終結局的光景中，明白他們眼前正在發生的事情。約翰把他的作品稱為「預言」（見《啟示錄》1:3），這代表他傳承了以色列先知的傳統；在危機時刻，先知們常常會警告或安慰上帝的子民。先知和約翰的讀者，都屬於同一個偉大的故事，而這一切，都在耶穌的故事裡找到了圓滿的實現。

在今天的經文裡，約翰對亞西亞省的七個教會說話。他們當中，有些人漸漸遠離了耶穌，但也有些人依然堅守著信仰。當時逼迫他們背棄耶穌的壓力越來越大，所以約翰提醒大家，這樣的壓力正考驗著他們，要顯明誰才是真正倚靠上帝恩典、忠心跟隨基督到底的人。

今天這段經文所營造出來的情節張力，會推展接下來整卷《啟示錄》的故事。上帝一定會保守他的子民在痛苦中堅持到底，並承受他所賜的新世界為產業。那麼，為什麼對耶穌的忠心，會被形容成一種「得勝」呢？

繫好安全帶吧！在開頭的問候之後，令人震撼的奇特畫面就要充滿整個篇幅啦。天上的雷聲轟隆作響，星辰墜落，濃煙從宇宙的深淵中不斷湧出。《啟示錄》裡這些充滿啟示性的時刻，向我們展現了上帝的眼光，讓我們看見這個人類原本只能窺見一小部分的故事全貌。《啟示錄》提供了一趟狂野、重要，而且穿越時空的文學冒險，向我們揭示耶穌有一天將會如何用愛來征服整個世界。

反思問題

1. 默想寫給這幾間特定教會的信息。有哪些行為受到了稱讚？又有哪些行為受到了責備？這可以為後世的教會帶來什麼樣的鼓勵呢？

2. 請比較《但以理書》7:13-14，以及《啟示錄》1:12-16。這兩段經文是如何描繪人子耶穌的呢？"
"351","今天我們要離開小亞細亞，準備去天上看看囉！上帝呼召約翰來到祂的寶座前，讓他親眼見證接下來要發生的事，還有上帝會怎麼讓祂的國度降臨在地上，就像在天上一樣。

基路伯拍打著翅膀，彩虹散發著萬花筒般的色彩，再加上那些稀有寶石閃爍的光芒，這一切都還不足以形容眼前的超酷景象喔。約翰聽見眾長老的合唱聲，看見閃電劃破天際，也感覺到陣陣雷聲在胸口震動。約翰的描述借用了伊甸園的元素，像是寶石、活物和平靜的水面，然後把這些景象提升到超級輝煌的新境界。你覺得伊甸園已經很美了嗎？那就等著看那個更新的創造，看天上的國度怎麼降臨人間吧！

接著，一位天使把大家的目光轉向上帝手中的一卷書卷，這書卷被七個印緊緊封住。這書卷象徵著以色列先知的信息，也就是上帝的國度到底會怎麼完完全全地降臨在地上，如同在天上。但是這七個印實在封得太緊了，根本沒人能打開，直到約翰聽見有人有這個資格，那就是猶大支派的獅子，大衛的根。

這些都是對上帝所應許的彌賽亞君王最經典的描述，這位君王要藉著大能和爭戰來征服世界，這就是約翰親耳聽見的。

可是當他轉過身去，看見的卻不是一頭威武的獅子君王，而是一隻帶著血跡，好像被獻祭過的羔羊。這隻羔羊活生生地站在約翰面前，準備好要打開書卷。

耶穌這隻被殺的羔羊，可以說是我們明白《啟示錄》最關鍵的象徵。羔羊能夠打開書卷，代表祂有權柄引導整個歷史的發展，直到最後的成就。這隻羔羊，也就是被釘十字架的彌賽亞耶穌，竟然是透過捨棄自己的生命來救贖祂的仇敵，並且用這樣的方式來征服他們。

快來看看今天的影片，你會對猶太啟示文學豐富的特色有更多了解，這可以幫你更清楚明白約翰在《啟示錄》裡要傳達的信息喔。

反思問題

1. 上帝呼召約翰和摩西上到祂那裡去。《啟示錄》4-5章和《出埃及記》24章有什麼關聯呢？這兩個人從上帝那裡領受了什麼？

2. 約翰用啟示文學的畫面，把上帝被殺的羔羊跟聖經其他的經文連結在一起。逾越節和贖罪日，要怎麼幫助我們明白約翰在《啟示錄》5章裡所看到的畫面呢？
"
"352","在《啟示錄》6章1到8節中，當曾經被殺流血的羔羊，開始揭開上帝手中書卷的七個印的時候，就像是翻開了一本充滿噩夢的立體書喔。書裡面出現了末世的四個騎士、像惡魔一樣的蝗蟲、還有燃燒著祈禱的香爐等等。讀到這裡的時候請大家放慢腳步，仔細留意這當中跟《舊約聖經》連結的線索，你會發現非常多熟悉的畫面呢。

《啟示錄》6到16章，就像是一段超雄偉的文學交響樂。這裡記錄了上帝一連串的神聖審判，先是七個，接著又是七個，最後還有七個，總共是三組的七。在《聖經》裡面，數字七代表著完全。所以，約翰在這裡看見的啟示，其實是在告訴我們，從耶穌復活升天，一直到祂最終再來的這段期間，上帝的心意一定會完全成就喔。

在這整個段落中，約翰不斷帶我們回頭看過去的歷史。他連結了上帝過去的審判，像是世界退回混沌、瘟疫還有被擄流放的時期，就是為了要讓我們明白，他現在講的模式其實早就發生過了。同樣的循環在整個人類歷史中不斷上演。當人類陷入自我毀滅的暴力還有混亂的時候，上帝那帶來毀滅跟拆毀的審判，就會臨到那些作惡的人身上。

這三組印、號角還有金碗的審判，都重複著一種讓人覺得沉重又不安的模式。黑暗加上黑暗，暴力的循環加上暴力。不過就在這個時候，一道光芒突然劃破了黑暗！約翰看見來自各國各族的一大群人，大聲歡呼、讚美著羔羊。你可以想像這是一場多麼壯觀的交響樂嗎？想像一下，中文、西班牙語、印地語、斯瓦希里語、德語、英語、希伯來語還有希臘語等等，所有的聲音都奇妙地融合在一起，讓整個地球充滿了歡慶的歌聲呢。

在那裡，不再有眼淚，不再有飢餓，也不再有乾渴了。剩下的只有歡天喜地的歡呼聲。上帝向約翰展示了人類歷史最終的走向。這些畫面安慰了當時第一批讀到《啟示錄》的信徒，提醒他們羅馬帝國的壓迫還有所有的邪惡，總有一天會徹底結束。約翰對他們的鼓勵，同樣也是給我們的。因為每一個世代的基督徒，都緊緊抓住這個美好的盼望，那就是我們終將完全脫離一切的邪惡，得到真正的自由喔。

反思問題

1. 請比較今天經文裡關於審判的畫面，還有《馬可福音》13章7到8節。耶穌對於現在這個世代的教導，怎麼幫助你更深地理解約翰在《啟示錄》裡看到的異象呢？

2. 請比較第六個印的審判，還有《以賽亞書》裡面對「耶和華的日子」的描述。這群受到羔羊保護的百姓，怎麼幫助你明白那一天所帶來的，既是審判，同時也是拯救呢？"
"353","當耶穌開始揭開書卷的印時，象徵死亡的馬匹和熔化的星辰，竟然就從書頁中跳了出來！但這書卷上到底寫了什麼啊？今天我們就來一探究竟吧。

回想一下昨天讀到的那七個帶有警告意味的號角，每一個號角都像是超連結一樣，呼應了《出埃及記》7到11章裡的十災。但在經歷了所有的審判之後，法老王還是沒有悔改。《啟示錄》裡的列國也是一樣喔。單靠上帝的審判，並不能讓人真正回轉，所以《啟示錄》第9章最後，根本沒有半個人悔改。

到了第10章，約翰轉移了焦點，回到那由羔羊最先打開的書卷。有一位超級大能的天使，雙腿像火柱、披著雲彩、頭上還戴著彩虹；他把書卷遞給約翰，竟然叫他把書卷給吃下去！什麼？沒聽錯吧？這聽起來超不可思議的，但這其實不是聖經裡第一次有人收到吃書卷的指示喔。先知以西結也做過同樣的事，就記在《以西結書》3章1到3節。把書卷吃下去，代表著把上帝的信息完全吸收進心裡，這樣先知才能夠把它傳達給其他人。

約翰吃下並吸收了這書卷，裡面寫著一個超重要的信息：真正能打敗一切邪惡的，是羔羊，而不單單是審判。教會，也就是被那位被殺羔羊所拯救的子民，將會向列國展現上帝的國度。要怎麼展現呢？不是靠著審判或除掉敵人，而是藉著去愛他們，甚至願意為他們捨命。單靠審判做不到的事，上帝透過耶穌的跟隨者所展現出來的憐憫，卻有著讓萬國悔改的超強大能。

約翰會把這個讓人驚訝的宣告，放在整卷書的最中間，是有原因的。雖然這卷書裡充滿了有翅膀的戰士、打仗的巨龍和超盛大的婚筵，但《啟示錄》最核心的部分，其實跳動著一個簡單的信息：上帝教會的子民，可以藉著放下自己的生命，去原諒並祝福他們的敵人，用這樣的方式來效法羔羊。武力和強迫無法帶來真正的悔改，但憐憫不僅可以，而且一定做得到。

反思問題

1. 書卷裡的信息，是怎麼反映出耶穌的教導呢？這又會怎麼鼓勵那些正在面對迫害的弟兄姊妹？

2. 約翰吃下的書卷嚐起來像蜂蜜一樣甜，我們在《詩篇》119篇103節也看過對上帝話語的這種形容。在你的經驗中，上帝的話語曾經怎麼像蜂蜜一樣，為你帶來甜美與滋養呢？
"
"354","昨天我們讀到，在《但以理書》7 章裡，那隻殘暴的野獸瘋狂地殘害著耶穌的見證人。今天，牠的胃口變得更大了。這隻野獸四處獵捕上帝的子民，卻沒有發覺上帝早已經為牠設下了陷阱。你可以看看今天的影片，了解《啟示錄》後半段是怎麼描述這隻邪惡猛獸的下場，牠原本看似無人能敵、四處作惡，但最終仍徹底步向敗亡。

請注意今天的經文裡，約翰特別把焦點放在「效忠」這件事上。那些面對羅馬帝國迫害的信徒，心中越來越受到誘惑，想要背叛耶穌，拋棄看似軟弱的屬靈家人，轉而投靠看似強大的野獸。但是，這隻野獸在說謊，上帝的陷阱將會揭穿牠那虛假的力量。

這場關於效忠的戰鬥，約翰從兩個層面來描繪：一個是宇宙靈界的層面，另一個是地上的層面。靈界的衝突印證了一件事，那就是耶穌的跟隨者不是對抗血肉之軀，而是對抗那些欺騙、傷害他們的黑暗屬靈勢力。至於地上的戰鬥，則揭露了野獸其實是個招募者，不斷招攬人去參與暴力、戰爭和貪婪。牠想要人完全效忠於牠，好讓人變得跟牠一模一樣，一心只想著毀滅。

野獸甚至模仿了以色列人的「示瑪」，也就是《申命記》6 章 4 到 8 節的經文。這原本是許多人每天的禱告，他們會把經文寫在手上和額頭上，作為效忠上帝的記號；但野獸卻要求人把牠的名字寫在身體上。野獸想要奪走人對上帝的效忠，轉而完全效忠於牠。

約翰提醒大家，在選擇你要效忠的對象之前，務必仔細聆聽。他再次看見了這樣的異象：那些蒙拯救、被贖回的人，已經從野獸的手中被釋放出來，成為毫無瑕疵、無可指摘的人。他們戰勝了邪惡，被上帝醫治而恢復完整，現在，他們的額頭上印著的是羔羊的名字。

約翰發出邀請，讓我們看見上帝為野獸設下的陷阱，並顛覆我們對權力的所有刻板印象。如果選擇跟隨野獸，你現在所經歷的那些看似強大的勝利，最終都會化為塵土與死亡。但如果你選擇跟隨羔羊，你的生命將會真正地綻放，伴隨著憐憫，走向那直到永遠的勝利。

反思問題

1. 比較《創世記》3 章與《啟示錄》12 章。這兩段經文如何幫助你理解，我們所面對的邪惡其實還有一個靈界的層面？

2. 閱讀《申命記》6 章 4 到 8 節，並將它與《啟示錄》13 章裡野獸的印記做個比較。這兩段經文對於「效忠」這件事，揭示了什麼重要的意義？
"
"355","讀過上帝審判的七印和七號，這真是一趟超刺激的旅程！今天，我們來到了上帝的七個碗。你心裡可能會想：「咦，這些畫面我們是不是以前見過？」沒錯，我們確實見過。最後的這七個審判，重複了我們先前看過的畫面和舊約的連結，帶我們再次看見毀滅性的瘟疫、歡唱的詩班，還有上帝傾倒出來的憤怒。

這裡我想跟大家聊聊聖經裡提到上帝的憤怒。想像一下，如果一位爸爸或媽媽突然對著分心沒看路的小孩大吼：「停下來！」我們本能上可能會嚇一跳，覺得幹嘛不溫柔一點講呢？可是，如果那個好奇的小孩正直直地往危險的河流走去，這樣緊急的大吼就完全可以理解了。在這種情況下，父母那種爆發出來、像打雷一樣的憤怒，其實是為了救這個孩子。這能幫助我們稍微體會上帝的憤怒。當上帝面對那些殘害他子民的邪惡勢力時，他會強烈地揭露並審判邪惡；他傾倒出憤怒，不僅是對罪惡發出公義的刑罰，更是為了拯救他的子民。就像當年，他把憤怒傾倒在殘忍的埃及法老身上，為了救以色列人脫離奴隸的生活。作者約翰在這裡重複了出埃及的畫面，是為了告訴我們，耶穌就是那位新的摩西，他不只要拯救以色列人，更要拯救萬國萬邦中所有信靠他的人。

隨著《啟示錄》的故事繼續發展，約翰對《出埃及記》的連結變成了一場超酷的重新混音。過去發生在埃及的戰役，現在轉移到了哈米吉多頓。這暗示著新的故事會像舊的故事一樣，帶來一場相似卻更偉大的勝利。哈米吉多頓指的就是米吉多平原，這是一個古老的以色列戰場，大家可以參考《士師記》5章19節，或是《列王紀下》23章29節。這裡也是上帝和那些驅使列國叛逆的邪惡勢力，展開最終對決的地方。在這個宇宙級的戰場上，一條龍、一隻獸和一個假先知集結了他們的大軍，準備向上帝和他的子民開戰……至少他們自己是這麼以為的。

他們並不知道，他們聚集在這裡，其實是要面對上帝的公義審判。隨著第七個碗傾倒下來，上帝的憤怒傾瀉而出，他要永遠終結那些腐敗和暴力的邪惡，藉此來拯救他的子民。當那句「成了！」的大喊聲響起，也就是《啟示錄》16章17節所說的，而且第七個碗也被倒空的時候，大家終於可以放下心中的大石頭，好好鬆一口氣，並且開心慶祝啦！

反思問題

1. 大家可以花點時間，讀一讀《士師記》5章19節、《列王紀下》23章29節，以及《以西結書》38到39章。這些戰役如何幫助你更明白今天的經文內容呢？

2. 可以留意一下，約翰是如何將耶穌描繪成一位新的摩西，帶領他的子民經歷一次新的出埃及。在《出埃及記》7到14章的故事與今天的經文之間，你注意到了哪些相似的地方呢？這些跨越時空的連結，可以如何幫助你看見，整本聖經其實是一個完整連貫，並且最終指向耶穌的故事呢？
"
"356","昨天，我們看到上帝在一場大獲全勝的戰役中擊敗了邪惡。你可能會問，那為什麼故事還在繼續呢？我們不是已經打贏了最後一仗嗎？沒錯，但使徒約翰喜歡用重複回顧的手法來寫作。在這卷充滿震撼畫面的《啟示錄》結尾，他又繞回頭，為前面提過的三個小插曲補充細節：包含巴比倫的傾覆，也就是《啟示錄》17到18章；那場決定一切的終極之戰，記載在19到20章；以及新婦的婚宴，也就是21到22章。

在今天的經文中，巴比倫終於迎來了她的結局。這一次，她化身為一個殘暴、邪惡、妄想稱后的女人。這座具代表性的邪惡帝國就像個大淫婦，騎在獸的身上到處遊蕩，甚至因為狂飲無辜人的血而喝得醉醺醺的。巴比倫渾身閃爍著物質財富的光芒。她穿著紫色和朱紅色的華麗衣服，身上點綴著各種珠寶，手裡還拿著金杯喝酒。但你別被騙了，這個看似美麗的女人，其實會吞吃人喔！

當約翰把這個「巴比倫」和以色列古代的敵人，像是推羅和以東連結起來時，她就變成了一個像科學怪人那樣，由所有悖逆上帝的國家拼湊而成的怪物。她象徵著世界上每一個欺壓百姓的世俗政權。

到了最後，那些原本與她交易的列國，反而成了攻擊她的人。這個代表邪惡帝國的大淫婦倒下了，上帝的天使向全世界宣告了她的滅亡。試著想像一下，當黑暗和邪惡都不復存在，人類終於找到平靜的安息，也就是那種完全的平安時，天上和地上同時響起的歡呼聲，會是多麼壯觀呀！約翰筆下這份關於耶穌的啟示，正邀請我們用心默想，並在上帝的好消息裡找到真正的盼望。

反思問題

1. 約翰寫這卷書的時候，主要是寫給那些在羅馬帝國迫害下受苦的人。你覺得今天的經文，會如何鼓勵當時的基督徒呢？

2. 請比較今天的經文和《箴言》裡關於淫婦的教導，像是《箴言》7章1到27節，或者是29章3節。你認為約翰為什麼要用這樣的畫面來描繪巴比倫呢？
"
"357","綁好你的鞋帶，磨利你的寶劍吧！今天我們準備要上戰場啦，或者說，算是上戰場吧。「主的日子」是一個揭開並且清除所有邪惡的時刻，到目前為止，這個日子曾經被描繪成烈火、地震，或者是莊稼的收割。但現在，約翰把它看作是一場最終的戰役。在今天的經文裡，約翰為我們講述了這場「終結一切戰爭」的最後一戰。這是善良與邪惡、光明與黑暗、主耶穌與那獸之間的最終大對決喔。

講到戰爭，通常大家會想到流血、失去生命、戰車、長矛和刀劍。而耶穌，這位彌賽亞，也就是威武的戰士君王，祂騎著白馬，揮舞著令人敬畏的寶劍，在榮耀中降臨戰場。不過，耶穌的寶劍卻是從祂的口中出來的。這就像是一個「超連結」，把我們帶回《以賽亞書》11章4節和49章2節的畫面。讀《啟示錄》19章13節時你可以注意一下，甚至在戰鬥還沒開始之前，耶穌的衣服就已經沾滿了鮮血。這其實是在提醒我們，當耶穌為祂的仇敵而死的時候，早就已經流出了祂自己的寶血。

所以囉，約翰並沒有把「哈米吉多頓」這場大戰，看作是一場血流成河的大屠殺。相反地，耶穌這位曾經被殺的羔羊，現在是用公義的話語當作武器降臨。祂要拯救世人，並且要審判那些拒絕離開邪惡的人。透過祂的死與復活，耶穌已經對那古蛇的頭部給出了致命的一擊，這正好應驗了《創世記》3章15節最初的預言。約翰現在就是要向我們展示，那確實是決定性的一擊。耶穌在哈米吉多頓的這場得勝，為全地帶來了真正的公義與和平。

勝利是屬於主的！良善勝出了，光明勝出了，我們的主勝出了！在這最後的戰役裡，一切都會變得美好，我們的每一滴眼淚，都將被祂輕輕擦去。

反思問題

1. 試著把今天經文裡提到的最後戰役，和《但以理書》7章裡，上帝對邪惡的審判做個比較。你注意到了哪些相似的地方呢？這些畫面，又會如何帶來安慰，溫暖上帝子民的心呢？

2. 請比較《以賽亞書》11章1到9節裡，以賽亞寫給大衛後裔君王的詩歌，以及今天經文中對耶穌的描繪。你在哪裡看見了耶穌正在彰顯上帝的公義與公平呢？
"
"358","你是在創世記第一章走進聖經故事的，那時神才剛創造這個世界。在今天最後一次的閱讀中，你正站在神全新創造的門檻上。

想像一下，你光著腳走過涼爽的草地，經過一隻依偎在獅子身旁的小羊。你聽見充滿生命力的溪水潺潺流過。你正坐在果園裡吃著午餐，和神開心地聊著天。這就是最初的人類，當年住在伊甸園裡的感受。

神創造人類，原本就是要我們在花園裡與祂一起享受永恆的生命。但自從我們在創世記第三章被趕出伊甸園後，我們的心就一直渴望著回去。現在，在啟示錄最後兩章裡，這份長久以來的渴望，終於在回家的喜悅中得到了滿足。使徒約翰為他的書信寫下最後的結語，將整本聖經的脈絡與人類期盼已久的回歸家園完美地交織在一起。或者更準確地說，是那個家，親自降臨來到了我們這裡。

請看看今天的影片，你將會發現，整本聖經的故事如何一路引導我們來到這個時刻，也就是天與地最終的結合。

恭喜你完成了這個讀經計畫！願你這段時間投入的心力，成為你一生中美好的提醒：在耶穌基督裡，神已經將一切都更新了，當然也包含了你。

願你將約翰最後的祝福銘記在心：「願主耶穌的恩惠與眾人同在。」（啟示錄二十二章21節）

反思問題

1. 回想一下你在整本聖經裡讀到過的神的應許。在今天的經文中，你發現這些應許是如何實現的？還有哪些部分是你認為仍在等待完成的呢？

2. 請比較創世記第一到二章與啟示錄第二十一到二十二章。你注意到了哪些互相呼應的超連結？從聖經最開頭與最末尾的章節裡，關於神對人類的美好心意，你學到了什麼？
"
